Mon Mar 16 00:41:52 JST 2026: API error or no items. Response: {"code":16,"message":"unauthorized: missing auth token","requestId":"a87bfd7a-32af-444e-920d-50948bd68f81","details":null}
navigated to https://jp.mercari.com/search?keyword=%E3%83%9F%E3%83%A5%E3%82%A6%2025th%20psa10&order=asc&price_min=35000&sort=price&status=on_sale
Mon Mar 16 00:45:21 JST 2026: Current lowest PSA10 (Mercari) = ¥40000 (prev: none)
✅ Sent via Slack. Message ID: 1773589523.536309
Mon Mar 16 00:45:23 JST 2026: Posted to Slack: ¥40000
navigated to https://jp.mercari.com/search?keyword=%E3%83%9F%E3%83%A5%E3%82%A6%2025th%20psa10&order=asc&price_min=35000&sort=price&status=on_sale
Mon Mar 16 01:15:39 JST 2026: Current lowest PSA10 (Mercari) = ¥40000 (prev: 40000)
✅ Sent via Slack. Message ID: 1773591341.685029
Mon Mar 16 01:15:41 JST 2026: Posted to Slack: ¥40000
navigated to https://jp.mercari.com/search?keyword=%E3%83%9F%E3%83%A5%E3%82%A6%2025th%20psa10&order=asc&price_min=35000&sort=price&status=on_sale
Mon Mar 16 01:45:46 JST 2026: Current lowest PSA10 (Mercari) = ¥40000 (prev: 40000)
✅ Sent via Slack. Message ID: 1773593148.449679
Mon Mar 16 01:45:48 JST 2026: Posted to Slack: ¥40000
navigated to https://jp.mercari.com/search?keyword=%E3%83%9F%E3%83%A5%E3%82%A6%2025th%20psa10&order=asc&price_min=35000&sort=price&status=on_sale
Mon Mar 16 02:15:53 JST 2026: Current lowest PSA10 (Mercari) = ¥40000 (prev: 40000)
✅ Sent via Slack. Message ID: 1773594955.914189
Mon Mar 16 02:15:56 JST 2026: Posted to Slack: ¥40000
navigated to https://jp.mercari.com/search?keyword=%E3%83%9F%E3%83%A5%E3%82%A6%2025th%20psa10&order=asc&price_min=35000&sort=price&status=on_sale
Mon Mar 16 02:46:00 JST 2026: Current lowest PSA10 (Mercari) = ¥40000 (prev: 40000)
✅ Sent via Slack. Message ID: 1773596763.127659
Mon Mar 16 02:46:03 JST 2026: Posted to Slack: ¥40000
navigated to https://jp.mercari.com/search?keyword=%E3%83%9F%E3%83%A5%E3%82%A6%2025th%20psa10&order=asc&price_min=35000&sort=price&status=on_sale
Mon Mar 16 03:16:08 JST 2026: Current lowest PSA10 (Mercari) = ¥40000 (prev: 40000)
✅ Sent via Slack. Message ID: 1773598570.924589
Mon Mar 16 03:16:10 JST 2026: Posted to Slack: ¥40000
navigated to https://jp.mercari.com/search?keyword=%E3%83%9F%E3%83%A5%E3%82%A6%2025th%20psa10&order=asc&price_min=35000&sort=price&status=on_sale
Mon Mar 16 03:46:15 JST 2026: Current lowest PSA10 (Mercari) = ¥40000 (prev: 40000)
✅ Sent via Slack. Message ID: 1773600377.966559
Mon Mar 16 03:46:17 JST 2026: Posted to Slack: ¥40000
navigated to https://jp.mercari.com/search?keyword=%E3%83%9F%E3%83%A5%E3%82%A6%2025th%20psa10&order=asc&price_min=35000&sort=price&status=on_sale
Mon Mar 16 04:16:23 JST 2026: Current lowest PSA10 (Mercari) = ¥40000 (prev: 40000)
✅ Sent via Slack. Message ID: 1773602185.795769
Mon Mar 16 04:16:25 JST 2026: Posted to Slack: ¥40000
navigated to https://jp.mercari.com/search?keyword=%E3%83%9F%E3%83%A5%E3%82%A6%2025th%20psa10&order=asc&price_min=35000&sort=price&status=on_sale
Mon Mar 16 04:46:30 JST 2026: Current lowest PSA10 (Mercari) = ¥40000 (prev: 40000)
✅ Sent via Slack. Message ID: 1773603992.952159
Mon Mar 16 04:46:33 JST 2026: Posted to Slack: ¥40000
navigated to https://jp.mercari.com/search?keyword=%E3%83%9F%E3%83%A5%E3%82%A6%2025th%20psa10&order=asc&price_min=35000&sort=price&status=on_sale
Mon Mar 16 05:16:37 JST 2026: Current lowest PSA10 (Mercari) = ¥40000 (prev: 40000)
✅ Sent via Slack. Message ID: 1773605800.058269
Mon Mar 16 05:16:40 JST 2026: Posted to Slack: ¥40000
navigated to https://jp.mercari.com/search?keyword=%E3%83%9F%E3%83%A5%E3%82%A6%2025th%20psa10&order=asc&price_min=35000&sort=price&status=on_sale
Mon Mar 16 05:46:44 JST 2026: Current lowest PSA10 (Mercari) = ¥40000 (prev: 40000)
✅ Sent via Slack. Message ID: 1773607607.431659
Mon Mar 16 05:46:47 JST 2026: Posted to Slack: ¥40000
navigated to https://jp.mercari.com/search?keyword=%E3%83%9F%E3%83%A5%E3%82%A6%2025th%20psa10&order=asc&price_min=35000&sort=price&status=on_sale
Mon Mar 16 06:16:52 JST 2026: Current lowest PSA10 (Mercari) = ¥40000 (prev: 40000)
✅ Sent via Slack. Message ID: 1773609415.085229
Mon Mar 16 06:16:55 JST 2026: Posted to Slack: ¥40000
navigated to https://jp.mercari.com/search?keyword=%E3%83%9F%E3%83%A5%E3%82%A6%2025th%20psa10&order=asc&price_min=35000&sort=price&status=on_sale
Mon Mar 16 06:46:59 JST 2026: Current lowest PSA10 (Mercari) = ¥40000 (prev: 40000)
✅ Sent via Slack. Message ID: 1773611222.261969
Mon Mar 16 06:47:02 JST 2026: Posted to Slack: ¥40000
navigated to https://jp.mercari.com/search?keyword=%E3%83%9F%E3%83%A5%E3%82%A6%2025th%20psa10&order=asc&price_min=35000&sort=price&status=on_sale
Mon Mar 16 07:17:06 JST 2026: Current lowest PSA10 (Mercari) = ¥40000 (prev: 40000)
✅ Sent via Slack. Message ID: 1773613028.901669
Mon Mar 16 07:17:09 JST 2026: Posted to Slack: ¥40000
navigated to https://jp.mercari.com/search?keyword=%E3%83%9F%E3%83%A5%E3%82%A6%2025th%20psa10&order=asc&price_min=35000&sort=price&status=on_sale
Mon Mar 16 07:47:13 JST 2026: Current lowest PSA10 (Mercari) = ¥40000 (prev: 40000)
✅ Sent via Slack. Message ID: 1773614836.064539
Mon Mar 16 07:47:16 JST 2026: Posted to Slack: ¥40000
navigated to https://jp.mercari.com/search?keyword=%E3%83%9F%E3%83%A5%E3%82%A6%2025th%20psa10&order=asc&price_min=35000&sort=price&status=on_sale
Mon Mar 16 08:17:21 JST 2026: Current lowest PSA10 (Mercari) = ¥40000 (prev: 40000)
✅ Sent via Slack. Message ID: 1773616643.435509
Mon Mar 16 08:17:23 JST 2026: Posted to Slack: ¥40000
navigated to https://jp.mercari.com/search?keyword=%E3%83%9F%E3%83%A5%E3%82%A6%2025th%20psa10&order=asc&price_min=35000&sort=price&status=on_sale
Mon Mar 16 08:47:28 JST 2026: Current lowest PSA10 (Mercari) = ¥40000 (prev: 40000)
✅ Sent via Slack. Message ID: 1773618450.814839
Mon Mar 16 08:47:30 JST 2026: Posted to Slack: ¥40000
navigated to https://jp.mercari.com/search?keyword=%E3%83%9F%E3%83%A5%E3%82%A6%2025th%20psa10&order=asc&price_min=35000&sort=price&status=on_sale
Mon Mar 16 09:17:35 JST 2026: Current lowest PSA10 (Mercari) = ¥40000 (prev: 40000)
✅ Sent via Slack. Message ID: 1773620258.092109
Mon Mar 16 09:17:38 JST 2026: Posted to Slack: ¥40000
navigated to https://jp.mercari.com/search?keyword=%E3%83%9F%E3%83%A5%E3%82%A6%2025th%20psa10&order=asc&price_min=35000&sort=price&status=on_sale
Mon Mar 16 09:47:42 JST 2026: Current lowest PSA10 (Mercari) = ¥40000 (prev: 40000)
✅ Sent via Slack. Message ID: 1773622064.880789
Mon Mar 16 09:47:45 JST 2026: Posted to Slack: ¥40000
navigated to https://jp.mercari.com/search?keyword=%E3%83%9F%E3%83%A5%E3%82%A6%2025th%20psa10&order=asc&price_min=35000&sort=price&status=on_sale
Mon Mar 16 10:17:49 JST 2026: Current lowest PSA10 (Mercari) = ¥40000 (prev: 40000)
✅ Sent via Slack. Message ID: 1773623871.462799
Mon Mar 16 10:17:51 JST 2026: Posted to Slack: ¥40000
navigated to https://jp.mercari.com/search?keyword=%E3%83%9F%E3%83%A5%E3%82%A6%2025th%20psa10&order=asc&price_min=35000&sort=price&status=on_sale
Mon Mar 16 10:47:56 JST 2026: Current lowest PSA10 (Mercari) = ¥40000 (prev: 40000)
✅ Sent via Slack. Message ID: 1773625678.303519
Mon Mar 16 10:47:58 JST 2026: Posted to Slack: ¥40000
navigated to https://jp.mercari.com/search?keyword=%E3%83%9F%E3%83%A5%E3%82%A6%2025th%20psa10&order=asc&price_min=35000&sort=price&status=on_sale
Mon Mar 16 11:18:03 JST 2026: Current lowest PSA10 (Mercari) = ¥40000 (prev: 40000)
✅ Sent via Slack. Message ID: 1773627486.456159
Mon Mar 16 11:18:06 JST 2026: Posted to Slack: ¥40000
navigated to https://jp.mercari.com/search?keyword=%E3%83%9F%E3%83%A5%E3%82%A6%2025th%20psa10&order=asc&price_min=35000&sort=price&status=on_sale
Mon Mar 16 11:48:10 JST 2026: Current lowest PSA10 (Mercari) = ¥40000 (prev: 40000)
✅ Sent via Slack. Message ID: 1773629293.221919
Mon Mar 16 11:48:13 JST 2026: Posted to Slack: ¥40000
navigated to https://jp.mercari.com/search?keyword=%E3%83%9F%E3%83%A5%E3%82%A6%2025th%20psa10&order=asc&price_min=35000&sort=price&status=on_sale
Mon Mar 16 12:18:18 JST 2026: Current lowest PSA10 (Mercari) = ¥40000 (prev: 40000)
✅ Sent via Slack. Message ID: 1773631100.754019
Mon Mar 16 12:18:20 JST 2026: Posted to Slack: ¥40000
navigated to https://jp.mercari.com/search?keyword=%E3%83%9F%E3%83%A5%E3%82%A6%2025th%20psa10&order=asc&price_min=35000&sort=price&status=on_sale
Mon Mar 16 12:48:25 JST 2026: Current lowest PSA10 (Mercari) = ¥40000 (prev: 40000)
✅ Sent via Slack. Message ID: 1773632908.213819
Mon Mar 16 12:48:28 JST 2026: Posted to Slack: ¥40000
navigated to https://jp.mercari.com/search?keyword=%E3%83%9F%E3%83%A5%E3%82%A6%2025th%20psa10&order=asc&price_min=35000&sort=price&status=on_sale
Mon Mar 16 13:18:33 JST 2026: Current lowest PSA10 (Mercari) = ¥40000 (prev: 40000)
✅ Sent via Slack. Message ID: 1773634715.644919
Mon Mar 16 13:18:35 JST 2026: Posted to Slack: ¥40000
navigated to https://jp.mercari.com/search?keyword=%E3%83%9F%E3%83%A5%E3%82%A6%2025th%20psa10&order=asc&price_min=35000&sort=price&status=on_sale
Mon Mar 16 13:48:40 JST 2026: Current lowest PSA10 (Mercari) = ¥40000 (prev: 40000)
✅ Sent via Slack. Message ID: 1773636522.470919
Mon Mar 16 13:48:42 JST 2026: Posted to Slack: ¥40000
navigated to https://jp.mercari.com/search?keyword=%E3%83%9F%E3%83%A5%E3%82%A6%2025th%20psa10&order=asc&price_min=35000&sort=price&status=on_sale
Mon Mar 16 14:18:48 JST 2026: Current lowest PSA10 (Mercari) = ¥40000 (prev: 40000)
✅ Sent via Slack. Message ID: 1773638330.352659
Mon Mar 16 14:18:50 JST 2026: Posted to Slack: ¥40000
navigated to https://jp.mercari.com/search?keyword=%E3%83%9F%E3%83%A5%E3%82%A6%2025th%20psa10&order=asc&price_min=35000&sort=price&status=on_sale
Mon Mar 16 14:48:55 JST 2026: Current lowest PSA10 (Mercari) = ¥40000 (prev: 40000)
✅ Sent via Slack. Message ID: 1773640137.548869
Mon Mar 16 14:48:57 JST 2026: Posted to Slack: ¥40000
navigated to https://jp.mercari.com/search?keyword=%E3%83%9F%E3%83%A5%E3%82%A6%2025th%20psa10&order=asc&price_min=35000&sort=price&status=on_sale
Mon Mar 16 15:19:02 JST 2026: Current lowest PSA10 (Mercari) = ¥40000 (prev: 40000)
✅ Sent via Slack. Message ID: 1773641945.283629
Mon Mar 16 15:19:05 JST 2026: Posted to Slack: ¥40000
navigated to https://jp.mercari.com/search?keyword=%E3%83%9F%E3%83%A5%E3%82%A6%2025th%20psa10&order=asc&price_min=35000&sort=price&status=on_sale
Mon Mar 16 15:49:11 JST 2026: Current lowest PSA10 (Mercari) = ¥40000 (prev: 40000)
✅ Sent via Slack. Message ID: 1773643753.375879
Mon Mar 16 15:49:13 JST 2026: Posted to Slack: ¥40000
navigated to https://jp.mercari.com/search?keyword=%E3%83%9F%E3%83%A5%E3%82%A6%2025th%20psa10&order=asc&price_min=35000&sort=price&status=on_sale
Mon Mar 16 16:19:18 JST 2026: Current lowest PSA10 (Mercari) = ¥40000 (prev: 40000)
✅ Sent via Slack. Message ID: 1773645569.363389
Mon Mar 16 16:19:29 JST 2026: Posted to Slack: ¥40000
navigated to https://jp.mercari.com/search?keyword=%E3%83%9F%E3%83%A5%E3%82%A6%2025th%20psa10&order=asc&price_min=35000&sort=price&status=on_sale
Mon Mar 16 16:49:34 JST 2026: Current lowest PSA10 (Mercari) = ¥40000 (prev: 40000)
✅ Sent via Slack. Message ID: 1773647376.843749
Mon Mar 16 16:49:36 JST 2026: Posted to Slack: ¥40000
navigated to https://jp.mercari.com/search?keyword=%E3%83%9F%E3%83%A5%E3%82%A6%2025th%20psa10&order=asc&price_min=35000&sort=price&status=on_sale
Mon Mar 16 17:19:42 JST 2026: Current lowest PSA10 (Mercari) = ¥40000 (prev: 40000)
✅ Sent via Slack. Message ID: 1773649184.150389
Mon Mar 16 17:19:44 JST 2026: Posted to Slack: ¥40000
navigated to https://jp.mercari.com/search?keyword=%E3%83%9F%E3%83%A5%E3%82%A6%2025th%20psa10&order=asc&price_min=35000&sort=price&status=on_sale
Mon Mar 16 17:49:49 JST 2026: Current lowest PSA10 (Mercari) = ¥40000 (prev: 40000)
✅ Sent via Slack. Message ID: 1773650991.623659
Mon Mar 16 17:49:51 JST 2026: Posted to Slack: ¥40000
navigated to https://jp.mercari.com/search?keyword=%E3%83%9F%E3%83%A5%E3%82%A6%2025th%20psa10&order=asc&price_min=35000&sort=price&status=on_sale
Mon Mar 16 18:19:56 JST 2026: Current lowest PSA10 (Mercari) = ¥40300 (prev: 40000)
✅ Sent via Slack. Message ID: 1773652799.347989
Mon Mar 16 18:19:59 JST 2026: Posted to Slack: ¥40300
navigated to https://jp.mercari.com/search?keyword=%E3%83%9F%E3%83%A5%E3%82%A6%2025th%20psa10&order=asc&price_min=35000&sort=price&status=on_sale
Mon Mar 16 18:50:03 JST 2026: Current lowest PSA10 (Mercari) = ¥40300 (prev: 40300)
✅ Sent via Slack. Message ID: 1773654605.986629
Mon Mar 16 18:50:06 JST 2026: Posted to Slack: ¥40300
navigated to https://jp.mercari.com/search?keyword=%E3%83%9F%E3%83%A5%E3%82%A6%2025th%20psa10&order=asc&price_min=35000&sort=price&status=on_sale
Mon Mar 16 19:20:11 JST 2026: Current lowest PSA10 (Mercari) = ¥40300 (prev: 40300)
✅ Sent via Slack. Message ID: 1773656413.403469
Mon Mar 16 19:20:13 JST 2026: Posted to Slack: ¥40300
navigated to https://jp.mercari.com/search?keyword=%E3%83%9F%E3%83%A5%E3%82%A6%2025th%20psa10&order=asc&price_min=35000&sort=price&status=on_sale
Mon Mar 16 19:50:18 JST 2026: Current lowest PSA10 (Mercari) = ¥40300 (prev: 40300)
✅ Sent via Slack. Message ID: 1773658220.361959
Mon Mar 16 19:50:20 JST 2026: Posted to Slack: ¥40300
navigated to https://jp.mercari.com/search?keyword=%E3%83%9F%E3%83%A5%E3%82%A6%2025th%20psa10&order=asc&price_min=35000&sort=price&status=on_sale
Mon Mar 16 20:20:24 JST 2026: Current lowest PSA10 (Mercari) = ¥41990 (prev: 40300)
✅ Sent via Slack. Message ID: 1773660027.175079
Mon Mar 16 20:20:27 JST 2026: Posted to Slack: ¥41990
navigated to https://jp.mercari.com/search?keyword=%E3%83%9F%E3%83%A5%E3%82%A6%2025th%20psa10&order=asc&price_min=35000&sort=price&status=on_sale
Mon Mar 16 20:50:29 JST 2026: Current lowest PSA10 (Mercari) = ¥41990 (prev: 41990)
✅ Sent via Slack. Message ID: 1773661834.001769
Mon Mar 16 20:50:32 JST 2026: Posted to Slack: ¥41990
navigated to https://jp.mercari.com/search?keyword=%E3%83%9F%E3%83%A5%E3%82%A6%2025th%20psa10&order=asc&price_min=35000&sort=price&status=on_sale
Mon Mar 16 21:20:39 JST 2026: Current lowest PSA10 (Mercari) = ¥41990 (prev: 41990)
✅ Sent via Slack. Message ID: 1773663641.913049
Mon Mar 16 21:20:42 JST 2026: Posted to Slack: ¥41990
navigated to https://jp.mercari.com/search?keyword=%E3%83%9F%E3%83%A5%E3%82%A6%2025th%20psa10&order=asc&price_min=35000&sort=price&status=on_sale
Mon Mar 16 21:50:47 JST 2026: Current lowest PSA10 (Mercari) = ¥41990 (prev: 41990)
✅ Sent via Slack. Message ID: 1773665449.841559
Mon Mar 16 21:50:50 JST 2026: Posted to Slack: ¥41990
navigated to https://jp.mercari.com/search?keyword=%E3%83%9F%E3%83%A5%E3%82%A6%2025th%20psa10&order=asc&price_min=35000&sort=price&status=on_sale
Mon Mar 16 22:20:54 JST 2026: Current lowest PSA10 (Mercari) = ¥41990 (prev: 41990)
✅ Sent via Slack. Message ID: 1773667256.808759
Mon Mar 16 22:20:56 JST 2026: Posted to Slack: ¥41990
navigated to https://jp.mercari.com/search?keyword=%E3%83%9F%E3%83%A5%E3%82%A6%2025th%20psa10&order=asc&price_min=35000&sort=price&status=on_sale
Mon Mar 16 22:51:01 JST 2026: Current lowest PSA10 (Mercari) = ¥41990 (prev: 41990)
✅ Sent via Slack. Message ID: 1773669064.839429
Mon Mar 16 22:51:05 JST 2026: Posted to Slack: ¥41990
navigated to https://jp.mercari.com/search?keyword=%E3%83%9F%E3%83%A5%E3%82%A6%2025th%20psa10&order=asc&price_min=35000&sort=price&status=on_sale
Mon Mar 16 23:21:11 JST 2026: Current lowest PSA10 (Mercari) = ¥41990 (prev: 41990)
✅ Sent via Slack. Message ID: 1773670874.054489
Mon Mar 16 23:21:14 JST 2026: Posted to Slack: ¥41990
navigated to https://jp.mercari.com/search?keyword=%E3%83%9F%E3%83%A5%E3%82%A6%2025th%20psa10&order=asc&price_min=35000&sort=price&status=on_sale
Mon Mar 16 23:51:19 JST 2026: Current lowest PSA10 (Mercari) = ¥41990 (prev: 41990)
✅ Sent via Slack. Message ID: 1773672681.375929
Mon Mar 16 23:51:21 JST 2026: Posted to Slack: ¥41990
navigated to https://jp.mercari.com/search?keyword=%E3%83%9F%E3%83%A5%E3%82%A6%2025th%20psa10&order=asc&price_min=35000&sort=price&status=on_sale
Tue Mar 17 00:21:27 JST 2026: Current lowest PSA10 (Mercari) = ¥41990 (prev: 41990)
✅ Sent via Slack. Message ID: 1773674489.231019
Tue Mar 17 00:21:29 JST 2026: Posted to Slack: ¥41990
navigated to https://jp.mercari.com/search?keyword=%E3%83%9F%E3%83%A5%E3%82%A6%2025th%20psa10&order=asc&price_min=35000&sort=price&status=on_sale
Tue Mar 17 00:51:34 JST 2026: Current lowest PSA10 (Mercari) = ¥41990 (prev: 41990)
✅ Sent via Slack. Message ID: 1773676296.919239
Tue Mar 17 00:51:37 JST 2026: Posted to Slack: ¥41990
navigated to https://jp.mercari.com/search?keyword=%E3%83%9F%E3%83%A5%E3%82%A6%2025th%20psa10&order=asc&price_min=35000&sort=price&status=on_sale
Tue Mar 17 01:21:42 JST 2026: Current lowest PSA10 (Mercari) = ¥41990 (prev: 41990)
✅ Sent via Slack. Message ID: 1773678105.057159
Tue Mar 17 01:21:45 JST 2026: Posted to Slack: ¥41990
navigated to https://jp.mercari.com/search?keyword=%E3%83%9F%E3%83%A5%E3%82%A6%2025th%20psa10&order=asc&price_min=35000&sort=price&status=on_sale
Tue Mar 17 01:51:50 JST 2026: Current lowest PSA10 (Mercari) = ¥41990 (prev: 41990)
✅ Sent via Slack. Message ID: 1773679913.178779
Tue Mar 17 01:51:53 JST 2026: Posted to Slack: ¥41990
navigated to https://jp.mercari.com/search?keyword=%E3%83%9F%E3%83%A5%E3%82%A6%2025th%20psa10&order=asc&price_min=35000&sort=price&status=on_sale
Tue Mar 17 02:21:58 JST 2026: Current lowest PSA10 (Mercari) = ¥41990 (prev: 41990)
✅ Sent via Slack. Message ID: 1773681720.423699
Tue Mar 17 02:22:00 JST 2026: Posted to Slack: ¥41990
navigated to https://jp.mercari.com/search?keyword=%E3%83%9F%E3%83%A5%E3%82%A6%2025th%20psa10&order=asc&price_min=35000&sort=price&status=on_sale
Tue Mar 17 02:52:05 JST 2026: Current lowest PSA10 (Mercari) = ¥41990 (prev: 41990)
✅ Sent via Slack. Message ID: 1773683527.965259
Tue Mar 17 02:52:08 JST 2026: Posted to Slack: ¥41990
navigated to https://jp.mercari.com/search?keyword=%E3%83%9F%E3%83%A5%E3%82%A6%2025th%20psa10&order=asc&price_min=35000&sort=price&status=on_sale
Tue Mar 17 03:22:14 JST 2026: Current lowest PSA10 (Mercari) = ¥41990 (prev: 41990)
✅ Sent via Slack. Message ID: 1773685337.188909
Tue Mar 17 03:22:17 JST 2026: Posted to Slack: ¥41990
navigated to https://jp.mercari.com/search?keyword=%E3%83%9F%E3%83%A5%E3%82%A6%2025th%20psa10&order=asc&price_min=35000&sort=price&status=on_sale
Tue Mar 17 03:52:22 JST 2026: Current lowest PSA10 (Mercari) = ¥41990 (prev: 41990)
✅ Sent via Slack. Message ID: 1773687144.898229
Tue Mar 17 03:52:25 JST 2026: Posted to Slack: ¥41990
navigated to https://jp.mercari.com/search?keyword=%E3%83%9F%E3%83%A5%E3%82%A6%2025th%20psa10&order=asc&price_min=35000&sort=price&status=on_sale
Tue Mar 17 04:22:30 JST 2026: Current lowest PSA10 (Mercari) = ¥41990 (prev: 41990)
✅ Sent via Slack. Message ID: 1773688952.954949
Tue Mar 17 04:22:33 JST 2026: Posted to Slack: ¥41990
navigated to https://jp.mercari.com/search?keyword=%E3%83%9F%E3%83%A5%E3%82%A6%2025th%20psa10&order=asc&price_min=35000&sort=price&status=on_sale
Tue Mar 17 04:52:38 JST 2026: Current lowest PSA10 (Mercari) = ¥41990 (prev: 41990)
✅ Sent via Slack. Message ID: 1773690760.807669
Tue Mar 17 04:52:40 JST 2026: Posted to Slack: ¥41990
navigated to https://jp.mercari.com/search?keyword=%E3%83%9F%E3%83%A5%E3%82%A6%2025th%20psa10&order=asc&price_min=35000&sort=price&status=on_sale
Tue Mar 17 05:22:46 JST 2026: Current lowest PSA10 (Mercari) = ¥41990 (prev: 41990)
✅ Sent via Slack. Message ID: 1773692568.661979
Tue Mar 17 05:22:48 JST 2026: Posted to Slack: ¥41990
navigated to https://jp.mercari.com/search?keyword=%E3%83%9F%E3%83%A5%E3%82%A6%2025th%20psa10&order=asc&price_min=35000&sort=price&status=on_sale
Tue Mar 17 05:52:53 JST 2026: Current lowest PSA10 (Mercari) = ¥41990 (prev: 41990)
✅ Sent via Slack. Message ID: 1773694376.111199
Tue Mar 17 05:52:56 JST 2026: Posted to Slack: ¥41990
navigated to https://jp.mercari.com/search?keyword=%E3%83%9F%E3%83%A5%E3%82%A6%2025th%20psa10&order=asc&price_min=35000&sort=price&status=on_sale
Tue Mar 17 06:23:02 JST 2026: Current lowest PSA10 (Mercari) = ¥41990 (prev: 41990)
✅ Sent via Slack. Message ID: 1773696184.380849
Tue Mar 17 06:23:04 JST 2026: Posted to Slack: ¥41990
navigated to https://jp.mercari.com/search?keyword=%E3%83%9F%E3%83%A5%E3%82%A6%2025th%20psa10&order=asc&price_min=35000&sort=price&status=on_sale
Tue Mar 17 06:53:09 JST 2026: Current lowest PSA10 (Mercari) = ¥41990 (prev: 41990)
✅ Sent via Slack. Message ID: 1773697991.647669
Tue Mar 17 06:53:11 JST 2026: Posted to Slack: ¥41990
navigated to https://jp.mercari.com/search?keyword=%E3%83%9F%E3%83%A5%E3%82%A6%2025th%20psa10&order=asc&price_min=35000&sort=price&status=on_sale
Tue Mar 17 07:23:17 JST 2026: Current lowest PSA10 (Mercari) = ¥41990 (prev: 41990)
✅ Sent via Slack. Message ID: 1773699799.614789
Tue Mar 17 07:23:19 JST 2026: Posted to Slack: ¥41990
navigated to https://jp.mercari.com/search?keyword=%E3%83%9F%E3%83%A5%E3%82%A6%2025th%20psa10&order=asc&price_min=35000&sort=price&status=on_sale
Tue Mar 17 07:53:25 JST 2026: Current lowest PSA10 (Mercari) = ¥41990 (prev: 41990)
✅ Sent via Slack. Message ID: 1773701607.376359
Tue Mar 17 07:53:27 JST 2026: Posted to Slack: ¥41990
navigated to https://jp.mercari.com/search?keyword=%E3%83%9F%E3%83%A5%E3%82%A6%2025th%20psa10&order=asc&price_min=35000&sort=price&status=on_sale
Tue Mar 17 08:23:33 JST 2026: Current lowest PSA10 (Mercari) = ¥41990 (prev: 41990)
✅ Sent via Slack. Message ID: 1773703415.457569
Tue Mar 17 08:23:35 JST 2026: Posted to Slack: ¥41990
navigated to https://jp.mercari.com/search?keyword=%E3%83%9F%E3%83%A5%E3%82%A6%2025th%20psa10&order=asc&price_min=35000&sort=price&status=on_sale
Tue Mar 17 08:53:40 JST 2026: Current lowest PSA10 (Mercari) = ¥41990 (prev: 41990)
✅ Sent via Slack. Message ID: 1773705223.047699
Tue Mar 17 08:53:43 JST 2026: Posted to Slack: ¥41990
navigated to https://jp.mercari.com/search?keyword=%E3%83%9F%E3%83%A5%E3%82%A6%2025th%20psa10&order=asc&price_min=35000&sort=price&status=on_sale
Tue Mar 17 09:23:48 JST 2026: Current lowest PSA10 (Mercari) = ¥41990 (prev: 41990)
✅ Sent via Slack. Message ID: 1773707030.397549
Tue Mar 17 09:23:50 JST 2026: Posted to Slack: ¥41990
navigated to https://jp.mercari.com/search?keyword=%E3%83%9F%E3%83%A5%E3%82%A6%2025th%20psa10&order=asc&price_min=35000&sort=price&status=on_sale
Tue Mar 17 09:53:55 JST 2026: Current lowest PSA10 (Mercari) = ¥41990 (prev: 41990)
✅ Sent via Slack. Message ID: 1773708837.627019
Tue Mar 17 09:53:57 JST 2026: Posted to Slack: ¥41990
navigated to https://jp.mercari.com/search?keyword=%E3%83%9F%E3%83%A5%E3%82%A6%2025th%20psa10&order=asc&price_min=35000&sort=price&status=on_sale
Tue Mar 17 10:24:02 JST 2026: Current lowest PSA10 (Mercari) = ¥41990 (prev: 41990)
✅ Sent via Slack. Message ID: 1773710644.969069
Tue Mar 17 10:24:05 JST 2026: Posted to Slack: ¥41990
navigated to https://jp.mercari.com/search?keyword=%E3%83%9F%E3%83%A5%E3%82%A6%2025th%20psa10&order=asc&price_min=35000&sort=price&status=on_sale
Tue Mar 17 10:54:10 JST 2026: Current lowest PSA10 (Mercari) = ¥41990 (prev: 41990)
✅ Sent via Slack. Message ID: 1773712452.350689
Tue Mar 17 10:54:12 JST 2026: Posted to Slack: ¥41990
navigated to https://jp.mercari.com/search?keyword=%E3%83%9F%E3%83%A5%E3%82%A6%2025th%20psa10&order=asc&price_min=35000&sort=price&status=on_sale
Tue Mar 17 11:24:17 JST 2026: Current lowest PSA10 (Mercari) = ¥41990 (prev: 41990)
✅ Sent via Slack. Message ID: 1773714259.722659
Tue Mar 17 11:24:19 JST 2026: Posted to Slack: ¥41990
navigated to https://jp.mercari.com/search?keyword=%E3%83%9F%E3%83%A5%E3%82%A6%2025th%20psa10&order=asc&price_min=35000&sort=price&status=on_sale
Tue Mar 17 11:54:24 JST 2026: Current lowest PSA10 (Mercari) = ¥41990 (prev: 41990)
✅ Sent via Slack. Message ID: 1773716066.795159
Tue Mar 17 11:54:26 JST 2026: Posted to Slack: ¥41990
navigated to https://jp.mercari.com/search?keyword=%E3%83%9F%E3%83%A5%E3%82%A6%2025th%20psa10&order=asc&price_min=35000&sort=price&status=on_sale
Tue Mar 17 12:24:32 JST 2026: Current lowest PSA10 (Mercari) = ¥41990 (prev: 41990)
✅ Sent via Slack. Message ID: 1773717875.057369
Tue Mar 17 12:24:35 JST 2026: Posted to Slack: ¥41990
navigated to https://jp.mercari.com/search?keyword=%E3%83%9F%E3%83%A5%E3%82%A6%2025th%20psa10&order=asc&price_min=35000&sort=price&status=on_sale
Tue Mar 17 12:54:40 JST 2026: Current lowest PSA10 (Mercari) = ¥41990 (prev: 41990)
✅ Sent via Slack. Message ID: 1773719682.531109
Tue Mar 17 12:54:42 JST 2026: Posted to Slack: ¥41990
navigated to https://jp.mercari.com/search?keyword=%E3%83%9F%E3%83%A5%E3%82%A6%2025th%20psa10&order=asc&price_min=35000&sort=price&status=on_sale
Tue Mar 17 13:24:47 JST 2026: Current lowest PSA10 (Mercari) = ¥41990 (prev: 41990)
✅ Sent via Slack. Message ID: 1773721489.772309
Tue Mar 17 13:24:49 JST 2026: Posted to Slack: ¥41990
navigated to https://jp.mercari.com/search?keyword=%E3%83%9F%E3%83%A5%E3%82%A6%2025th%20psa10&order=asc&price_min=35000&sort=price&status=on_sale
Tue Mar 17 13:54:54 JST 2026: Current lowest PSA10 (Mercari) = ¥41990 (prev: 41990)
✅ Sent via Slack. Message ID: 1773723296.948279
Tue Mar 17 13:54:57 JST 2026: Posted to Slack: ¥41990
navigated to https://jp.mercari.com/search?keyword=%E3%83%9F%E3%83%A5%E3%82%A6%2025th%20psa10&order=asc&price_min=35000&sort=price&status=on_sale
Tue Mar 17 14:25:01 JST 2026: Current lowest PSA10 (Mercari) = ¥43000 (prev: 41990)
✅ Sent via Slack. Message ID: 1773725103.870439
Tue Mar 17 14:25:04 JST 2026: Posted to Slack: ¥43000
navigated to https://jp.mercari.com/search?keyword=%E3%83%9F%E3%83%A5%E3%82%A6%2025th%20psa10&order=asc&price_min=35000&sort=price&status=on_sale
Tue Mar 17 14:55:08 JST 2026: Current lowest PSA10 (Mercari) = ¥43000 (prev: 43000)
✅ Sent via Slack. Message ID: 1773726910.818159
Tue Mar 17 14:55:10 JST 2026: Posted to Slack: ¥43000
navigated to https://jp.mercari.com/search?keyword=%E3%83%9F%E3%83%A5%E3%82%A6%2025th%20psa10&order=asc&price_min=35000&sort=price&status=on_sale
Tue Mar 17 15:25:16 JST 2026: Current lowest PSA10 (Mercari) = ¥43000 (prev: 43000)
✅ Sent via Slack. Message ID: 1773728718.380179
Tue Mar 17 15:25:18 JST 2026: Posted to Slack: ¥43000
navigated to https://jp.mercari.com/search?keyword=%E3%83%9F%E3%83%A5%E3%82%A6%2025th%20psa10&order=asc&price_min=35000&sort=price&status=on_sale
Tue Mar 17 15:55:23 JST 2026: Current lowest PSA10 (Mercari) = ¥43000 (prev: 43000)
✅ Sent via Slack. Message ID: 1773730525.328269
Tue Mar 17 15:55:25 JST 2026: Posted to Slack: ¥43000
navigated to https://jp.mercari.com/search?keyword=%E3%83%9F%E3%83%A5%E3%82%A6%2025th%20psa10&order=asc&price_min=35000&sort=price&status=on_sale
Tue Mar 17 16:25:30 JST 2026: Current lowest PSA10 (Mercari) = ¥44000 (prev: 43000)
✅ Sent via Slack. Message ID: 1773732332.510299
Tue Mar 17 16:25:32 JST 2026: Posted to Slack: ¥44000
navigated to https://jp.mercari.com/search?keyword=%E3%83%9F%E3%83%A5%E3%82%A6%2025th%20psa10&order=asc&price_min=35000&sort=price&status=on_sale
Tue Mar 17 16:55:36 JST 2026: Current lowest PSA10 (Mercari) = ¥44000 (prev: 44000)
✅ Sent via Slack. Message ID: 1773734139.309929
Tue Mar 17 16:55:39 JST 2026: Posted to Slack: ¥44000
navigated to https://jp.mercari.com/search?keyword=%E3%83%9F%E3%83%A5%E3%82%A6%2025th%20psa10&order=asc&price_min=35000&sort=price&status=on_sale
Tue Mar 17 17:25:44 JST 2026: Current lowest PSA10 (Mercari) = ¥45000 (prev: 44000)
✅ Sent via Slack. Message ID: 1773735946.949569
Tue Mar 17 17:25:47 JST 2026: Posted to Slack: ¥45000
navigated to https://jp.mercari.com/search?keyword=%E3%83%9F%E3%83%A5%E3%82%A6%2025th%20psa10&order=asc&price_min=35000&sort=price&status=on_sale
Tue Mar 17 17:55:51 JST 2026: Current lowest PSA10 (Mercari) = ¥50000 (prev: 45000)
✅ Sent via Slack. Message ID: 1773737753.871929
Tue Mar 17 17:55:54 JST 2026: Posted to Slack: ¥50000
navigated to https://jp.mercari.com/search?keyword=%E3%83%9F%E3%83%A5%E3%82%A6%2025th%20psa10&order=asc&price_min=35000&sort=price&status=on_sale
Tue Mar 17 18:25:59 JST 2026: Current lowest PSA10 (Mercari) = ¥50000 (prev: 50000)
✅ Sent via Slack. Message ID: 1773739561.484119
Tue Mar 17 18:26:01 JST 2026: Posted to Slack: ¥50000
navigated to https://jp.mercari.com/search?keyword=%E3%83%9F%E3%83%A5%E3%82%A6%2025th%20psa10&order=asc&price_min=35000&sort=price&status=on_sale
Tue Mar 17 18:56:06 JST 2026: Current lowest PSA10 (Mercari) = ¥50000 (prev: 50000)
✅ Sent via Slack. Message ID: 1773741368.540949
Tue Mar 17 18:56:08 JST 2026: Posted to Slack: ¥50000
navigated to https://jp.mercari.com/search?keyword=%E3%83%9F%E3%83%A5%E3%82%A6%2025th%20psa10&order=asc&price_min=35000&sort=price&status=on_sale
Tue Mar 17 19:26:14 JST 2026: Current lowest PSA10 (Mercari) = ¥50000 (prev: 50000)
✅ Sent via Slack. Message ID: 1773743176.383589
Tue Mar 17 19:26:16 JST 2026: Posted to Slack: ¥50000
navigated to https://jp.mercari.com/search?keyword=%E3%83%9F%E3%83%A5%E3%82%A6%2025th%20psa10&order=asc&price_min=35000&sort=price&status=on_sale
Tue Mar 17 19:56:21 JST 2026: Current lowest PSA10 (Mercari) = ¥50000 (prev: 50000)
✅ Sent via Slack. Message ID: 1773744983.629539
Tue Mar 17 19:56:23 JST 2026: Posted to Slack: ¥50000
navigated to https://jp.mercari.com/search?keyword=%E3%83%9F%E3%83%A5%E3%82%A6%2025th%20psa10&order=asc&price_min=35000&sort=price&status=on_sale
Tue Mar 17 20:26:29 JST 2026: Current lowest PSA10 (Mercari) = ¥50000 (prev: 50000)
✅ Sent via Slack. Message ID: 1773746791.748109
Tue Mar 17 20:26:31 JST 2026: Posted to Slack: ¥50000
navigated to https://jp.mercari.com/search?keyword=%E3%83%9F%E3%83%A5%E3%82%A6%2025th%20psa10&order=asc&price_min=35000&sort=price&status=on_sale
Tue Mar 17 20:56:37 JST 2026: Current lowest PSA10 (Mercari) = ¥48200 (prev: 50000)
✅ Sent via Slack. Message ID: 1773748599.557789
Tue Mar 17 20:56:39 JST 2026: Posted to Slack: ¥48200
navigated to https://jp.mercari.com/search?keyword=%E3%83%9F%E3%83%A5%E3%82%A6%2025th%20psa10&order=asc&price_min=35000&sort=price&status=on_sale
Tue Mar 17 21:26:44 JST 2026: Current lowest PSA10 (Mercari) = ¥48200 (prev: 48200)
✅ Sent via Slack. Message ID: 1773750407.291729
Tue Mar 17 21:26:47 JST 2026: Posted to Slack: ¥48200
navigated to https://jp.mercari.com/search?keyword=%E3%83%9F%E3%83%A5%E3%82%A6%2025th%20psa10&order=asc&price_min=35000&sort=price&status=on_sale
Tue Mar 17 21:56:51 JST 2026: Current lowest PSA10 (Mercari) = ¥48200 (prev: 48200)
✅ Sent via Slack. Message ID: 1773752213.944519
Tue Mar 17 21:56:54 JST 2026: Posted to Slack: ¥48200
navigated to https://jp.mercari.com/search?keyword=%E3%83%9F%E3%83%A5%E3%82%A6%2025th%20psa10&order=asc&price_min=35000&sort=price&status=on_sale
Tue Mar 17 22:26:59 JST 2026: Current lowest PSA10 (Mercari) = ¥50000 (prev: 48200)
✅ Sent via Slack. Message ID: 1773754021.375569
Tue Mar 17 22:27:01 JST 2026: Posted to Slack: ¥50000
navigated to https://jp.mercari.com/search?keyword=%E3%83%9F%E3%83%A5%E3%82%A6%2025th%20psa10&order=asc&price_min=35000&sort=price&status=on_sale
Tue Mar 17 22:57:06 JST 2026: Current lowest PSA10 (Mercari) = ¥50000 (prev: 50000)
✅ Sent via Slack. Message ID: 1773755828.852559
Tue Mar 17 22:57:09 JST 2026: Posted to Slack: ¥50000
navigated to https://jp.mercari.com/search?keyword=%E3%83%9F%E3%83%A5%E3%82%A6%2025th%20psa10&order=asc&price_min=35000&sort=price&status=on_sale
Tue Mar 17 23:27:14 JST 2026: Current lowest PSA10 (Mercari) = ¥50000 (prev: 50000)
✅ Sent via Slack. Message ID: 1773757636.600759
Tue Mar 17 23:27:16 JST 2026: Posted to Slack: ¥50000
navigated to https://jp.mercari.com/search?keyword=%E3%83%9F%E3%83%A5%E3%82%A6%2025th%20psa10&order=asc&price_min=35000&sort=price&status=on_sale
Tue Mar 17 23:57:21 JST 2026: Current lowest PSA10 (Mercari) = ¥50000 (prev: 50000)
✅ Sent via Slack. Message ID: 1773759444.176239
Tue Mar 17 23:57:24 JST 2026: Posted to Slack: ¥50000
navigated to https://jp.mercari.com/search?keyword=%E3%83%9F%E3%83%A5%E3%82%A6%2025th%20psa10&order=asc&price_min=35000&sort=price&status=on_sale
Wed Mar 18 00:27:30 JST 2026: Current lowest PSA10 (Mercari) = ¥50000 (prev: 50000)
✅ Sent via Slack. Message ID: 1773761252.437079
Wed Mar 18 00:27:32 JST 2026: Posted to Slack: ¥50000
navigated to https://jp.mercari.com/search?keyword=%E3%83%9F%E3%83%A5%E3%82%A6%2025th%20psa10&order=asc&price_min=35000&sort=price&status=on_sale
Wed Mar 18 00:57:37 JST 2026: Current lowest PSA10 (Mercari) = ¥50000 (prev: 50000)
✅ Sent via Slack. Message ID: 1773763060.171759
Wed Mar 18 00:57:40 JST 2026: Posted to Slack: ¥50000
navigated to https://jp.mercari.com/search?keyword=%E3%83%9F%E3%83%A5%E3%82%A6%2025th%20psa10&order=asc&price_min=35000&sort=price&status=on_sale
Wed Mar 18 01:27:46 JST 2026: Current lowest PSA10 (Mercari) = ¥50000 (prev: 50000)
✅ Sent via Slack. Message ID: 1773764868.334369
Wed Mar 18 01:27:48 JST 2026: Posted to Slack: ¥50000
navigated to https://jp.mercari.com/search?keyword=%E3%83%9F%E3%83%A5%E3%82%A6%2025th%20psa10&order=asc&price_min=35000&sort=price&status=on_sale
Wed Mar 18 01:57:54 JST 2026: Current lowest PSA10 (Mercari) = ¥50000 (prev: 50000)
✅ Sent via Slack. Message ID: 1773766676.692859
Wed Mar 18 01:57:56 JST 2026: Posted to Slack: ¥50000
navigated to https://jp.mercari.com/search?keyword=%E3%83%9F%E3%83%A5%E3%82%A6%2025th%20psa10&order=asc&price_min=35000&sort=price&status=on_sale
Wed Mar 18 02:28:02 JST 2026: Current lowest PSA10 (Mercari) = ¥50000 (prev: 50000)
✅ Sent via Slack. Message ID: 1773768484.589799
Wed Mar 18 02:28:04 JST 2026: Posted to Slack: ¥50000
navigated to https://jp.mercari.com/search?keyword=%E3%83%9F%E3%83%A5%E3%82%A6%2025th%20psa10&order=asc&price_min=35000&sort=price&status=on_sale
Wed Mar 18 02:58:10 JST 2026: Current lowest PSA10 (Mercari) = ¥50000 (prev: 50000)
✅ Sent via Slack. Message ID: 1773770292.954779
Wed Mar 18 02:58:13 JST 2026: Posted to Slack: ¥50000
navigated to https://jp.mercari.com/search?keyword=%E3%83%9F%E3%83%A5%E3%82%A6%2025th%20psa10&order=asc&price_min=35000&sort=price&status=on_sale
Wed Mar 18 03:28:19 JST 2026: Current lowest PSA10 (Mercari) = ¥50000 (prev: 50000)
✅ Sent via Slack. Message ID: 1773772101.553589
Wed Mar 18 03:28:21 JST 2026: Posted to Slack: ¥50000
navigated to https://jp.mercari.com/search?keyword=%E3%83%9F%E3%83%A5%E3%82%A6%2025th%20psa10&order=asc&price_min=35000&sort=price&status=on_sale
Wed Mar 18 03:58:26 JST 2026: Current lowest PSA10 (Mercari) = ¥50000 (prev: 50000)
✅ Sent via Slack. Message ID: 1773773908.775029
Wed Mar 18 03:58:28 JST 2026: Posted to Slack: ¥50000
navigated to https://jp.mercari.com/search?keyword=%E3%83%9F%E3%83%A5%E3%82%A6%2025th%20psa10&order=asc&price_min=35000&sort=price&status=on_sale
Wed Mar 18 04:28:34 JST 2026: Current lowest PSA10 (Mercari) = ¥50000 (prev: 50000)
✅ Sent via Slack. Message ID: 1773775716.849339
Wed Mar 18 04:28:37 JST 2026: Posted to Slack: ¥50000
navigated to https://jp.mercari.com/search?keyword=%E3%83%9F%E3%83%A5%E3%82%A6%2025th%20psa10&order=asc&price_min=35000&sort=price&status=on_sale
Wed Mar 18 04:58:42 JST 2026: Current lowest PSA10 (Mercari) = ¥50000 (prev: 50000)
✅ Sent via Slack. Message ID: 1773777525.612459
Wed Mar 18 04:58:45 JST 2026: Posted to Slack: ¥50000
navigated to https://jp.mercari.com/search?keyword=%E3%83%9F%E3%83%A5%E3%82%A6%2025th%20psa10&order=asc&price_min=35000&sort=price&status=on_sale
Wed Mar 18 05:28:51 JST 2026: Current lowest PSA10 (Mercari) = ¥50000 (prev: 50000)
✅ Sent via Slack. Message ID: 1773779333.528699
Wed Mar 18 05:28:53 JST 2026: Posted to Slack: ¥50000
navigated to https://jp.mercari.com/search?keyword=%E3%83%9F%E3%83%A5%E3%82%A6%2025th%20psa10&order=asc&price_min=35000&sort=price&status=on_sale
Wed Mar 18 05:58:58 JST 2026: Current lowest PSA10 (Mercari) = ¥50000 (prev: 50000)
✅ Sent via Slack. Message ID: 1773781140.894779
Wed Mar 18 05:59:01 JST 2026: Posted to Slack: ¥50000
navigated to https://jp.mercari.com/search?keyword=%E3%83%9F%E3%83%A5%E3%82%A6%2025th%20psa10&order=asc&price_min=35000&sort=price&status=on_sale
Wed Mar 18 06:29:07 JST 2026: Current lowest PSA10 (Mercari) = ¥50000 (prev: 50000)
✅ Sent via Slack. Message ID: 1773782949.367999
Wed Mar 18 06:29:09 JST 2026: Posted to Slack: ¥50000
navigated to https://jp.mercari.com/search?keyword=%E3%83%9F%E3%83%A5%E3%82%A6%2025th%20psa10&order=asc&price_min=35000&sort=price&status=on_sale
Wed Mar 18 06:59:14 JST 2026: Current lowest PSA10 (Mercari) = ¥50000 (prev: 50000)
✅ Sent via Slack. Message ID: 1773784756.526009
Wed Mar 18 06:59:16 JST 2026: Posted to Slack: ¥50000
navigated to https://jp.mercari.com/search?keyword=%E3%83%9F%E3%83%A5%E3%82%A6%2025th%20psa10&order=asc&price_min=35000&sort=price&status=on_sale
Wed Mar 18 07:29:22 JST 2026: Current lowest PSA10 (Mercari) = ¥50000 (prev: 50000)
✅ Sent via Slack. Message ID: 1773786564.601119
Wed Mar 18 07:29:24 JST 2026: Posted to Slack: ¥50000
navigated to https://jp.mercari.com/search?keyword=%E3%83%9F%E3%83%A5%E3%82%A6%2025th%20psa10&order=asc&price_min=35000&sort=price&status=on_sale
Wed Mar 18 07:59:30 JST 2026: Current lowest PSA10 (Mercari) = ¥50000 (prev: 50000)
✅ Sent via Slack. Message ID: 1773788372.768659
Wed Mar 18 07:59:32 JST 2026: Posted to Slack: ¥50000
navigated to https://jp.mercari.com/search?keyword=%E3%83%9F%E3%83%A5%E3%82%A6%2025th%20psa10&order=asc&price_min=35000&sort=price&status=on_sale
Wed Mar 18 08:29:38 JST 2026: Current lowest PSA10 (Mercari) = ¥50000 (prev: 50000)
✅ Sent via Slack. Message ID: 1773790180.750849
Wed Mar 18 08:29:40 JST 2026: Posted to Slack: ¥50000
navigated to https://3ds.up-sider.com/visa/transactions/a3505ab3-646a-4d0d-af10-7e2f112e1618/approve
Wed Mar 18 08:59:47 JST 2026: Current lowest PSA10 (Mercari) = ¥50000 (prev: 50000)
✅ Sent via Slack. Message ID: 1773791990.035219
Wed Mar 18 08:59:50 JST 2026: Posted to Slack: ¥50000
navigated to https://jp.mercari.com/search?keyword=%E3%83%9F%E3%83%A5%E3%82%A6%2025th%20psa10&order=asc&price_min=35000&sort=price&status=on_sale
Wed Mar 18 09:29:55 JST 2026: Current lowest PSA10 (Mercari) = ¥50000 (prev: 50000)
✅ Sent via Slack. Message ID: 1773793797.876729
Wed Mar 18 09:29:57 JST 2026: Posted to Slack: ¥50000
navigated to https://jp.mercari.com/search?keyword=%E3%83%9F%E3%83%A5%E3%82%A6%2025th%20psa10&order=asc&price_min=35000&sort=price&status=on_sale
Wed Mar 18 10:00:03 JST 2026: Current lowest PSA10 (Mercari) = ¥50000 (prev: 50000)
✅ Sent via Slack. Message ID: 1773795605.622179
Wed Mar 18 10:00:05 JST 2026: Posted to Slack: ¥50000
navigated to https://jp.mercari.com/search?keyword=%E3%83%9F%E3%83%A5%E3%82%A6%2025th%20psa10&order=asc&price_min=35000&sort=price&status=on_sale
Wed Mar 18 10:30:10 JST 2026: Current lowest PSA10 (Mercari) = ¥53999 (prev: 50000)
✅ Sent via Slack. Message ID: 1773797413.423419
Wed Mar 18 10:30:13 JST 2026: Posted to Slack: ¥53999
navigated to https://jp.mercari.com/search?keyword=%E3%83%9F%E3%83%A5%E3%82%A6%2025th%20psa10&order=asc&price_min=35000&sort=price&status=on_sale
Wed Mar 18 11:00:18 JST 2026: Current lowest PSA10 (Mercari) = ¥48999 (prev: 53999)
✅ Sent via Slack. Message ID: 1773799221.033919
Wed Mar 18 11:00:21 JST 2026: Posted to Slack: ¥48999
navigated to https://jp.mercari.com/search?keyword=%E3%83%9F%E3%83%A5%E3%82%A6%2025th%20psa10&order=asc&price_min=35000&sort=price&status=on_sale
Wed Mar 18 11:30:26 JST 2026: Current lowest PSA10 (Mercari) = ¥48999 (prev: 48999)
✅ Sent via Slack. Message ID: 1773801028.554359
Wed Mar 18 11:30:28 JST 2026: Posted to Slack: ¥48999
navigated to https://jp.mercari.com/search?keyword=%E3%83%9F%E3%83%A5%E3%82%A6%2025th%20psa10&order=asc&price_min=35000&sort=price&status=on_sale
Wed Mar 18 12:00:33 JST 2026: Current lowest PSA10 (Mercari) = ¥48999 (prev: 48999)
✅ Sent via Slack. Message ID: 1773802836.127029
Wed Mar 18 12:00:36 JST 2026: Posted to Slack: ¥48999
navigated to https://jp.mercari.com/search?keyword=%E3%83%9F%E3%83%A5%E3%82%A6%2025th%20psa10&order=asc&price_min=35000&sort=price&status=on_sale
Wed Mar 18 12:30:41 JST 2026: Current lowest PSA10 (Mercari) = ¥53999 (prev: 48999)
✅ Sent via Slack. Message ID: 1773804643.905789
Wed Mar 18 12:30:44 JST 2026: Posted to Slack: ¥53999
navigated to https://jp.mercari.com/search?keyword=%E3%83%9F%E3%83%A5%E3%82%A6%2025th%20psa10&order=asc&price_min=35000&sort=price&status=on_sale
Wed Mar 18 13:00:48 JST 2026: Current lowest PSA10 (Mercari) = ¥53999 (prev: 53999)
✅ Sent via Slack. Message ID: 1773806451.176359
Wed Mar 18 13:00:51 JST 2026: Posted to Slack: ¥53999
navigated to https://jp.mercari.com/search?keyword=%E3%83%9F%E3%83%A5%E3%82%A6%2025th%20psa10&order=asc&price_min=35000&sort=price&status=on_sale
Wed Mar 18 13:30:56 JST 2026: Current lowest PSA10 (Mercari) = ¥53999 (prev: 53999)
✅ Sent via Slack. Message ID: 1773808258.791929
Wed Mar 18 13:30:59 JST 2026: Posted to Slack: ¥53999
navigated to https://jp.mercari.com/search?keyword=%E3%83%9F%E3%83%A5%E3%82%A6%2025th%20psa10&order=asc&price_min=35000&sort=price&status=on_sale
Wed Mar 18 14:01:03 JST 2026: Current lowest PSA10 (Mercari) = ¥53999 (prev: 53999)
✅ Sent via Slack. Message ID: 1773810066.141629
Wed Mar 18 14:01:06 JST 2026: Posted to Slack: ¥53999
navigated to https://jp.mercari.com/search?keyword=%E3%83%9F%E3%83%A5%E3%82%A6%2025th%20psa10&order=asc&price_min=35000&sort=price&status=on_sale
Wed Mar 18 14:31:11 JST 2026: Current lowest PSA10 (Mercari) = ¥52500 (prev: 53999)
✅ Sent via Slack. Message ID: 1773811873.878289
Wed Mar 18 14:31:14 JST 2026: Posted to Slack: ¥52500
navigated to https://jp.mercari.com/search?keyword=%E3%83%9F%E3%83%A5%E3%82%A6%2025th%20psa10&order=asc&price_min=35000&sort=price&status=on_sale
Wed Mar 18 15:01:19 JST 2026: Current lowest PSA10 (Mercari) = ¥52000 (prev: 52500)
✅ Sent via Slack. Message ID: 1773813682.034859
Wed Mar 18 15:01:22 JST 2026: Posted to Slack: ¥52000
navigated to https://jp.mercari.com/search?keyword=%E3%83%9F%E3%83%A5%E3%82%A6%2025th%20psa10&order=asc&price_min=35000&sort=price&status=on_sale
Wed Mar 18 15:31:27 JST 2026: Current lowest PSA10 (Mercari) = ¥52000 (prev: 52000)
✅ Sent via Slack. Message ID: 1773815489.829459
Wed Mar 18 15:31:30 JST 2026: Posted to Slack: ¥52000
navigated to https://jp.mercari.com/search?keyword=%E3%83%9F%E3%83%A5%E3%82%A6%2025th%20psa10&order=asc&price_min=35000&sort=price&status=on_sale
Wed Mar 18 16:01:34 JST 2026: Current lowest PSA10 (Mercari) = ¥52000 (prev: 52000)
✅ Sent via Slack. Message ID: 1773817297.205869
Wed Mar 18 16:01:37 JST 2026: Posted to Slack: ¥52000
navigated to https://jp.mercari.com/search?keyword=%E3%83%9F%E3%83%A5%E3%82%A6%2025th%20psa10&order=asc&price_min=35000&sort=price&status=on_sale
Wed Mar 18 16:31:42 JST 2026: Current lowest PSA10 (Mercari) = ¥52000 (prev: 52000)
✅ Sent via Slack. Message ID: 1773819104.883489
Wed Mar 18 16:31:45 JST 2026: Posted to Slack: ¥52000
navigated to https://jp.mercari.com/search?keyword=%E3%83%9F%E3%83%A5%E3%82%A6%2025th%20psa10&order=asc&price_min=35000&sort=price&status=on_sale
Wed Mar 18 17:01:49 JST 2026: Current lowest PSA10 (Mercari) = ¥52000 (prev: 52000)
✅ Sent via Slack. Message ID: 1773820911.896849
Wed Mar 18 17:01:52 JST 2026: Posted to Slack: ¥52000
navigated to https://jp.mercari.com/search?keyword=%E3%83%9F%E3%83%A5%E3%82%A6%2025th%20psa10&order=asc&price_min=35000&sort=price&status=on_sale
Wed Mar 18 17:31:56 JST 2026: Current lowest PSA10 (Mercari) = ¥51500 (prev: 52000)
✅ Sent via Slack. Message ID: 1773822719.035689
Wed Mar 18 17:31:59 JST 2026: Posted to Slack: ¥51500
navigated to https://jp.mercari.com/search?keyword=%E3%83%9F%E3%83%A5%E3%82%A6%2025th%20psa10&order=asc&price_min=35000&sort=price&status=on_sale
Wed Mar 18 18:02:04 JST 2026: Current lowest PSA10 (Mercari) = ¥51500 (prev: 51500)
✅ Sent via Slack. Message ID: 1773824527.572159
Wed Mar 18 18:02:07 JST 2026: Posted to Slack: ¥51500
navigated to https://jp.mercari.com/search?keyword=%E3%83%9F%E3%83%A5%E3%82%A6%2025th%20psa10&order=asc&price_min=35000&sort=price&status=on_sale
Wed Mar 18 18:32:13 JST 2026: Current lowest PSA10 (Mercari) = ¥51500 (prev: 51500)
✅ Sent via Slack. Message ID: 1773826335.380689
Wed Mar 18 18:32:15 JST 2026: Posted to Slack: ¥51500
navigated to https://jp.mercari.com/search?keyword=%E3%83%9F%E3%83%A5%E3%82%A6%2025th%20psa10&order=asc&price_min=35000&sort=price&status=on_sale
Wed Mar 18 19:02:20 JST 2026: Current lowest PSA10 (Mercari) = ¥51000 (prev: 51500)
✅ Sent via Slack. Message ID: 1773828142.825399
Wed Mar 18 19:02:22 JST 2026: Posted to Slack: ¥51000
navigated to https://jp.mercari.com/search?keyword=%E3%83%9F%E3%83%A5%E3%82%A6%2025th%20psa10&order=asc&price_min=35000&sort=price&status=on_sale
Wed Mar 18 19:32:28 JST 2026: Current lowest PSA10 (Mercari) = ¥49800 (prev: 51000)
✅ Sent via Slack. Message ID: 1773829950.357119
Wed Mar 18 19:32:30 JST 2026: Posted to Slack: ¥49800
navigated to https://jp.mercari.com/search?keyword=%E3%83%9F%E3%83%A5%E3%82%A6%2025th%20psa10&order=asc&price_min=35000&sort=price&status=on_sale
Wed Mar 18 20:02:35 JST 2026: Current lowest PSA10 (Mercari) = ¥49800 (prev: 49800)
✅ Sent via Slack. Message ID: 1773831757.339829
Wed Mar 18 20:02:37 JST 2026: Posted to Slack: ¥49800
navigated to https://jp.mercari.com/search?keyword=%E3%83%9F%E3%83%A5%E3%82%A6%2025th%20psa10&order=asc&price_min=35000&sort=price&status=on_sale
Wed Mar 18 20:32:42 JST 2026: Current lowest PSA10 (Mercari) = ¥45000 (prev: 49800)
✅ Sent via Slack. Message ID: 1773833564.649059
Wed Mar 18 20:32:44 JST 2026: Posted to Slack: ¥45000
navigated to https://jp.mercari.com/search?keyword=%E3%83%9F%E3%83%A5%E3%82%A6%2025th%20psa10&order=asc&price_min=35000&sort=price&status=on_sale
Wed Mar 18 21:02:50 JST 2026: Current lowest PSA10 (Mercari) = ¥45000 (prev: 45000)
✅ Sent via Slack. Message ID: 1773835372.674319
Wed Mar 18 21:02:52 JST 2026: Posted to Slack: ¥45000
navigated to https://jp.mercari.com/search?keyword=%E3%83%9F%E3%83%A5%E3%82%A6%2025th%20psa10&order=asc&price_min=35000&sort=price&status=on_sale
Wed Mar 18 21:32:58 JST 2026: Current lowest PSA10 (Mercari) = ¥45000 (prev: 45000)
✅ Sent via Slack. Message ID: 1773837180.832149
Wed Mar 18 21:33:01 JST 2026: Posted to Slack: ¥45000
navigated to https://jp.mercari.com/search?keyword=%E3%83%9F%E3%83%A5%E3%82%A6%2025th%20psa10&order=asc&price_min=35000&sort=price&status=on_sale
Wed Mar 18 22:03:06 JST 2026: Current lowest PSA10 (Mercari) = ¥45000 (prev: 45000)
✅ Sent via Slack. Message ID: 1773838988.248149
Wed Mar 18 22:03:08 JST 2026: Posted to Slack: ¥45000
navigated to https://jp.mercari.com/search?keyword=%E3%83%9F%E3%83%A5%E3%82%A6%2025th%20psa10&order=asc&price_min=35000&sort=price&status=on_sale
Wed Mar 18 22:33:13 JST 2026: Current lowest PSA10 (Mercari) = ¥45000 (prev: 45000)
✅ Sent via Slack. Message ID: 1773840795.760149
Wed Mar 18 22:33:15 JST 2026: Posted to Slack: ¥45000
navigated to https://jp.mercari.com/search?keyword=%E3%83%9F%E3%83%A5%E3%82%A6%2025th%20psa10&order=asc&price_min=35000&sort=price&status=on_sale
Wed Mar 18 23:03:20 JST 2026: Current lowest PSA10 (Mercari) = ¥45000 (prev: 45000)
✅ Sent via Slack. Message ID: 1773842602.954389
Wed Mar 18 23:03:23 JST 2026: Posted to Slack: ¥45000
navigated to https://jp.mercari.com/search?keyword=%E3%83%9F%E3%83%A5%E3%82%A6%2025th%20psa10&order=asc&price_min=35000&sort=price&status=on_sale
Wed Mar 18 23:33:35 JST 2026: Current lowest PSA10 (Mercari) = ¥45000 (prev: 45000)
✅ Sent via Slack. Message ID: 1773844417.505599
Wed Mar 18 23:33:37 JST 2026: Posted to Slack: ¥45000
navigated to https://jp.mercari.com/search?keyword=%E3%83%9F%E3%83%A5%E3%82%A6%2025th%20psa10&order=asc&price_min=35000&sort=price&status=on_sale
Thu Mar 19 00:03:42 JST 2026: Current lowest PSA10 (Mercari) = ¥45800 (prev: 45000)
✅ Sent via Slack. Message ID: 1773846225.327459
Thu Mar 19 00:03:45 JST 2026: Posted to Slack: ¥45800
navigated to https://jp.mercari.com/search?keyword=%E3%83%9F%E3%83%A5%E3%82%A6%2025th%20psa10&order=asc&price_min=35000&sort=price&status=on_sale
Thu Mar 19 00:33:50 JST 2026: Current lowest PSA10 (Mercari) = ¥45800 (prev: 45800)
✅ Sent via Slack. Message ID: 1773848032.982589
Thu Mar 19 00:33:53 JST 2026: Posted to Slack: ¥45800
navigated to https://jp.mercari.com/search?keyword=%E3%83%9F%E3%83%A5%E3%82%A6%2025th%20psa10&order=asc&price_min=35000&sort=price&status=on_sale
Thu Mar 19 01:03:57 JST 2026: Current lowest PSA10 (Mercari) = ¥44000 (prev: 45800)
✅ Sent via Slack. Message ID: 1773849840.331159
Thu Mar 19 01:04:00 JST 2026: Posted to Slack: ¥44000
navigated to https://jp.mercari.com/search?keyword=%E3%83%9F%E3%83%A5%E3%82%A6%2025th%20psa10&order=asc&price_min=35000&sort=price&status=on_sale
Thu Mar 19 01:34:05 JST 2026: Current lowest PSA10 (Mercari) = ¥48999 (prev: 44000)
✅ Sent via Slack. Message ID: 1773851648.286719
Thu Mar 19 01:34:08 JST 2026: Posted to Slack: ¥48999
navigated to https://jp.mercari.com/search?keyword=%E3%83%9F%E3%83%A5%E3%82%A6%2025th%20psa10&order=asc&price_min=35000&sort=price&status=on_sale
Thu Mar 19 02:04:13 JST 2026: Current lowest PSA10 (Mercari) = ¥48999 (prev: 48999)
✅ Sent via Slack. Message ID: 1773853456.454279
Thu Mar 19 02:04:16 JST 2026: Posted to Slack: ¥48999
navigated to https://jp.mercari.com/search?keyword=%E3%83%9F%E3%83%A5%E3%82%A6%2025th%20psa10&order=asc&price_min=35000&sort=price&status=on_sale
Thu Mar 19 02:34:22 JST 2026: Current lowest PSA10 (Mercari) = ¥48999 (prev: 48999)
✅ Sent via Slack. Message ID: 1773855264.435279
Thu Mar 19 02:34:24 JST 2026: Posted to Slack: ¥48999
navigated to https://jp.mercari.com/search?keyword=%E3%83%9F%E3%83%A5%E3%82%A6%2025th%20psa10&order=asc&price_min=35000&sort=price&status=on_sale
Thu Mar 19 03:04:29 JST 2026: Current lowest PSA10 (Mercari) = ¥48999 (prev: 48999)
✅ Sent via Slack. Message ID: 1773857074.169429
Thu Mar 19 03:04:34 JST 2026: Posted to Slack: ¥48999
navigated to https://jp.mercari.com/search?keyword=%E3%83%9F%E3%83%A5%E3%82%A6%2025th%20psa10&order=asc&price_min=35000&sort=price&status=on_sale
Thu Mar 19 03:34:40 JST 2026: Current lowest PSA10 (Mercari) = ¥45000 (prev: 48999)
✅ Sent via Slack. Message ID: 1773858882.589359
Thu Mar 19 03:34:42 JST 2026: Posted to Slack: ¥45000
navigated to https://jp.mercari.com/search?keyword=%E3%83%9F%E3%83%A5%E3%82%A6%2025th%20psa10&order=asc&price_min=35000&sort=price&status=on_sale
Thu Mar 19 04:04:47 JST 2026: Current lowest PSA10 (Mercari) = ¥45000 (prev: 45000)
✅ Sent via Slack. Message ID: 1773860690.103879
Thu Mar 19 04:04:50 JST 2026: Posted to Slack: ¥45000
navigated to https://jp.mercari.com/search?keyword=%E3%83%9F%E3%83%A5%E3%82%A6%2025th%20psa10&order=asc&price_min=35000&sort=price&status=on_sale
Thu Mar 19 04:34:55 JST 2026: Current lowest PSA10 (Mercari) = ¥45000 (prev: 45000)
✅ Sent via Slack. Message ID: 1773862497.802409
Thu Mar 19 04:34:58 JST 2026: Posted to Slack: ¥45000
navigated to https://jp.mercari.com/search?keyword=%E3%83%9F%E3%83%A5%E3%82%A6%2025th%20psa10&order=asc&price_min=35000&sort=price&status=on_sale
Thu Mar 19 05:05:03 JST 2026: Current lowest PSA10 (Mercari) = ¥45000 (prev: 45000)
✅ Sent via Slack. Message ID: 1773864305.726159
Thu Mar 19 05:05:05 JST 2026: Posted to Slack: ¥45000
navigated to https://jp.mercari.com/search?keyword=%E3%83%9F%E3%83%A5%E3%82%A6%2025th%20psa10&order=asc&price_min=35000&sort=price&status=on_sale
Thu Mar 19 05:35:11 JST 2026: Current lowest PSA10 (Mercari) = ¥45000 (prev: 45000)
✅ Sent via Slack. Message ID: 1773866114.221379
Thu Mar 19 05:35:14 JST 2026: Posted to Slack: ¥45000
navigated to https://jp.mercari.com/search?keyword=%E3%83%9F%E3%83%A5%E3%82%A6%2025th%20psa10&order=asc&price_min=35000&sort=price&status=on_sale
Thu Mar 19 06:05:19 JST 2026: Current lowest PSA10 (Mercari) = ¥45000 (prev: 45000)
✅ Sent via Slack. Message ID: 1773867922.103509
Thu Mar 19 06:05:22 JST 2026: Posted to Slack: ¥45000
navigated to https://jp.mercari.com/search?keyword=%E3%83%9F%E3%83%A5%E3%82%A6%2025th%20psa10&order=asc&price_min=35000&sort=price&status=on_sale
Thu Mar 19 06:35:27 JST 2026: Current lowest PSA10 (Mercari) = ¥45000 (prev: 45000)
✅ Sent via Slack. Message ID: 1773869729.994329
Thu Mar 19 06:35:30 JST 2026: Posted to Slack: ¥45000
navigated to https://jp.mercari.com/search?keyword=%E3%83%9F%E3%83%A5%E3%82%A6%2025th%20psa10&order=asc&price_min=35000&sort=price&status=on_sale
Thu Mar 19 07:05:34 JST 2026: Current lowest PSA10 (Mercari) = ¥45000 (prev: 45000)
✅ Sent via Slack. Message ID: 1773871537.103339
Thu Mar 19 07:05:37 JST 2026: Posted to Slack: ¥45000
navigated to https://jp.mercari.com/search?keyword=%E3%83%9F%E3%83%A5%E3%82%A6%2025th%20psa10&order=asc&price_min=35000&sort=price&status=on_sale
Thu Mar 19 07:35:42 JST 2026: Current lowest PSA10 (Mercari) = ¥45000 (prev: 45000)
✅ Sent via Slack. Message ID: 1773873344.689459
Thu Mar 19 07:35:44 JST 2026: Posted to Slack: ¥45000
navigated to https://jp.mercari.com/search?keyword=%E3%83%9F%E3%83%A5%E3%82%A6%2025th%20psa10&order=asc&price_min=35000&sort=price&status=on_sale
Thu Mar 19 08:05:52 JST 2026: Current lowest PSA10 (Mercari) = ¥45000 (prev: 45000)
✅ Sent via Slack. Message ID: 1773875154.553369
Thu Mar 19 08:05:54 JST 2026: Posted to Slack: ¥45000
navigated to https://jp.mercari.com/search?keyword=%E3%83%9F%E3%83%A5%E3%82%A6%2025th%20psa10&order=asc&price_min=35000&sort=price&status=on_sale
Thu Mar 19 08:35:59 JST 2026: Current lowest PSA10 (Mercari) = ¥48999 (prev: 45000)
✅ Sent via Slack. Message ID: 1773876962.011069
Thu Mar 19 08:36:02 JST 2026: Posted to Slack: ¥48999
navigated to https://jp.mercari.com/search?keyword=%E3%83%9F%E3%83%A5%E3%82%A6%2025th%20psa10&order=asc&price_min=35000&sort=price&status=on_sale
Thu Mar 19 09:06:07 JST 2026: Current lowest PSA10 (Mercari) = ¥47500 (prev: 48999)
✅ Sent via Slack. Message ID: 1773878770.081119
Thu Mar 19 09:06:10 JST 2026: Posted to Slack: ¥47500
navigated to https://jp.mercari.com/search?keyword=%E3%83%9F%E3%83%A5%E3%82%A6%2025th%20psa10&order=asc&price_min=35000&sort=price&status=on_sale
Thu Mar 19 09:36:16 JST 2026: Current lowest PSA10 (Mercari) = ¥47500 (prev: 47500)
✅ Sent via Slack. Message ID: 1773880578.776499
Thu Mar 19 09:36:18 JST 2026: Posted to Slack: ¥47500
navigated to https://jp.mercari.com/search?keyword=%E3%83%9F%E3%83%A5%E3%82%A6%2025th%20psa10&order=asc&price_min=35000&sort=price&status=on_sale
Thu Mar 19 10:06:24 JST 2026: Current lowest PSA10 (Mercari) = ¥47500 (prev: 47500)
✅ Sent via Slack. Message ID: 1773882386.360469
Thu Mar 19 10:06:26 JST 2026: Posted to Slack: ¥47500
navigated to https://jp.mercari.com/search?keyword=%E3%83%9F%E3%83%A5%E3%82%A6%2025th%20psa10&order=asc&price_min=35000&sort=price&status=on_sale
Thu Mar 19 10:36:32 JST 2026: Current lowest PSA10 (Mercari) = ¥47500 (prev: 47500)
✅ Sent via Slack. Message ID: 1773884194.428459
Thu Mar 19 10:36:34 JST 2026: Posted to Slack: ¥47500
navigated to https://jp.mercari.com/search?keyword=%E3%83%9F%E3%83%A5%E3%82%A6%2025th%20psa10&order=asc&price_min=35000&sort=price&status=on_sale
Thu Mar 19 11:06:39 JST 2026: Current lowest PSA10 (Mercari) = ¥47500 (prev: 47500)
✅ Sent via Slack. Message ID: 1773886001.724229
Thu Mar 19 11:06:41 JST 2026: Posted to Slack: ¥47500
navigated to https://jp.mercari.com/search?keyword=%E3%83%9F%E3%83%A5%E3%82%A6%2025th%20psa10&order=asc&price_min=35000&sort=price&status=on_sale
Thu Mar 19 11:36:47 JST 2026: Current lowest PSA10 (Mercari) = ¥47500 (prev: 47500)
✅ Sent via Slack. Message ID: 1773887809.566349
Thu Mar 19 11:36:49 JST 2026: Posted to Slack: ¥47500
navigated to https://jp.mercari.com/search?keyword=%E3%83%9F%E3%83%A5%E3%82%A6%2025th%20psa10&order=asc&price_min=35000&sort=price&status=on_sale
Thu Mar 19 12:06:54 JST 2026: Current lowest PSA10 (Mercari) = ¥47500 (prev: 47500)
✅ Sent via Slack. Message ID: 1773889616.872099
Thu Mar 19 12:06:56 JST 2026: Posted to Slack: ¥47500
navigated to https://jp.mercari.com/search?keyword=%E3%83%9F%E3%83%A5%E3%82%A6%2025th%20psa10&order=asc&price_min=35000&sort=price&status=on_sale
Thu Mar 19 12:37:01 JST 2026: Current lowest PSA10 (Mercari) = ¥47500 (prev: 47500)
✅ Sent via Slack. Message ID: 1773891423.925729
Thu Mar 19 12:37:04 JST 2026: Posted to Slack: ¥47500
navigated to https://jp.mercari.com/search?keyword=%E3%83%9F%E3%83%A5%E3%82%A6%2025th%20psa10&order=asc&price_min=35000&sort=price&status=on_sale
Thu Mar 19 13:07:08 JST 2026: Current lowest PSA10 (Mercari) = ¥48000 (prev: 47500)
✅ Sent via Slack. Message ID: 1773893231.183119
Thu Mar 19 13:07:11 JST 2026: Posted to Slack: ¥48000
navigated to https://jp.mercari.com/search?keyword=%E3%83%9F%E3%83%A5%E3%82%A6%2025th%20psa10&order=asc&price_min=35000&sort=price&status=on_sale
Thu Mar 19 13:37:16 JST 2026: Current lowest PSA10 (Mercari) = ¥48000 (prev: 48000)
✅ Sent via Slack. Message ID: 1773895038.457759
Thu Mar 19 13:37:18 JST 2026: Posted to Slack: ¥48000
navigated to https://jp.mercari.com/search?keyword=%E3%83%9F%E3%83%A5%E3%82%A6%2025th%20psa10&order=asc&price_min=35000&sort=price&status=on_sale
Thu Mar 19 14:07:23 JST 2026: Current lowest PSA10 (Mercari) = ¥48000 (prev: 48000)
✅ Sent via Slack. Message ID: 1773896845.377469
Thu Mar 19 14:07:25 JST 2026: Posted to Slack: ¥48000
navigated to https://jp.mercari.com/search?keyword=%E3%83%9F%E3%83%A5%E3%82%A6%2025th%20psa10&order=asc&price_min=35000&sort=price&status=on_sale
Thu Mar 19 14:37:30 JST 2026: Current lowest PSA10 (Mercari) = ¥48000 (prev: 48000)
✅ Sent via Slack. Message ID: 1773898653.213509
Thu Mar 19 14:37:33 JST 2026: Posted to Slack: ¥48000
navigated to https://jp.mercari.com/search?keyword=%E3%83%9F%E3%83%A5%E3%82%A6%2025th%20psa10&order=asc&price_min=35000&sort=price&status=on_sale
Thu Mar 19 15:07:39 JST 2026: Current lowest PSA10 (Mercari) = ¥48000 (prev: 48000)
✅ Sent via Slack. Message ID: 1773900461.342279
Thu Mar 19 15:07:41 JST 2026: Posted to Slack: ¥48000
navigated to https://jp.mercari.com/search?keyword=%E3%83%9F%E3%83%A5%E3%82%A6%2025th%20psa10&order=asc&price_min=35000&sort=price&status=on_sale
Thu Mar 19 15:37:47 JST 2026: Current lowest PSA10 (Mercari) = ¥47777 (prev: 48000)
✅ Sent via Slack. Message ID: 1773902270.303969
Thu Mar 19 15:37:50 JST 2026: Posted to Slack: ¥47777
navigated to https://jp.mercari.com/search?keyword=%E3%83%9F%E3%83%A5%E3%82%A6%2025th%20psa10&order=asc&price_min=35000&sort=price&status=on_sale
Thu Mar 19 16:07:57 JST 2026: Current lowest PSA10 (Mercari) = ¥47777 (prev: 47777)
✅ Sent via Slack. Message ID: 1773904079.573289
Thu Mar 19 16:07:59 JST 2026: Posted to Slack: ¥47777
navigated to https://jp.mercari.com/search?keyword=%E3%83%9F%E3%83%A5%E3%82%A6%2025th%20psa10&order=asc&price_min=35000&sort=price&status=on_sale
Thu Mar 19 16:38:05 JST 2026: Current lowest PSA10 (Mercari) = ¥47777 (prev: 47777)
✅ Sent via Slack. Message ID: 1773905888.312849
Thu Mar 19 16:38:08 JST 2026: Posted to Slack: ¥47777
navigated to https://jp.mercari.com/search?keyword=%E3%83%9F%E3%83%A5%E3%82%A6%2025th%20psa10&order=asc&price_min=35000&sort=price&status=on_sale
Thu Mar 19 17:08:14 JST 2026: Current lowest PSA10 (Mercari) = ¥47777 (prev: 47777)
✅ Sent via Slack. Message ID: 1773907697.388569
Thu Mar 19 17:08:17 JST 2026: Posted to Slack: ¥47777
navigated to https://jp.mercari.com/search?keyword=%E3%83%9F%E3%83%A5%E3%82%A6%2025th%20psa10&order=asc&price_min=35000&sort=price&status=on_sale
Thu Mar 19 17:38:23 JST 2026: Current lowest PSA10 (Mercari) = ¥47777 (prev: 47777)
✅ Sent via Slack. Message ID: 1773909506.241859
Thu Mar 19 17:38:26 JST 2026: Posted to Slack: ¥47777
navigated to https://jp.mercari.com/search?keyword=%E3%83%9F%E3%83%A5%E3%82%A6%2025th%20psa10&order=asc&price_min=35000&sort=price&status=on_sale
Thu Mar 19 18:08:33 JST 2026: Current lowest PSA10 (Mercari) = ¥47777 (prev: 47777)
✅ Sent via Slack. Message ID: 1773911315.410519
Thu Mar 19 18:08:35 JST 2026: Posted to Slack: ¥47777
navigated to https://jp.mercari.com/search?keyword=%E3%83%9F%E3%83%A5%E3%82%A6%2025th%20psa10&order=asc&price_min=35000&sort=price&status=on_sale
Thu Mar 19 18:38:42 JST 2026: Current lowest PSA10 (Mercari) = ¥47500 (prev: 47777)
✅ Sent via Slack. Message ID: 1773913124.412499
Thu Mar 19 18:38:44 JST 2026: Posted to Slack: ¥47500
navigated to https://jp.mercari.com/search?keyword=%E3%83%9F%E3%83%A5%E3%82%A6%2025th%20psa10&order=asc&price_min=35000&sort=price&status=on_sale
Thu Mar 19 19:08:51 JST 2026: Current lowest PSA10 (Mercari) = ¥47500 (prev: 47500)
✅ Sent via Slack. Message ID: 1773914933.479239
Thu Mar 19 19:08:53 JST 2026: Posted to Slack: ¥47500
navigated to https://jp.mercari.com/search?keyword=%E3%83%9F%E3%83%A5%E3%82%A6%2025th%20psa10&order=asc&price_min=35000&sort=price&status=on_sale
Thu Mar 19 19:38:59 JST 2026: Current lowest PSA10 (Mercari) = ¥47500 (prev: 47500)
✅ Sent via Slack. Message ID: 1773916742.288829
Thu Mar 19 19:39:02 JST 2026: Posted to Slack: ¥47500
navigated to https://jp.mercari.com/search?keyword=%E3%83%9F%E3%83%A5%E3%82%A6%2025th%20psa10&order=asc&price_min=35000&sort=price&status=on_sale
Thu Mar 19 20:09:08 JST 2026: Current lowest PSA10 (Mercari) = ¥47000 (prev: 47500)
✅ Sent via Slack. Message ID: 1773918551.199759
Thu Mar 19 20:09:11 JST 2026: Posted to Slack: ¥47000
navigated to https://jp.mercari.com/search?keyword=%E3%83%9F%E3%83%A5%E3%82%A6%2025th%20psa10&order=asc&price_min=35000&sort=price&status=on_sale
Thu Mar 19 20:39:17 JST 2026: Current lowest PSA10 (Mercari) = ¥47000 (prev: 47000)
✅ Sent via Slack. Message ID: 1773920359.953379
Thu Mar 19 20:39:20 JST 2026: Posted to Slack: ¥47000
navigated to https://jp.mercari.com/search?keyword=%E3%83%9F%E3%83%A5%E3%82%A6%2025th%20psa10&order=asc&price_min=35000&sort=price&status=on_sale
Thu Mar 19 21:09:26 JST 2026: Current lowest PSA10 (Mercari) = ¥46999 (prev: 47000)
✅ Sent via Slack. Message ID: 1773922169.064619
Thu Mar 19 21:09:29 JST 2026: Posted to Slack: ¥46999
navigated to https://jp.mercari.com/search?keyword=%E3%83%9F%E3%83%A5%E3%82%A6%2025th%20psa10&order=asc&price_min=35000&sort=price&status=on_sale
Thu Mar 19 21:39:35 JST 2026: Current lowest PSA10 (Mercari) = ¥46999 (prev: 46999)
✅ Sent via Slack. Message ID: 1773923977.835199
Thu Mar 19 21:39:38 JST 2026: Posted to Slack: ¥46999
navigated to https://jp.mercari.com/search?keyword=%E3%83%9F%E3%83%A5%E3%82%A6%2025th%20psa10&order=asc&price_min=35000&sort=price&status=on_sale
Thu Mar 19 22:09:44 JST 2026: Current lowest PSA10 (Mercari) = ¥46999 (prev: 46999)
✅ Sent via Slack. Message ID: 1773925786.889099
Thu Mar 19 22:09:46 JST 2026: Posted to Slack: ¥46999
navigated to https://jp.mercari.com/search?keyword=%E3%83%9F%E3%83%A5%E3%82%A6%2025th%20psa10&order=asc&price_min=35000&sort=price&status=on_sale
Thu Mar 19 22:39:53 JST 2026: Current lowest PSA10 (Mercari) = ¥46999 (prev: 46999)
✅ Sent via Slack. Message ID: 1773927595.687749
Thu Mar 19 22:39:55 JST 2026: Posted to Slack: ¥46999
navigated to https://jp.mercari.com/search?keyword=%E3%83%9F%E3%83%A5%E3%82%A6%2025th%20psa10&order=asc&price_min=35000&sort=price&status=on_sale
Thu Mar 19 23:10:02 JST 2026: Current lowest PSA10 (Mercari) = ¥46000 (prev: 46999)
✅ Sent via Slack. Message ID: 1773929404.668319
Thu Mar 19 23:10:04 JST 2026: Posted to Slack: ¥46000
navigated to https://jp.mercari.com/search?keyword=%E3%83%9F%E3%83%A5%E3%82%A6%2025th%20psa10&order=asc&price_min=35000&sort=price&status=on_sale
Thu Mar 19 23:40:10 JST 2026: Current lowest PSA10 (Mercari) = ¥46000 (prev: 46000)
✅ Sent via Slack. Message ID: 1773931213.552069
Thu Mar 19 23:40:13 JST 2026: Posted to Slack: ¥46000
navigated to https://jp.mercari.com/search?keyword=%E3%83%9F%E3%83%A5%E3%82%A6%2025th%20psa10&order=asc&price_min=35000&sort=price&status=on_sale
Fri Mar 20 00:10:18 JST 2026: Current lowest PSA10 (Mercari) = ¥46000 (prev: 46000)
✅ Sent via Slack. Message ID: 1773933022.489469
Fri Mar 20 00:10:20 JST 2026: Posted to Slack: ¥46000
navigated to https://jp.mercari.com/search?keyword=%E3%83%9F%E3%83%A5%E3%82%A6%2025th%20psa10&order=asc&price_min=35000&sort=price&status=on_sale
Fri Mar 20 00:40:29 JST 2026: Current lowest PSA10 (Mercari) = ¥46000 (prev: 46000)
✅ Sent via Slack. Message ID: 1773934831.694409
Fri Mar 20 00:40:31 JST 2026: Posted to Slack: ¥46000
navigated to https://jp.mercari.com/search?keyword=%E3%83%9F%E3%83%A5%E3%82%A6%2025th%20psa10&order=asc&price_min=35000&sort=price&status=on_sale
Fri Mar 20 01:10:38 JST 2026: Current lowest PSA10 (Mercari) = ¥46000 (prev: 46000)
✅ Sent via Slack. Message ID: 1773936640.788079
Fri Mar 20 01:10:40 JST 2026: Posted to Slack: ¥46000
navigated to https://jp.mercari.com/search?keyword=%E3%83%9F%E3%83%A5%E3%82%A6%2025th%20psa10&order=asc&price_min=35000&sort=price&status=on_sale
Fri Mar 20 01:40:47 JST 2026: Current lowest PSA10 (Mercari) = ¥45555 (prev: 46000)
✅ Sent via Slack. Message ID: 1773938449.684929
Fri Mar 20 01:40:49 JST 2026: Posted to Slack: ¥45555
navigated to https://jp.mercari.com/search?keyword=%E3%83%9F%E3%83%A5%E3%82%A6%2025th%20psa10&order=asc&price_min=35000&sort=price&status=on_sale
Fri Mar 20 02:10:56 JST 2026: Current lowest PSA10 (Mercari) = ¥44800 (prev: 45555)
✅ Sent via Slack. Message ID: 1773940258.735289
Fri Mar 20 02:10:58 JST 2026: Posted to Slack: ¥44800
navigated to https://jp.mercari.com/search?keyword=%E3%83%9F%E3%83%A5%E3%82%A6%2025th%20psa10&order=asc&price_min=35000&sort=price&status=on_sale
Fri Mar 20 02:41:04 JST 2026: Current lowest PSA10 (Mercari) = ¥44800 (prev: 44800)
✅ Sent via Slack. Message ID: 1773942067.373039
Fri Mar 20 02:41:07 JST 2026: Posted to Slack: ¥44800
navigated to https://jp.mercari.com/search?keyword=%E3%83%9F%E3%83%A5%E3%82%A6%2025th%20psa10&order=asc&price_min=35000&sort=price&status=on_sale
Fri Mar 20 03:11:14 JST 2026: Current lowest PSA10 (Mercari) = ¥44800 (prev: 44800)
✅ Sent via Slack. Message ID: 1773943876.791609
Fri Mar 20 03:11:17 JST 2026: Posted to Slack: ¥44800
navigated to https://jp.mercari.com/search?keyword=%E3%83%9F%E3%83%A5%E3%82%A6%2025th%20psa10&order=asc&price_min=35000&sort=price&status=on_sale
Fri Mar 20 03:41:23 JST 2026: Current lowest PSA10 (Mercari) = ¥44800 (prev: 44800)
✅ Sent via Slack. Message ID: 1773945685.739259
Fri Mar 20 03:41:25 JST 2026: Posted to Slack: ¥44800
navigated to https://jp.mercari.com/search?keyword=%E3%83%9F%E3%83%A5%E3%82%A6%2025th%20psa10&order=asc&price_min=35000&sort=price&status=on_sale
Fri Mar 20 04:11:32 JST 2026: Current lowest PSA10 (Mercari) = ¥44800 (prev: 44800)
✅ Sent via Slack. Message ID: 1773947494.875189
Fri Mar 20 04:11:35 JST 2026: Posted to Slack: ¥44800
navigated to https://jp.mercari.com/search?keyword=%E3%83%9F%E3%83%A5%E3%82%A6%2025th%20psa10&order=asc&price_min=35000&sort=price&status=on_sale
Fri Mar 20 04:41:41 JST 2026: Current lowest PSA10 (Mercari) = ¥44800 (prev: 44800)
✅ Sent via Slack. Message ID: 1773949303.656649
Fri Mar 20 04:41:43 JST 2026: Posted to Slack: ¥44800
navigated to https://jp.mercari.com/search?keyword=%E3%83%9F%E3%83%A5%E3%82%A6%2025th%20psa10&order=asc&price_min=35000&sort=price&status=on_sale
Fri Mar 20 05:11:50 JST 2026: Current lowest PSA10 (Mercari) = ¥44800 (prev: 44800)
✅ Sent via Slack. Message ID: 1773951113.091379
Fri Mar 20 05:11:53 JST 2026: Posted to Slack: ¥44800
navigated to https://jp.mercari.com/search?keyword=%E3%83%9F%E3%83%A5%E3%82%A6%2025th%20psa10&order=asc&price_min=35000&sort=price&status=on_sale
Fri Mar 20 05:41:59 JST 2026: Current lowest PSA10 (Mercari) = ¥44800 (prev: 44800)
✅ Sent via Slack. Message ID: 1773952922.205079
Fri Mar 20 05:42:02 JST 2026: Posted to Slack: ¥44800
navigated to https://jp.mercari.com/search?keyword=%E3%83%9F%E3%83%A5%E3%82%A6%2025th%20psa10&order=asc&price_min=35000&sort=price&status=on_sale
Fri Mar 20 06:12:08 JST 2026: Current lowest PSA10 (Mercari) = ¥44800 (prev: 44800)
✅ Sent via Slack. Message ID: 1773954731.353189
Fri Mar 20 06:12:11 JST 2026: Posted to Slack: ¥44800
navigated to https://jp.mercari.com/search?keyword=%E3%83%9F%E3%83%A5%E3%82%A6%2025th%20psa10&order=asc&price_min=35000&sort=price&status=on_sale
Fri Mar 20 06:42:17 JST 2026: Current lowest PSA10 (Mercari) = ¥44800 (prev: 44800)
✅ Sent via Slack. Message ID: 1773956539.868419
Fri Mar 20 06:42:19 JST 2026: Posted to Slack: ¥44800
navigated to https://jp.mercari.com/search?keyword=%E3%83%9F%E3%83%A5%E3%82%A6%2025th%20psa10&order=asc&price_min=35000&sort=price&status=on_sale
Fri Mar 20 07:12:26 JST 2026: Current lowest PSA10 (Mercari) = ¥44800 (prev: 44800)
✅ Sent via Slack. Message ID: 1773958348.670189
Fri Mar 20 07:12:28 JST 2026: Posted to Slack: ¥44800
navigated to https://jp.mercari.com/search?keyword=%E3%83%9F%E3%83%A5%E3%82%A6%2025th%20psa10&order=asc&price_min=35000&sort=price&status=on_sale
Fri Mar 20 07:42:35 JST 2026: Current lowest PSA10 (Mercari) = ¥44799 (prev: 44800)
✅ Sent via Slack. Message ID: 1773960157.553159
Fri Mar 20 07:42:37 JST 2026: Posted to Slack: ¥44799
navigated to https://jp.mercari.com/search?keyword=%E3%83%9F%E3%83%A5%E3%82%A6%2025th%20psa10&order=asc&price_min=35000&sort=price&status=on_sale
Fri Mar 20 08:12:44 JST 2026: Current lowest PSA10 (Mercari) = ¥44799 (prev: 44799)
✅ Sent via Slack. Message ID: 1773961966.732489
Fri Mar 20 08:12:46 JST 2026: Posted to Slack: ¥44799
navigated to https://jp.mercari.com/search?keyword=%E3%83%9F%E3%83%A5%E3%82%A6%2025th%20psa10&order=asc&price_min=35000&sort=price&status=on_sale
Fri Mar 20 08:42:53 JST 2026: Current lowest PSA10 (Mercari) = ¥44799 (prev: 44799)
✅ Sent via Slack. Message ID: 1773963775.377619
Fri Mar 20 08:42:55 JST 2026: Posted to Slack: ¥44799
navigated to https://jp.mercari.com/search?keyword=%E3%83%9F%E3%83%A5%E3%82%A6%2025th%20psa10&order=asc&price_min=35000&sort=price&status=on_sale
Fri Mar 20 09:13:02 JST 2026: Current lowest PSA10 (Mercari) = ¥44799 (prev: 44799)
✅ Sent via Slack. Message ID: 1773965584.398699
Fri Mar 20 09:13:04 JST 2026: Posted to Slack: ¥44799
navigated to https://jp.mercari.com/search?keyword=%E3%83%9F%E3%83%A5%E3%82%A6%2025th%20psa10&order=asc&price_min=35000&sort=price&status=on_sale
Fri Mar 20 09:43:10 JST 2026: Current lowest PSA10 (Mercari) = ¥44799 (prev: 44799)
✅ Sent via Slack. Message ID: 1773967392.416919
Fri Mar 20 09:43:12 JST 2026: Posted to Slack: ¥44799
navigated to https://jp.mercari.com/search?keyword=%E3%83%9F%E3%83%A5%E3%82%A6%2025th%20psa10&order=asc&price_min=35000&sort=price&status=on_sale
Fri Mar 20 10:13:18 JST 2026: Current lowest PSA10 (Mercari) = ¥44799 (prev: 44799)
✅ Sent via Slack. Message ID: 1773969201.313119
Fri Mar 20 10:13:21 JST 2026: Posted to Slack: ¥44799
navigated to https://jp.mercari.com/search?keyword=%E3%83%9F%E3%83%A5%E3%82%A6%2025th%20psa10&order=asc&price_min=35000&sort=price&status=on_sale
Fri Mar 20 10:43:27 JST 2026: Current lowest PSA10 (Mercari) = ¥43000 (prev: 44799)
✅ Sent via Slack. Message ID: 1773971010.209909
Fri Mar 20 10:43:30 JST 2026: Posted to Slack: ¥43000
navigated to https://jp.mercari.com/search?keyword=%E3%83%9F%E3%83%A5%E3%82%A6%2025th%20psa10&order=asc&price_min=35000&sort=price&status=on_sale
Fri Mar 20 11:13:35 JST 2026: Current lowest PSA10 (Mercari) = ¥43000 (prev: 43000)
✅ Sent via Slack. Message ID: 1773972818.098589
Fri Mar 20 11:13:38 JST 2026: Posted to Slack: ¥43000
navigated to https://jp.mercari.com/search?keyword=%E3%83%9F%E3%83%A5%E3%82%A6%2025th%20psa10&order=asc&price_min=35000&sort=price&status=on_sale
Fri Mar 20 11:43:44 JST 2026: Current lowest PSA10 (Mercari) = ¥43000 (prev: 43000)
✅ Sent via Slack. Message ID: 1773974626.841549
Fri Mar 20 11:43:47 JST 2026: Posted to Slack: ¥43000
navigated to https://jp.mercari.com/search?keyword=%E3%83%9F%E3%83%A5%E3%82%A6%2025th%20psa10&order=asc&price_min=35000&sort=price&status=on_sale
Fri Mar 20 12:13:53 JST 2026: Current lowest PSA10 (Mercari) = ¥43000 (prev: 43000)
✅ Sent via Slack. Message ID: 1773976435.736729
Fri Mar 20 12:13:55 JST 2026: Posted to Slack: ¥43000
navigated to https://jp.mercari.com/search?keyword=%E3%83%9F%E3%83%A5%E3%82%A6%2025th%20psa10&order=asc&price_min=35000&sort=price&status=on_sale
Fri Mar 20 12:44:01 JST 2026: Current lowest PSA10 (Mercari) = ¥45500 (prev: 43000)
✅ Sent via Slack. Message ID: 1773978244.484699
Fri Mar 20 12:44:04 JST 2026: Posted to Slack: ¥45500
navigated to https://jp.mercari.com/search?keyword=%E3%83%9F%E3%83%A5%E3%82%A6%2025th%20psa10&order=asc&price_min=35000&sort=price&status=on_sale
Fri Mar 20 13:14:11 JST 2026: Current lowest PSA10 (Mercari) = ¥45500 (prev: 45500)
✅ Sent via Slack. Message ID: 1773980053.826479
Fri Mar 20 13:14:14 JST 2026: Posted to Slack: ¥45500
navigated to https://jp.mercari.com/search?keyword=%E3%83%9F%E3%83%A5%E3%82%A6%2025th%20psa10&order=asc&price_min=35000&sort=price&status=on_sale
Fri Mar 20 13:44:20 JST 2026: Current lowest PSA10 (Mercari) = ¥45500 (prev: 45500)
✅ Sent via Slack. Message ID: 1773981862.561569
Fri Mar 20 13:44:22 JST 2026: Posted to Slack: ¥45500
navigated to https://jp.mercari.com/search?keyword=%E3%83%9F%E3%83%A5%E3%82%A6%2025th%20psa10&order=asc&price_min=35000&sort=price&status=on_sale
Fri Mar 20 14:14:29 JST 2026: Current lowest PSA10 (Mercari) = ¥45500 (prev: 45500)
✅ Sent via Slack. Message ID: 1773983671.618159
Fri Mar 20 14:14:31 JST 2026: Posted to Slack: ¥45500
navigated to https://jp.mercari.com/search?keyword=%E3%83%9F%E3%83%A5%E3%82%A6%2025th%20psa10&order=asc&price_min=35000&sort=price&status=on_sale
Fri Mar 20 14:44:37 JST 2026: Current lowest PSA10 (Mercari) = ¥45500 (prev: 45500)
✅ Sent via Slack. Message ID: 1773985480.274479
Fri Mar 20 14:44:40 JST 2026: Posted to Slack: ¥45500
navigated to https://jp.mercari.com/search?keyword=%E3%83%9F%E3%83%A5%E3%82%A6%2025th%20psa10&order=asc&price_min=35000&sort=price&status=on_sale
Fri Mar 20 15:14:47 JST 2026: Current lowest PSA10 (Mercari) = ¥45500 (prev: 45500)
✅ Sent via Slack. Message ID: 1773987289.487949
Fri Mar 20 15:14:49 JST 2026: Posted to Slack: ¥45500
navigated to https://jp.mercari.com/search?keyword=%E3%83%9F%E3%83%A5%E3%82%A6%2025th%20psa10&order=asc&price_min=35000&sort=price&status=on_sale
Fri Mar 20 15:44:55 JST 2026: Current lowest PSA10 (Mercari) = ¥45500 (prev: 45500)
✅ Sent via Slack. Message ID: 1773989098.408599
Fri Mar 20 15:44:58 JST 2026: Posted to Slack: ¥45500
navigated to https://jp.mercari.com/search?keyword=%E3%83%9F%E3%83%A5%E3%82%A6%2025th%20psa10&order=asc&price_min=35000&sort=price&status=on_sale
Fri Mar 20 16:15:05 JST 2026: Current lowest PSA10 (Mercari) = ¥45500 (prev: 45500)
✅ Sent via Slack. Message ID: 1773990907.669179
Fri Mar 20 16:15:07 JST 2026: Posted to Slack: ¥45500
navigated to https://jp.mercari.com/search?keyword=%E3%83%9F%E3%83%A5%E3%82%A6%2025th%20psa10&order=asc&price_min=35000&sort=price&status=on_sale
Fri Mar 20 16:45:13 JST 2026: Current lowest PSA10 (Mercari) = ¥45000 (prev: 45500)
✅ Sent via Slack. Message ID: 1773992716.679709
Fri Mar 20 16:45:16 JST 2026: Posted to Slack: ¥45000
navigated to https://jp.mercari.com/search?keyword=%E3%83%9F%E3%83%A5%E3%82%A6%2025th%20psa10&order=asc&price_min=35000&sort=price&status=on_sale
Fri Mar 20 17:15:23 JST 2026: Current lowest PSA10 (Mercari) = ¥45000 (prev: 45000)
✅ Sent via Slack. Message ID: 1773994526.425639
Fri Mar 20 17:15:26 JST 2026: Posted to Slack: ¥45000
navigated to https://jp.mercari.com/search?keyword=%E3%83%9F%E3%83%A5%E3%82%A6%2025th%20psa10&order=asc&price_min=35000&sort=price&status=on_sale
Fri Mar 20 17:45:32 JST 2026: Current lowest PSA10 (Mercari) = ¥45000 (prev: 45000)
✅ Sent via Slack. Message ID: 1773996335.463009
Fri Mar 20 17:45:35 JST 2026: Posted to Slack: ¥45000
navigated to https://jp.mercari.com/search?keyword=%E3%83%9F%E3%83%A5%E3%82%A6%2025th%20psa10&order=asc&price_min=35000&sort=price&status=on_sale
Fri Mar 20 18:15:42 JST 2026: Current lowest PSA10 (Mercari) = ¥45000 (prev: 45000)
✅ Sent via Slack. Message ID: 1773998145.017989
Fri Mar 20 18:15:45 JST 2026: Posted to Slack: ¥45000
navigated to https://jp.mercari.com/search?keyword=%E3%83%9F%E3%83%A5%E3%82%A6%2025th%20psa10&order=asc&price_min=35000&sort=price&status=on_sale
Fri Mar 20 18:45:51 JST 2026: Current lowest PSA10 (Mercari) = ¥44500 (prev: 45000)
✅ Sent via Slack. Message ID: 1773999953.696349
Fri Mar 20 18:45:53 JST 2026: Posted to Slack: ¥44500
navigated to https://jp.mercari.com/search?keyword=%E3%83%9F%E3%83%A5%E3%82%A6%2025th%20psa10&order=asc&price_min=35000&sort=price&status=on_sale
Fri Mar 20 19:16:00 JST 2026: Current lowest PSA10 (Mercari) = ¥44500 (prev: 44500)
✅ Sent via Slack. Message ID: 1774001762.407029
Fri Mar 20 19:16:02 JST 2026: Posted to Slack: ¥44500
navigated to https://jp.mercari.com/search?keyword=%E3%83%9F%E3%83%A5%E3%82%A6%2025th%20psa10&order=asc&price_min=35000&sort=price&status=on_sale
Fri Mar 20 19:46:08 JST 2026: Current lowest PSA10 (Mercari) = ¥44990 (prev: 44500)
✅ Sent via Slack. Message ID: 1774003570.918049
Fri Mar 20 19:46:11 JST 2026: Posted to Slack: ¥44990
navigated to https://jp.mercari.com/search?keyword=%E3%83%9F%E3%83%A5%E3%82%A6%2025th%20psa10&order=asc&price_min=35000&sort=price&status=on_sale
Fri Mar 20 20:16:17 JST 2026: Current lowest PSA10 (Mercari) = ¥46000 (prev: 44990)
✅ Sent via Slack. Message ID: 1774005379.645219
Fri Mar 20 20:16:19 JST 2026: Posted to Slack: ¥46000
navigated to https://jp.mercari.com/search?keyword=%E3%83%9F%E3%83%A5%E3%82%A6%2025th%20psa10&order=asc&price_min=35000&sort=price&status=on_sale
Fri Mar 20 20:46:25 JST 2026: Current lowest PSA10 (Mercari) = ¥46000 (prev: 46000)
✅ Sent via Slack. Message ID: 1774007188.355809
Fri Mar 20 20:46:28 JST 2026: Posted to Slack: ¥46000
navigated to https://jp.mercari.com/search?keyword=%E3%83%9F%E3%83%A5%E3%82%A6%2025th%20psa10&order=asc&price_min=35000&sort=price&status=on_sale
Fri Mar 20 21:16:39 JST 2026: Current lowest PSA10 (Mercari) = ¥46222 (prev: 46000)
✅ Sent via Slack. Message ID: 1774009001.789569
Fri Mar 20 21:16:41 JST 2026: Posted to Slack: ¥46222
navigated to https://jp.mercari.com/search?keyword=%E3%83%9F%E3%83%A5%E3%82%A6%2025th%20psa10&order=asc&price_min=35000&sort=price&status=on_sale
Fri Mar 20 21:46:47 JST 2026: Current lowest PSA10 (Mercari) = ¥46222 (prev: 46222)
✅ Sent via Slack. Message ID: 1774010810.338779
Fri Mar 20 21:46:50 JST 2026: Posted to Slack: ¥46222
navigated to https://jp.mercari.com/search?keyword=%E3%83%9F%E3%83%A5%E3%82%A6%2025th%20psa10&order=asc&price_min=35000&sort=price&status=on_sale
Fri Mar 20 22:16:56 JST 2026: Current lowest PSA10 (Mercari) = ¥46222 (prev: 46222)
✅ Sent via Slack. Message ID: 1774012619.266199
Fri Mar 20 22:16:59 JST 2026: Posted to Slack: ¥46222
navigated to https://jp.mercari.com/search?keyword=%E3%83%9F%E3%83%A5%E3%82%A6%2025th%20psa10&order=asc&price_min=35000&sort=price&status=on_sale
Fri Mar 20 22:47:05 JST 2026: Current lowest PSA10 (Mercari) = ¥46222 (prev: 46222)
✅ Sent via Slack. Message ID: 1774014428.151799
Fri Mar 20 22:47:08 JST 2026: Posted to Slack: ¥46222
navigated to https://jp.mercari.com/search?keyword=%E3%83%9F%E3%83%A5%E3%82%A6%2025th%20psa10&order=asc&price_min=35000&sort=price&status=on_sale
Fri Mar 20 23:17:14 JST 2026: Current lowest PSA10 (Mercari) = ¥47800 (prev: 46222)
✅ Sent via Slack. Message ID: 1774016237.036259
Fri Mar 20 23:17:17 JST 2026: Posted to Slack: ¥47800
navigated to https://jp.mercari.com/search?keyword=%E3%83%9F%E3%83%A5%E3%82%A6%2025th%20psa10&order=asc&price_min=35000&sort=price&status=on_sale
Fri Mar 20 23:47:23 JST 2026: Current lowest PSA10 (Mercari) = ¥39800 (prev: 47800)
✅ Sent via Slack. Message ID: 1774018046.409419
Fri Mar 20 23:47:26 JST 2026: Posted to Slack: ¥39800
navigated to https://jp.mercari.com/search?keyword=%E3%83%9F%E3%83%A5%E3%82%A6%2025th%20psa10&order=asc&price_min=35000&sort=price&status=on_sale
Sat Mar 21 00:17:33 JST 2026: Current lowest PSA10 (Mercari) = ¥39800 (prev: 39800)
✅ Sent via Slack. Message ID: 1774019874.182529
Sat Mar 21 00:17:54 JST 2026: Posted to Slack: ¥39800
navigated to https://jp.mercari.com/search?keyword=%E3%83%9F%E3%83%A5%E3%82%A6%2025th%20psa10&order=asc&price_min=35000&sort=price&status=on_sale
Sat Mar 21 00:48:00 JST 2026: Current lowest PSA10 (Mercari) = ¥39800 (prev: 39800)
✅ Sent via Slack. Message ID: 1774021682.778009
Sat Mar 21 00:48:02 JST 2026: Posted to Slack: ¥39800
navigated to https://jp.mercari.com/search?keyword=%E3%83%9F%E3%83%A5%E3%82%A6%2025th%20psa10&order=asc&price_min=35000&sort=price&status=on_sale
Sat Mar 21 01:18:09 JST 2026: Current lowest PSA10 (Mercari) = ¥39800 (prev: 39800)
✅ Sent via Slack. Message ID: 1774023491.823539
Sat Mar 21 01:18:12 JST 2026: Posted to Slack: ¥39800
navigated to https://jp.mercari.com/search?keyword=%E3%83%9F%E3%83%A5%E3%82%A6%2025th%20psa10&order=asc&price_min=35000&sort=price&status=on_sale
Sat Mar 21 01:48:18 JST 2026: Current lowest PSA10 (Mercari) = ¥39800 (prev: 39800)
✅ Sent via Slack. Message ID: 1774025300.494089
Sat Mar 21 01:48:20 JST 2026: Posted to Slack: ¥39800
navigated to https://jp.mercari.com/search?keyword=%E3%83%9F%E3%83%A5%E3%82%A6%2025th%20psa10&order=asc&price_min=35000&sort=price&status=on_sale
Sat Mar 21 02:18:27 JST 2026: Current lowest PSA10 (Mercari) = ¥39800 (prev: 39800)
✅ Sent via Slack. Message ID: 1774027109.419989
Sat Mar 21 02:18:29 JST 2026: Posted to Slack: ¥39800
navigated to https://jp.mercari.com/search?keyword=%E3%83%9F%E3%83%A5%E3%82%A6%2025th%20psa10&order=asc&price_min=35000&sort=price&status=on_sale
Sat Mar 21 02:48:35 JST 2026: Current lowest PSA10 (Mercari) = ¥39800 (prev: 39800)
✅ Sent via Slack. Message ID: 1774028918.437299
Sat Mar 21 02:48:38 JST 2026: Posted to Slack: ¥39800
navigated to https://jp.mercari.com/search?keyword=%E3%83%9F%E3%83%A5%E3%82%A6%2025th%20psa10&order=asc&price_min=35000&sort=price&status=on_sale
Sat Mar 21 03:18:45 JST 2026: Current lowest PSA10 (Mercari) = ¥47800 (prev: 39800)
✅ Sent via Slack. Message ID: 1774030728.272859
Sat Mar 21 03:18:48 JST 2026: Posted to Slack: ¥47800
navigated to https://jp.mercari.com/search?keyword=%E3%83%9F%E3%83%A5%E3%82%A6%2025th%20psa10&order=asc&price_min=35000&sort=price&status=on_sale
Sat Mar 21 03:48:54 JST 2026: Current lowest PSA10 (Mercari) = ¥47800 (prev: 47800)
✅ Sent via Slack. Message ID: 1774032537.089719
Sat Mar 21 03:48:57 JST 2026: Posted to Slack: ¥47800
navigated to https://jp.mercari.com/search?keyword=%E3%83%9F%E3%83%A5%E3%82%A6%2025th%20psa10&order=asc&price_min=35000&sort=price&status=on_sale
Sat Mar 21 04:19:03 JST 2026: Current lowest PSA10 (Mercari) = ¥47800 (prev: 47800)
✅ Sent via Slack. Message ID: 1774034346.120299
Sat Mar 21 04:19:06 JST 2026: Posted to Slack: ¥47800
navigated to https://jp.mercari.com/search?keyword=%E3%83%9F%E3%83%A5%E3%82%A6%2025th%20psa10&order=asc&price_min=35000&sort=price&status=on_sale
Sat Mar 21 04:49:12 JST 2026: Current lowest PSA10 (Mercari) = ¥47800 (prev: 47800)
✅ Sent via Slack. Message ID: 1774036155.112389
Sat Mar 21 04:49:15 JST 2026: Posted to Slack: ¥47800
navigated to https://jp.mercari.com/search?keyword=%E3%83%9F%E3%83%A5%E3%82%A6%2025th%20psa10&order=asc&price_min=35000&sort=price&status=on_sale
Sat Mar 21 05:19:21 JST 2026: Current lowest PSA10 (Mercari) = ¥47800 (prev: 47800)
✅ Sent via Slack. Message ID: 1774037964.220569
Sat Mar 21 05:19:24 JST 2026: Posted to Slack: ¥47800
navigated to https://jp.mercari.com/search?keyword=%E3%83%9F%E3%83%A5%E3%82%A6%2025th%20psa10&order=asc&price_min=35000&sort=price&status=on_sale
Sat Mar 21 05:49:30 JST 2026: Current lowest PSA10 (Mercari) = ¥47800 (prev: 47800)
✅ Sent via Slack. Message ID: 1774039773.250169
Sat Mar 21 05:49:33 JST 2026: Posted to Slack: ¥47800
navigated to https://jp.mercari.com/search?keyword=%E3%83%9F%E3%83%A5%E3%82%A6%2025th%20psa10&order=asc&price_min=35000&sort=price&status=on_sale
Sat Mar 21 06:19:40 JST 2026: Current lowest PSA10 (Mercari) = ¥47800 (prev: 47800)
✅ Sent via Slack. Message ID: 1774041582.566989
Sat Mar 21 06:19:42 JST 2026: Posted to Slack: ¥47800
navigated to https://jp.mercari.com/search?keyword=%E3%83%9F%E3%83%A5%E3%82%A6%2025th%20psa10&order=asc&price_min=35000&sort=price&status=on_sale
Sat Mar 21 06:49:48 JST 2026: Current lowest PSA10 (Mercari) = ¥47800 (prev: 47800)
✅ Sent via Slack. Message ID: 1774043391.222349
Sat Mar 21 06:49:51 JST 2026: Posted to Slack: ¥47800
navigated to https://jp.mercari.com/search?keyword=%E3%83%9F%E3%83%A5%E3%82%A6%2025th%20psa10&order=asc&price_min=35000&sort=price&status=on_sale
Sat Mar 21 07:19:58 JST 2026: Current lowest PSA10 (Mercari) = ¥45000 (prev: 47800)
✅ Sent via Slack. Message ID: 1774045200.632239
Sat Mar 21 07:20:00 JST 2026: Posted to Slack: ¥45000
navigated to https://jp.mercari.com/search?keyword=%E3%83%9F%E3%83%A5%E3%82%A6%2025th%20psa10&order=asc&price_min=35000&sort=price&status=on_sale
Sat Mar 21 07:50:06 JST 2026: Current lowest PSA10 (Mercari) = ¥45000 (prev: 45000)
✅ Sent via Slack. Message ID: 1774047009.322609
Sat Mar 21 07:50:09 JST 2026: Posted to Slack: ¥45000
navigated to https://jp.mercari.com/search?keyword=%E3%83%9F%E3%83%A5%E3%82%A6%2025th%20psa10&order=asc&price_min=35000&sort=price&status=on_sale
Sat Mar 21 08:20:16 JST 2026: Current lowest PSA10 (Mercari) = ¥45000 (prev: 45000)
✅ Sent via Slack. Message ID: 1774048818.366609
Sat Mar 21 08:20:18 JST 2026: Posted to Slack: ¥45000
navigated to https://jp.mercari.com/search?keyword=%E3%83%9F%E3%83%A5%E3%82%A6%2025th%20psa10&order=asc&price_min=35000&sort=price&status=on_sale
Sat Mar 21 08:50:24 JST 2026: Current lowest PSA10 (Mercari) = ¥45000 (prev: 45000)
✅ Sent via Slack. Message ID: 1774050627.159559
Sat Mar 21 08:50:27 JST 2026: Posted to Slack: ¥45000
navigated to https://jp.mercari.com/search?keyword=%E3%83%9F%E3%83%A5%E3%82%A6%2025th%20psa10&order=asc&price_min=35000&sort=price&status=on_sale
Sat Mar 21 09:20:33 JST 2026: Current lowest PSA10 (Mercari) = ¥45000 (prev: 45000)
✅ Sent via Slack. Message ID: 1774052436.324429
Sat Mar 21 09:20:36 JST 2026: Posted to Slack: ¥45000
navigated to https://jp.mercari.com/search?keyword=%E3%83%9F%E3%83%A5%E3%82%A6%2025th%20psa10&order=asc&price_min=35000&sort=price&status=on_sale
Sat Mar 21 09:50:42 JST 2026: Current lowest PSA10 (Mercari) = ¥45000 (prev: 45000)
✅ Sent via Slack. Message ID: 1774054245.372409
Sat Mar 21 09:50:45 JST 2026: Posted to Slack: ¥45000
navigated to https://jp.mercari.com/search?keyword=%E3%83%9F%E3%83%A5%E3%82%A6%2025th%20psa10&order=asc&price_min=35000&sort=price&status=on_sale
Sat Mar 21 10:20:52 JST 2026: Current lowest PSA10 (Mercari) = ¥45000 (prev: 45000)
✅ Sent via Slack. Message ID: 1774056054.490469
Sat Mar 21 10:20:54 JST 2026: Posted to Slack: ¥45000
navigated to https://jp.mercari.com/search?keyword=%E3%83%9F%E3%83%A5%E3%82%A6%2025th%20psa10&order=asc&price_min=35000&sort=price&status=on_sale
Sat Mar 21 10:51:00 JST 2026: Current lowest PSA10 (Mercari) = ¥47800 (prev: 45000)
✅ Sent via Slack. Message ID: 1774057863.267989
Sat Mar 21 10:51:03 JST 2026: Posted to Slack: ¥47800
navigated to https://jp.mercari.com/search?keyword=%E3%83%9F%E3%83%A5%E3%82%A6%2025th%20psa10&order=asc&price_min=35000&sort=price&status=on_sale
Sat Mar 21 11:21:08 JST 2026: Current lowest PSA10 (Mercari) = ¥47800 (prev: 47800)
✅ Sent via Slack. Message ID: 1774059671.337449
Sat Mar 21 11:21:11 JST 2026: Posted to Slack: ¥47800
navigated to https://jp.mercari.com/search?keyword=%E3%83%9F%E3%83%A5%E3%82%A6%2025th%20psa10&order=asc&price_min=35000&sort=price&status=on_sale
Sat Mar 21 11:51:17 JST 2026: Current lowest PSA10 (Mercari) = ¥47800 (prev: 47800)
✅ Sent via Slack. Message ID: 1774061479.934349
Sat Mar 21 11:51:20 JST 2026: Posted to Slack: ¥47800
navigated to https://jp.mercari.com/search?keyword=%E3%83%9F%E3%83%A5%E3%82%A6%2025th%20psa10&order=asc&price_min=35000&sort=price&status=on_sale
Sat Mar 21 12:21:26 JST 2026: Current lowest PSA10 (Mercari) = ¥48000 (prev: 47800)
✅ Sent via Slack. Message ID: 1774063288.880969
Sat Mar 21 12:21:29 JST 2026: Posted to Slack: ¥48000
navigated to https://jp.mercari.com/search?keyword=%E3%83%9F%E3%83%A5%E3%82%A6%2025th%20psa10&order=asc&price_min=35000&sort=price&status=on_sale
Sat Mar 21 12:51:35 JST 2026: Current lowest PSA10 (Mercari) = ¥48000 (prev: 48000)
✅ Sent via Slack. Message ID: 1774065097.665749
Sat Mar 21 12:51:37 JST 2026: Posted to Slack: ¥48000
navigated to https://jp.mercari.com/search?keyword=%E3%83%9F%E3%83%A5%E3%82%A6%2025th%20psa10&order=asc&price_min=35000&sort=price&status=on_sale
Sat Mar 21 13:21:45 JST 2026: Current lowest PSA10 (Mercari) = ¥48000 (prev: 48000)
✅ Sent via Slack. Message ID: 1774066907.301979
Sat Mar 21 13:21:47 JST 2026: Posted to Slack: ¥48000
navigated to https://jp.mercari.com/search?keyword=%E3%83%9F%E3%83%A5%E3%82%A6%2025th%20psa10&order=asc&price_min=35000&sort=price&status=on_sale
Sat Mar 21 13:51:53 JST 2026: Current lowest PSA10 (Mercari) = ¥48000 (prev: 48000)
✅ Sent via Slack. Message ID: 1774068716.424559
Sat Mar 21 13:51:56 JST 2026: Posted to Slack: ¥48000
navigated to https://jp.mercari.com/search?keyword=%E3%83%9F%E3%83%A5%E3%82%A6%2025th%20psa10&order=asc&price_min=35000&sort=price&status=on_sale
Sat Mar 21 14:22:03 JST 2026: Current lowest PSA10 (Mercari) = ¥48000 (prev: 48000)
✅ Sent via Slack. Message ID: 1774070525.466199
Sat Mar 21 14:22:05 JST 2026: Posted to Slack: ¥48000
navigated to https://jp.mercari.com/search?keyword=%E3%83%9F%E3%83%A5%E3%82%A6%2025th%20psa10&order=asc&price_min=35000&sort=price&status=on_sale
Sat Mar 21 14:52:11 JST 2026: Current lowest PSA10 (Mercari) = ¥48000 (prev: 48000)
✅ Sent via Slack. Message ID: 1774072334.534969
Sat Mar 21 14:52:14 JST 2026: Posted to Slack: ¥48000
navigated to https://jp.mercari.com/search?keyword=%E3%83%9F%E3%83%A5%E3%82%A6%2025th%20psa10&order=asc&price_min=35000&sort=price&status=on_sale
Sat Mar 21 15:22:21 JST 2026: Current lowest PSA10 (Mercari) = ¥48000 (prev: 48000)
✅ Sent via Slack. Message ID: 1774074143.345499
Sat Mar 21 15:22:23 JST 2026: Posted to Slack: ¥48000
navigated to https://jp.mercari.com/search?keyword=%E3%83%9F%E3%83%A5%E3%82%A6%2025th%20psa10&order=asc&price_min=35000&sort=price&status=on_sale
Sat Mar 21 15:52:29 JST 2026: Current lowest PSA10 (Mercari) = ¥48000 (prev: 48000)
✅ Sent via Slack. Message ID: 1774075952.025189
Sat Mar 21 15:52:32 JST 2026: Posted to Slack: ¥48000
navigated to https://jp.mercari.com/search?keyword=%E3%83%9F%E3%83%A5%E3%82%A6%2025th%20psa10&order=asc&price_min=35000&sort=price&status=on_sale
Sat Mar 21 16:22:38 JST 2026: Current lowest PSA10 (Mercari) = ¥48000 (prev: 48000)
✅ Sent via Slack. Message ID: 1774077760.871239
Sat Mar 21 16:22:41 JST 2026: Posted to Slack: ¥48000
navigated to https://jp.mercari.com/search?keyword=%E3%83%9F%E3%83%A5%E3%82%A6%2025th%20psa10&order=asc&price_min=35000&sort=price&status=on_sale
Sat Mar 21 16:52:47 JST 2026: Current lowest PSA10 (Mercari) = ¥48000 (prev: 48000)
✅ Sent via Slack. Message ID: 1774079569.603469
Sat Mar 21 16:52:49 JST 2026: Posted to Slack: ¥48000
navigated to https://jp.mercari.com/search?keyword=%E3%83%9F%E3%83%A5%E3%82%A6%2025th%20psa10&order=asc&price_min=35000&sort=price&status=on_sale
Sat Mar 21 17:22:56 JST 2026: Current lowest PSA10 (Mercari) = ¥48000 (prev: 48000)
✅ Sent via Slack. Message ID: 1774081378.947039
Sat Mar 21 17:22:59 JST 2026: Posted to Slack: ¥48000
navigated to https://jp.mercari.com/search?keyword=%E3%83%9F%E3%83%A5%E3%82%A6%2025th%20psa10&order=asc&price_min=35000&sort=price&status=on_sale
Sat Mar 21 17:53:04 JST 2026: Current lowest PSA10 (Mercari) = ¥48000 (prev: 48000)
✅ Sent via Slack. Message ID: 1774083186.616419
Sat Mar 21 17:53:06 JST 2026: Posted to Slack: ¥48000
navigated to https://jp.mercari.com/search?keyword=%E3%83%9F%E3%83%A5%E3%82%A6%2025th%20psa10&order=asc&price_min=35000&sort=price&status=on_sale
Sat Mar 21 18:23:12 JST 2026: Current lowest PSA10 (Mercari) = ¥48000 (prev: 48000)
✅ Sent via Slack. Message ID: 1774084995.105859
Sat Mar 21 18:23:15 JST 2026: Posted to Slack: ¥48000
navigated to https://jp.mercari.com/search?keyword=%E3%83%9F%E3%83%A5%E3%82%A6%2025th%20psa10&order=asc&price_min=35000&sort=price&status=on_sale
Sat Mar 21 18:53:21 JST 2026: Current lowest PSA10 (Mercari) = ¥48000 (prev: 48000)
✅ Sent via Slack. Message ID: 1774086804.077919
Sat Mar 21 18:53:24 JST 2026: Posted to Slack: ¥48000
navigated to https://jp.mercari.com/search?keyword=%E3%83%9F%E3%83%A5%E3%82%A6%2025th%20psa10&order=asc&price_min=35000&sort=price&status=on_sale
Sat Mar 21 19:23:30 JST 2026: Current lowest PSA10 (Mercari) = ¥48000 (prev: 48000)
✅ Sent via Slack. Message ID: 1774088612.953729
Sat Mar 21 19:23:33 JST 2026: Posted to Slack: ¥48000
navigated to https://jp.mercari.com/search?keyword=%E3%83%9F%E3%83%A5%E3%82%A6%2025th%20psa10&order=asc&price_min=35000&sort=price&status=on_sale
Sat Mar 21 19:53:38 JST 2026: Current lowest PSA10 (Mercari) = ¥36300 (prev: 48000)
✅ Sent via Slack. Message ID: 1774090421.357429
Sat Mar 21 19:53:41 JST 2026: Posted to Slack: ¥36300
navigated to https://jp.mercari.com/search?keyword=%E3%83%9F%E3%83%A5%E3%82%A6%2025th%20psa10&order=asc&price_min=35000&sort=price&status=on_sale
Sat Mar 21 20:23:48 JST 2026: Current lowest PSA10 (Mercari) = ¥43100 (prev: 36300)
✅ Sent via Slack. Message ID: 1774092230.954399
Sat Mar 21 20:23:51 JST 2026: Posted to Slack: ¥43100
navigated to https://jp.mercari.com/search?keyword=%E3%83%9F%E3%83%A5%E3%82%A6%2025th%20psa10&order=asc&price_min=35000&sort=price&status=on_sale
Sat Mar 21 20:53:57 JST 2026: Current lowest PSA10 (Mercari) = ¥43100 (prev: 43100)
✅ Sent via Slack. Message ID: 1774094039.856399
Sat Mar 21 20:54:00 JST 2026: Posted to Slack: ¥43100
navigated to https://jp.mercari.com/search?keyword=%E3%83%9F%E3%83%A5%E3%82%A6%2025th%20psa10&order=asc&price_min=35000&sort=price&status=on_sale
Sat Mar 21 21:24:06 JST 2026: Current lowest PSA10 (Mercari) = ¥43100 (prev: 43100)
✅ Sent via Slack. Message ID: 1774095849.412809
Sat Mar 21 21:24:09 JST 2026: Posted to Slack: ¥43100
navigated to https://jp.mercari.com/search?keyword=%E3%83%9F%E3%83%A5%E3%82%A6%2025th%20psa10&order=asc&price_min=35000&sort=price&status=on_sale
Sat Mar 21 21:54:33 JST 2026: Current lowest PSA10 (Mercari) = ¥43100 (prev: 43100)
✅ Sent via Slack. Message ID: 1774097675.764789
Sat Mar 21 21:54:35 JST 2026: Posted to Slack: ¥43100
navigated to https://jp.mercari.com/search?keyword=%E3%83%9F%E3%83%A5%E3%82%A6%2025th%20psa10&order=asc&price_min=35000&sort=price&status=on_sale
Sat Mar 21 22:24:42 JST 2026: Current lowest PSA10 (Mercari) = ¥43100 (prev: 43100)
✅ Sent via Slack. Message ID: 1774099484.727069
Sat Mar 21 22:24:44 JST 2026: Posted to Slack: ¥43100
navigated to https://jp.mercari.com/search?keyword=%E3%83%9F%E3%83%A5%E3%82%A6%2025th%20psa10&order=asc&price_min=35000&sort=price&status=on_sale
Sat Mar 21 22:54:50 JST 2026: Current lowest PSA10 (Mercari) = ¥43100 (prev: 43100)
✅ Sent via Slack. Message ID: 1774101293.070939
Sat Mar 21 22:54:53 JST 2026: Posted to Slack: ¥43100
navigated to https://jp.mercari.com/search?keyword=%E3%83%9F%E3%83%A5%E3%82%A6%2025th%20psa10&order=asc&price_min=35000&sort=price&status=on_sale
Sat Mar 21 23:24:59 JST 2026: Current lowest PSA10 (Mercari) = ¥43100 (prev: 43100)
✅ Sent via Slack. Message ID: 1774103102.102419
Sat Mar 21 23:25:02 JST 2026: Posted to Slack: ¥43100
navigated to https://jp.mercari.com/search?keyword=%E3%83%9F%E3%83%A5%E3%82%A6%2025th%20psa10&order=asc&price_min=35000&sort=price&status=on_sale
Sat Mar 21 23:55:08 JST 2026: Current lowest PSA10 (Mercari) = ¥43100 (prev: 43100)
✅ Sent via Slack. Message ID: 1774104911.063079
Sat Mar 21 23:55:11 JST 2026: Posted to Slack: ¥43100
navigated to https://jp.mercari.com/search?keyword=%E3%83%9F%E3%83%A5%E3%82%A6%2025th%20psa10&order=asc&price_min=35000&sort=price&status=on_sale
Sun Mar 22 00:25:17 JST 2026: Current lowest PSA10 (Mercari) = ¥43100 (prev: 43100)
✅ Sent via Slack. Message ID: 1774106719.986719
Sun Mar 22 00:25:20 JST 2026: Posted to Slack: ¥43100
navigated to https://jp.mercari.com/search?keyword=%E3%83%9F%E3%83%A5%E3%82%A6%2025th%20psa10&order=asc&price_min=35000&sort=price&status=on_sale
Sun Mar 22 00:55:26 JST 2026: Current lowest PSA10 (Mercari) = ¥43100 (prev: 43100)
✅ Sent via Slack. Message ID: 1774108528.825419
Sun Mar 22 00:55:29 JST 2026: Posted to Slack: ¥43100
navigated to https://jp.mercari.com/search?keyword=%E3%83%9F%E3%83%A5%E3%82%A6%2025th%20psa10&order=asc&price_min=35000&sort=price&status=on_sale
Sun Mar 22 01:25:35 JST 2026: Current lowest PSA10 (Mercari) = ¥43100 (prev: 43100)
✅ Sent via Slack. Message ID: 1774110338.684349
Sun Mar 22 01:25:38 JST 2026: Posted to Slack: ¥43100
navigated to https://jp.mercari.com/search?keyword=%E3%83%9F%E3%83%A5%E3%82%A6%2025th%20psa10&order=asc&price_min=35000&sort=price&status=on_sale
Sun Mar 22 01:55:45 JST 2026: Current lowest PSA10 (Mercari) = ¥43100 (prev: 43100)
✅ Sent via Slack. Message ID: 1774112148.253459
Sun Mar 22 01:55:48 JST 2026: Posted to Slack: ¥43100
navigated to https://jp.mercari.com/search?keyword=%E3%83%9F%E3%83%A5%E3%82%A6%2025th%20psa10&order=asc&price_min=35000&sort=price&status=on_sale
Sun Mar 22 02:25:54 JST 2026: Current lowest PSA10 (Mercari) = ¥43100 (prev: 43100)
✅ Sent via Slack. Message ID: 1774113957.357459
Sun Mar 22 02:25:57 JST 2026: Posted to Slack: ¥43100
navigated to https://jp.mercari.com/search?keyword=%E3%83%9F%E3%83%A5%E3%82%A6%2025th%20psa10&order=asc&price_min=35000&sort=price&status=on_sale
Sun Mar 22 02:56:03 JST 2026: Current lowest PSA10 (Mercari) = ¥43100 (prev: 43100)
✅ Sent via Slack. Message ID: 1774115766.407509
Sun Mar 22 02:56:06 JST 2026: Posted to Slack: ¥43100
navigated to https://jp.mercari.com/search?keyword=%E3%83%9F%E3%83%A5%E3%82%A6%2025th%20psa10&order=asc&price_min=35000&sort=price&status=on_sale
Sun Mar 22 03:26:13 JST 2026: Current lowest PSA10 (Mercari) = ¥43100 (prev: 43100)
✅ Sent via Slack. Message ID: 1774117575.684779
Sun Mar 22 03:26:15 JST 2026: Posted to Slack: ¥43100
navigated to https://jp.mercari.com/search?keyword=%E3%83%9F%E3%83%A5%E3%82%A6%2025th%20psa10&order=asc&price_min=35000&sort=price&status=on_sale
Sun Mar 22 03:56:22 JST 2026: Current lowest PSA10 (Mercari) = ¥43100 (prev: 43100)
✅ Sent via Slack. Message ID: 1774119384.641759
Sun Mar 22 03:56:24 JST 2026: Posted to Slack: ¥43100
navigated to https://jp.mercari.com/search?keyword=%E3%83%9F%E3%83%A5%E3%82%A6%2025th%20psa10&order=asc&price_min=35000&sort=price&status=on_sale
Sun Mar 22 04:26:31 JST 2026: Current lowest PSA10 (Mercari) = ¥43100 (prev: 43100)
✅ Sent via Slack. Message ID: 1774121193.546699
Sun Mar 22 04:26:33 JST 2026: Posted to Slack: ¥43100
navigated to https://jp.mercari.com/search?keyword=%E3%83%9F%E3%83%A5%E3%82%A6%2025th%20psa10&order=asc&price_min=35000&sort=price&status=on_sale
Sun Mar 22 04:56:39 JST 2026: Current lowest PSA10 (Mercari) = ¥43100 (prev: 43100)
✅ Sent via Slack. Message ID: 1774123002.560279
Sun Mar 22 04:56:42 JST 2026: Posted to Slack: ¥43100
navigated to https://jp.mercari.com/search?keyword=%E3%83%9F%E3%83%A5%E3%82%A6%2025th%20psa10&order=asc&price_min=35000&sort=price&status=on_sale
Sun Mar 22 05:26:48 JST 2026: Current lowest PSA10 (Mercari) = ¥43100 (prev: 43100)
✅ Sent via Slack. Message ID: 1774124811.614189
Sun Mar 22 05:26:51 JST 2026: Posted to Slack: ¥43100
navigated to https://jp.mercari.com/search?keyword=%E3%83%9F%E3%83%A5%E3%82%A6%2025th%20psa10&order=asc&price_min=35000&sort=price&status=on_sale
Sun Mar 22 05:56:58 JST 2026: Current lowest PSA10 (Mercari) = ¥43100 (prev: 43100)
✅ Sent via Slack. Message ID: 1774126620.615419
Sun Mar 22 05:57:00 JST 2026: Posted to Slack: ¥43100
navigated to https://jp.mercari.com/search?keyword=%E3%83%9F%E3%83%A5%E3%82%A6%2025th%20psa10&order=asc&price_min=35000&sort=price&status=on_sale
Sun Mar 22 06:27:07 JST 2026: Current lowest PSA10 (Mercari) = ¥43100 (prev: 43100)
✅ Sent via Slack. Message ID: 1774128430.137389
Sun Mar 22 06:27:10 JST 2026: Posted to Slack: ¥43100
navigated to https://jp.mercari.com/search?keyword=%E3%83%9F%E3%83%A5%E3%82%A6%2025th%20psa10&order=asc&price_min=35000&sort=price&status=on_sale
Sun Mar 22 06:57:15 JST 2026: Current lowest PSA10 (Mercari) = ¥43100 (prev: 43100)
✅ Sent via Slack. Message ID: 1774130238.240229
Sun Mar 22 06:57:18 JST 2026: Posted to Slack: ¥43100
navigated to https://jp.mercari.com/search?keyword=%E3%83%9F%E3%83%A5%E3%82%A6%2025th%20psa10&order=asc&price_min=35000&sort=price&status=on_sale
Sun Mar 22 07:27:24 JST 2026: Current lowest PSA10 (Mercari) = ¥43100 (prev: 43100)
✅ Sent via Slack. Message ID: 1774132047.566789
Sun Mar 22 07:27:27 JST 2026: Posted to Slack: ¥43100
navigated to https://jp.mercari.com/search?keyword=%E3%83%9F%E3%83%A5%E3%82%A6%2025th%20psa10&order=asc&price_min=35000&sort=price&status=on_sale
Sun Mar 22 07:57:33 JST 2026: Current lowest PSA10 (Mercari) = ¥43100 (prev: 43100)
✅ Sent via Slack. Message ID: 1774133856.510589
Sun Mar 22 07:57:36 JST 2026: Posted to Slack: ¥43100
navigated to https://jp.mercari.com/search?keyword=%E3%83%9F%E3%83%A5%E3%82%A6%2025th%20psa10&order=asc&price_min=35000&sort=price&status=on_sale
Sun Mar 22 08:27:42 JST 2026: Current lowest PSA10 (Mercari) = ¥43100 (prev: 43100)
✅ Sent via Slack. Message ID: 1774135665.413199
Sun Mar 22 08:27:45 JST 2026: Posted to Slack: ¥43100
navigated to https://jp.mercari.com/search?keyword=%E3%83%9F%E3%83%A5%E3%82%A6%2025th%20psa10&order=asc&price_min=35000&sort=price&status=on_sale
Sun Mar 22 08:57:51 JST 2026: Current lowest PSA10 (Mercari) = ¥43100 (prev: 43100)
✅ Sent via Slack. Message ID: 1774137474.224469
Sun Mar 22 08:57:54 JST 2026: Posted to Slack: ¥43100
navigated to https://jp.mercari.com/search?keyword=%E3%83%9F%E3%83%A5%E3%82%A6%2025th%20psa10&order=asc&price_min=35000&sort=price&status=on_sale
Sun Mar 22 09:28:00 JST 2026: Current lowest PSA10 (Mercari) = ¥43100 (prev: 43100)
✅ Sent via Slack. Message ID: 1774139283.086419
Sun Mar 22 09:28:03 JST 2026: Posted to Slack: ¥43100
navigated to https://jp.mercari.com/search?keyword=%E3%83%9F%E3%83%A5%E3%82%A6%2025th%20psa10&order=asc&price_min=35000&sort=price&status=on_sale
Sun Mar 22 09:58:09 JST 2026: Current lowest PSA10 (Mercari) = ¥45999 (prev: 43100)
✅ Sent via Slack. Message ID: 1774141091.760509
Sun Mar 22 09:58:11 JST 2026: Posted to Slack: ¥45999
navigated to https://jp.mercari.com/search?keyword=%E3%83%9F%E3%83%A5%E3%82%A6%2025th%20psa10&order=asc&price_min=35000&sort=price&status=on_sale
Sun Mar 22 10:28:18 JST 2026: Current lowest PSA10 (Mercari) = ¥45999 (prev: 45999)
✅ Sent via Slack. Message ID: 1774142900.729829
Sun Mar 22 10:28:20 JST 2026: Posted to Slack: ¥45999
navigated to https://jp.mercari.com/search?keyword=%E3%83%9F%E3%83%A5%E3%82%A6%2025th%20psa10&order=asc&price_min=35000&sort=price&status=on_sale
Sun Mar 22 10:58:28 JST 2026: Current lowest PSA10 (Mercari) = ¥45999 (prev: 45999)
✅ Sent via Slack. Message ID: 1774144730.937899
Sun Mar 22 10:58:50 JST 2026: Posted to Slack: ¥45999
navigated to https://jp.mercari.com/search?keyword=%E3%83%9F%E3%83%A5%E3%82%A6%2025th%20psa10&order=asc&price_min=35000&sort=price&status=on_sale
Sun Mar 22 11:28:57 JST 2026: Current lowest PSA10 (Mercari) = ¥45999 (prev: 45999)
✅ Sent via Slack. Message ID: 1774146539.793559
Sun Mar 22 11:29:00 JST 2026: Posted to Slack: ¥45999
navigated to https://jp.mercari.com/search?keyword=%E3%83%9F%E3%83%A5%E3%82%A6%2025th%20psa10&order=asc&price_min=35000&sort=price&status=on_sale
Sun Mar 22 11:59:06 JST 2026: Current lowest PSA10 (Mercari) = ¥48888 (prev: 45999)
✅ Sent via Slack. Message ID: 1774148348.889399
Sun Mar 22 11:59:09 JST 2026: Posted to Slack: ¥48888
navigated to https://jp.mercari.com/search?keyword=%E3%83%9F%E3%83%A5%E3%82%A6%2025th%20psa10&order=asc&price_min=35000&sort=price&status=on_sale
Sun Mar 22 12:29:15 JST 2026: Current lowest PSA10 (Mercari) = ¥49800 (prev: 48888)
✅ Sent via Slack. Message ID: 1774150157.736369
Sun Mar 22 12:29:17 JST 2026: Posted to Slack: ¥49800
navigated to https://jp.mercari.com/search?keyword=%E3%83%9F%E3%83%A5%E3%82%A6%2025th%20psa10&order=asc&price_min=35000&sort=price&status=on_sale
Sun Mar 22 12:59:24 JST 2026: Current lowest PSA10 (Mercari) = ¥49800 (prev: 49800)
✅ Sent via Slack. Message ID: 1774151966.920099
Sun Mar 22 12:59:27 JST 2026: Posted to Slack: ¥49800
navigated to https://jp.mercari.com/search?keyword=%E3%83%9F%E3%83%A5%E3%82%A6%2025th%20psa10&order=asc&price_min=35000&sort=price&status=on_sale
Sun Mar 22 13:29:34 JST 2026: Current lowest PSA10 (Mercari) = ¥49800 (prev: 49800)
✅ Sent via Slack. Message ID: 1774153776.514749
Sun Mar 22 13:29:36 JST 2026: Posted to Slack: ¥49800
navigated to https://jp.mercari.com/search?keyword=%E3%83%9F%E3%83%A5%E3%82%A6%2025th%20psa10&order=asc&price_min=35000&sort=price&status=on_sale
Sun Mar 22 13:59:43 JST 2026: Current lowest PSA10 (Mercari) = ¥49800 (prev: 49800)
✅ Sent via Slack. Message ID: 1774155585.908609
Sun Mar 22 13:59:46 JST 2026: Posted to Slack: ¥49800
navigated to https://jp.mercari.com/search?keyword=%E3%83%9F%E3%83%A5%E3%82%A6%2025th%20psa10&order=asc&price_min=35000&sort=price&status=on_sale
Sun Mar 22 14:29:52 JST 2026: Current lowest PSA10 (Mercari) = ¥49800 (prev: 49800)
✅ Sent via Slack. Message ID: 1774157394.977799
Sun Mar 22 14:29:55 JST 2026: Posted to Slack: ¥49800
navigated to https://jp.mercari.com/search?keyword=%E3%83%9F%E3%83%A5%E3%82%A6%2025th%20psa10&order=asc&price_min=35000&sort=price&status=on_sale
Sun Mar 22 15:00:02 JST 2026: Current lowest PSA10 (Mercari) = ¥49800 (prev: 49800)
✅ Sent via Slack. Message ID: 1774159204.525329
Sun Mar 22 15:00:04 JST 2026: Posted to Slack: ¥49800
navigated to https://jp.mercari.com/search?keyword=%E3%83%9F%E3%83%A5%E3%82%A6%2025th%20psa10&order=asc&price_min=35000&sort=price&status=on_sale
Sun Mar 22 15:30:11 JST 2026: Current lowest PSA10 (Mercari) = ¥37000 (prev: 49800)
✅ Sent via Slack. Message ID: 1774161014.162119
Sun Mar 22 15:30:14 JST 2026: Posted to Slack: ¥37000
navigated to https://jp.mercari.com/search?keyword=%E3%83%9F%E3%83%A5%E3%82%A6%2025th%20psa10&order=asc&price_min=35000&sort=price&status=on_sale
Sun Mar 22 16:00:20 JST 2026: Current lowest PSA10 (Mercari) = ¥35100 (prev: 37000)
✅ Sent via Slack. Message ID: 1774162823.717659
Sun Mar 22 16:00:23 JST 2026: Posted to Slack: ¥35100
navigated to https://jp.mercari.com/search?keyword=%E3%83%9F%E3%83%A5%E3%82%A6%2025th%20psa10&order=asc&price_min=35000&sort=price&status=on_sale
Sun Mar 22 16:30:30 JST 2026: Current lowest PSA10 (Mercari) = ¥35100 (prev: 35100)
✅ Sent via Slack. Message ID: 1774164633.142729
Sun Mar 22 16:30:33 JST 2026: Posted to Slack: ¥35100
navigated to https://jp.mercari.com/search?keyword=%E3%83%9F%E3%83%A5%E3%82%A6%2025th%20psa10&order=asc&price_min=35000&sort=price&status=on_sale
Sun Mar 22 17:00:40 JST 2026: Current lowest PSA10 (Mercari) = ¥35100 (prev: 35100)
✅ Sent via Slack. Message ID: 1774166442.558979
Sun Mar 22 17:00:42 JST 2026: Posted to Slack: ¥35100
navigated to https://jp.mercari.com/search?keyword=%E3%83%9F%E3%83%A5%E3%82%A6%2025th%20psa10&order=asc&price_min=35000&sort=price&status=on_sale
Sun Mar 22 17:30:49 JST 2026: Current lowest PSA10 (Mercari) = ¥35100 (prev: 35100)
✅ Sent via Slack. Message ID: 1774168251.972749
Sun Mar 22 17:30:52 JST 2026: Posted to Slack: ¥35100
navigated to https://jp.mercari.com/search?keyword=%E3%83%9F%E3%83%A5%E3%82%A6%2025th%20psa10&order=asc&price_min=35000&sort=price&status=on_sale
Sun Mar 22 18:00:58 JST 2026: Current lowest PSA10 (Mercari) = ¥35100 (prev: 35100)
✅ Sent via Slack. Message ID: 1774170060.726379
Sun Mar 22 18:01:00 JST 2026: Posted to Slack: ¥35100
navigated to https://jp.mercari.com/search?keyword=%E3%83%9F%E3%83%A5%E3%82%A6%2025th%20psa10&order=asc&price_min=35000&sort=price&status=on_sale
Sun Mar 22 18:31:08 JST 2026: Current lowest PSA10 (Mercari) = ¥35100 (prev: 35100)
✅ Sent via Slack. Message ID: 1774171870.542509
Sun Mar 22 18:31:10 JST 2026: Posted to Slack: ¥35100
navigated to https://jp.mercari.com/search?keyword=%E3%83%9F%E3%83%A5%E3%82%A6%2025th%20psa10&order=asc&price_min=35000&sort=price&status=on_sale
Sun Mar 22 19:01:17 JST 2026: Current lowest PSA10 (Mercari) = ¥35100 (prev: 35100)
✅ Sent via Slack. Message ID: 1774173680.002709
Sun Mar 22 19:01:20 JST 2026: Posted to Slack: ¥35100
navigated to https://jp.mercari.com/search?keyword=%E3%83%9F%E3%83%A5%E3%82%A6%2025th%20psa10&order=asc&price_min=35000&sort=price&status=on_sale
Sun Mar 22 19:31:25 JST 2026: Current lowest PSA10 (Mercari) = ¥35100 (prev: 35100)
✅ Sent via Slack. Message ID: 1774175488.070249
Sun Mar 22 19:31:28 JST 2026: Posted to Slack: ¥35100
navigated to https://jp.mercari.com/search?keyword=%E3%83%9F%E3%83%A5%E3%82%A6%2025th%20psa10&order=asc&price_min=35000&sort=price&status=on_sale
Sun Mar 22 20:01:34 JST 2026: Current lowest PSA10 (Mercari) = ¥35100 (prev: 35100)
✅ Sent via Slack. Message ID: 1774177297.364959
Sun Mar 22 20:01:37 JST 2026: Posted to Slack: ¥35100
navigated to https://jp.mercari.com/search?keyword=%E3%83%9F%E3%83%A5%E3%82%A6%2025th%20psa10&order=asc&price_min=35000&sort=price&status=on_sale
Sun Mar 22 20:31:43 JST 2026: Current lowest PSA10 (Mercari) = ¥35200 (prev: 35100)
✅ Sent via Slack. Message ID: 1774179106.601769
Sun Mar 22 20:31:46 JST 2026: Posted to Slack: ¥35200
navigated to https://jp.mercari.com/search?keyword=%E3%83%9F%E3%83%A5%E3%82%A6%2025th%20psa10&order=asc&price_min=35000&sort=price&status=on_sale
Sun Mar 22 21:01:53 JST 2026: Current lowest PSA10 (Mercari) = ¥35200 (prev: 35200)
✅ Sent via Slack. Message ID: 1774180915.786739
Sun Mar 22 21:01:56 JST 2026: Posted to Slack: ¥35200
navigated to https://jp.mercari.com/search?keyword=%E3%83%9F%E3%83%A5%E3%82%A6%2025th%20psa10&order=asc&price_min=35000&sort=price&status=on_sale
Sun Mar 22 21:32:02 JST 2026: Current lowest PSA10 (Mercari) = ¥35200 (prev: 35200)
✅ Sent via Slack. Message ID: 1774182725.284489
Sun Mar 22 21:32:05 JST 2026: Posted to Slack: ¥35200
navigated to https://jp.mercari.com/search?keyword=%E3%83%9F%E3%83%A5%E3%82%A6%2025th%20psa10&order=asc&price_min=35000&sort=price&status=on_sale
Sun Mar 22 22:02:11 JST 2026: Current lowest PSA10 (Mercari) = ¥35200 (prev: 35200)
✅ Sent via Slack. Message ID: 1774184534.599669
Sun Mar 22 22:02:14 JST 2026: Posted to Slack: ¥35200
navigated to https://jp.mercari.com/search?keyword=%E3%83%9F%E3%83%A5%E3%82%A6%2025th%20psa10&order=asc&price_min=35000&sort=price&status=on_sale
Sun Mar 22 22:32:22 JST 2026: Current lowest PSA10 (Mercari) = ¥35200 (prev: 35200)
✅ Sent via Slack. Message ID: 1774186344.571089
Sun Mar 22 22:32:24 JST 2026: Posted to Slack: ¥35200
navigated to https://jp.mercari.com/search?keyword=%E3%83%9F%E3%83%A5%E3%82%A6%2025th%20psa10&order=asc&price_min=35000&sort=price&status=on_sale
Sun Mar 22 23:02:31 JST 2026: Current lowest PSA10 (Mercari) = ¥35200 (prev: 35200)
✅ Sent via Slack. Message ID: 1774188154.721619
Sun Mar 22 23:02:34 JST 2026: Posted to Slack: ¥35200
navigated to https://jp.mercari.com/search?keyword=%E3%83%9F%E3%83%A5%E3%82%A6%2025th%20psa10&order=asc&price_min=35000&sort=price&status=on_sale
Sun Mar 22 23:32:41 JST 2026: Current lowest PSA10 (Mercari) = ¥35200 (prev: 35200)
✅ Sent via Slack. Message ID: 1774189964.330879
Sun Mar 22 23:32:44 JST 2026: Posted to Slack: ¥35200
navigated to https://jp.mercari.com/search?keyword=%E3%83%9F%E3%83%A5%E3%82%A6%2025th%20psa10&order=asc&price_min=35000&sort=price&status=on_sale
Mon Mar 23 00:03:08 JST 2026: Current lowest PSA10 (Mercari) = ¥35200 (prev: 35200)
✅ Sent via Slack. Message ID: 1774191791.642499
Mon Mar 23 00:03:11 JST 2026: Posted to Slack: ¥35200
navigated to https://jp.mercari.com/search?keyword=%E3%83%9F%E3%83%A5%E3%82%A6%2025th%20psa10&order=asc&price_min=35000&sort=price&status=on_sale
Mon Mar 23 00:33:18 JST 2026: Current lowest PSA10 (Mercari) = ¥35200 (prev: 35200)
✅ Sent via Slack. Message ID: 1774193601.198939
Mon Mar 23 00:33:21 JST 2026: Posted to Slack: ¥35200
navigated to https://jp.mercari.com/search?keyword=%E3%83%9F%E3%83%A5%E3%82%A6%2025th%20psa10&order=asc&price_min=35000&sort=price&status=on_sale
Mon Mar 23 01:03:27 JST 2026: Current lowest PSA10 (Mercari) = ¥35200 (prev: 35200)
✅ Sent via Slack. Message ID: 1774195410.284419
Mon Mar 23 01:03:30 JST 2026: Posted to Slack: ¥35200
navigated to https://jp.mercari.com/search?keyword=%E3%83%9F%E3%83%A5%E3%82%A6%2025th%20psa10&order=asc&price_min=35000&sort=price&status=on_sale
Mon Mar 23 01:33:37 JST 2026: Current lowest PSA10 (Mercari) = ¥35200 (prev: 35200)
✅ Sent via Slack. Message ID: 1774197219.405529
Mon Mar 23 01:33:39 JST 2026: Posted to Slack: ¥35200
navigated to https://jp.mercari.com/search?keyword=%E3%83%9F%E3%83%A5%E3%82%A6%2025th%20psa10&order=asc&price_min=35000&sort=price&status=on_sale
Mon Mar 23 02:03:45 JST 2026: Current lowest PSA10 (Mercari) = ¥35200 (prev: 35200)
✅ Sent via Slack. Message ID: 1774199028.685079
Mon Mar 23 02:03:48 JST 2026: Posted to Slack: ¥35200
navigated to https://jp.mercari.com/search?keyword=%E3%83%9F%E3%83%A5%E3%82%A6%2025th%20psa10&order=asc&price_min=35000&sort=price&status=on_sale
Mon Mar 23 02:33:55 JST 2026: Current lowest PSA10 (Mercari) = ¥35200 (prev: 35200)
✅ Sent via Slack. Message ID: 1774200837.832269
Mon Mar 23 02:33:58 JST 2026: Posted to Slack: ¥35200
navigated to https://jp.mercari.com/search?keyword=%E3%83%9F%E3%83%A5%E3%82%A6%2025th%20psa10&order=asc&price_min=35000&sort=price&status=on_sale
Mon Mar 23 03:04:04 JST 2026: Current lowest PSA10 (Mercari) = ¥35200 (prev: 35200)
✅ Sent via Slack. Message ID: 1774202647.048599
Mon Mar 23 03:04:07 JST 2026: Posted to Slack: ¥35200
navigated to https://jp.mercari.com/search?keyword=%E3%83%9F%E3%83%A5%E3%82%A6%2025th%20psa10&order=asc&price_min=35000&sort=price&status=on_sale
Mon Mar 23 03:34:13 JST 2026: Current lowest PSA10 (Mercari) = ¥35200 (prev: 35200)
✅ Sent via Slack. Message ID: 1774204456.516019
Mon Mar 23 03:34:16 JST 2026: Posted to Slack: ¥35200
navigated to https://jp.mercari.com/search?keyword=%E3%83%9F%E3%83%A5%E3%82%A6%2025th%20psa10&order=asc&price_min=35000&sort=price&status=on_sale
Mon Mar 23 04:04:22 JST 2026: Current lowest PSA10 (Mercari) = ¥35200 (prev: 35200)
✅ Sent via Slack. Message ID: 1774206265.669409
Mon Mar 23 04:04:25 JST 2026: Posted to Slack: ¥35200
navigated to https://jp.mercari.com/search?keyword=%E3%83%9F%E3%83%A5%E3%82%A6%2025th%20psa10&order=asc&price_min=35000&sort=price&status=on_sale
Mon Mar 23 04:34:32 JST 2026: Current lowest PSA10 (Mercari) = ¥35200 (prev: 35200)
✅ Sent via Slack. Message ID: 1774208074.981679
Mon Mar 23 04:34:35 JST 2026: Posted to Slack: ¥35200
navigated to https://jp.mercari.com/search?keyword=%E3%83%9F%E3%83%A5%E3%82%A6%2025th%20psa10&order=asc&price_min=35000&sort=price&status=on_sale
Mon Mar 23 05:04:41 JST 2026: Current lowest PSA10 (Mercari) = ¥35200 (prev: 35200)
✅ Sent via Slack. Message ID: 1774209884.284999
Mon Mar 23 05:04:44 JST 2026: Posted to Slack: ¥35200
navigated to https://jp.mercari.com/search?keyword=%E3%83%9F%E3%83%A5%E3%82%A6%2025th%20psa10&order=asc&price_min=35000&sort=price&status=on_sale
Mon Mar 23 05:34:51 JST 2026: Current lowest PSA10 (Mercari) = ¥35200 (prev: 35200)
✅ Sent via Slack. Message ID: 1774211693.699609
Mon Mar 23 05:34:53 JST 2026: Posted to Slack: ¥35200
navigated to https://jp.mercari.com/search?keyword=%E3%83%9F%E3%83%A5%E3%82%A6%2025th%20psa10&order=asc&price_min=35000&sort=price&status=on_sale
Mon Mar 23 06:05:00 JST 2026: Current lowest PSA10 (Mercari) = ¥35200 (prev: 35200)
✅ Sent via Slack. Message ID: 1774213503.447069
Mon Mar 23 06:05:03 JST 2026: Posted to Slack: ¥35200
navigated to https://jp.mercari.com/search?keyword=%E3%83%9F%E3%83%A5%E3%82%A6%2025th%20psa10&order=asc&price_min=35000&sort=price&status=on_sale
Mon Mar 23 06:35:10 JST 2026: Current lowest PSA10 (Mercari) = ¥35200 (prev: 35200)
✅ Sent via Slack. Message ID: 1774215313.004439
Mon Mar 23 06:35:13 JST 2026: Posted to Slack: ¥35200
navigated to https://jp.mercari.com/search?keyword=%E3%83%9F%E3%83%A5%E3%82%A6%2025th%20psa10&order=asc&price_min=35000&sort=price&status=on_sale
Mon Mar 23 07:05:19 JST 2026: Current lowest PSA10 (Mercari) = ¥35200 (prev: 35200)
✅ Sent via Slack. Message ID: 1774217122.145699
Mon Mar 23 07:05:22 JST 2026: Posted to Slack: ¥35200
navigated to https://jp.mercari.com/search?keyword=%E3%83%9F%E3%83%A5%E3%82%A6%2025th%20psa10&order=asc&price_min=35000&sort=price&status=on_sale
Mon Mar 23 07:35:29 JST 2026: Current lowest PSA10 (Mercari) = ¥35200 (prev: 35200)
✅ Sent via Slack. Message ID: 1774218931.487769
Mon Mar 23 07:35:31 JST 2026: Posted to Slack: ¥35200
navigated to https://jp.mercari.com/search?keyword=%E3%83%9F%E3%83%A5%E3%82%A6%2025th%20psa10&order=asc&price_min=35000&sort=price&status=on_sale
Mon Mar 23 08:05:38 JST 2026: Current lowest PSA10 (Mercari) = ¥35200 (prev: 35200)
✅ Sent via Slack. Message ID: 1774220740.664349
Mon Mar 23 08:05:40 JST 2026: Posted to Slack: ¥35200
navigated to https://jp.mercari.com/search?keyword=%E3%83%9F%E3%83%A5%E3%82%A6%2025th%20psa10&order=asc&price_min=35000&sort=price&status=on_sale
Mon Mar 23 08:35:47 JST 2026: Current lowest PSA10 (Mercari) = ¥35200 (prev: 35200)
✅ Sent via Slack. Message ID: 1774222549.903399
Mon Mar 23 08:35:50 JST 2026: Posted to Slack: ¥35200
navigated to https://jp.mercari.com/search?keyword=%E3%83%9F%E3%83%A5%E3%82%A6%2025th%20psa10&order=asc&price_min=35000&sort=price&status=on_sale
Mon Mar 23 09:05:56 JST 2026: Current lowest PSA10 (Mercari) = ¥35200 (prev: 35200)
✅ Sent via Slack. Message ID: 1774224358.936669
Mon Mar 23 09:05:59 JST 2026: Posted to Slack: ¥35200
navigated to https://jp.mercari.com/search?keyword=%E3%83%9F%E3%83%A5%E3%82%A6%2025th%20psa10&order=asc&price_min=35000&sort=price&status=on_sale
Mon Mar 23 09:36:04 JST 2026: Current lowest PSA10 (Mercari) = ¥35200 (prev: 35200)
✅ Sent via Slack. Message ID: 1774226167.080339
Mon Mar 23 09:36:07 JST 2026: Posted to Slack: ¥35200
navigated to https://jp.mercari.com/search?keyword=%E3%83%9F%E3%83%A5%E3%82%A6%2025th%20psa10&order=asc&price_min=35000&sort=price&status=on_sale
Mon Mar 23 10:06:13 JST 2026: Current lowest PSA10 (Mercari) = ¥35200 (prev: 35200)
✅ Sent via Slack. Message ID: 1774227975.930319
Mon Mar 23 10:06:16 JST 2026: Posted to Slack: ¥35200
navigated to https://jp.mercari.com/search?keyword=%E3%83%9F%E3%83%A5%E3%82%A6%2025th%20psa10&order=asc&price_min=35000&sort=price&status=on_sale
Mon Mar 23 10:36:22 JST 2026: Current lowest PSA10 (Mercari) = ¥35200 (prev: 35200)
✅ Sent via Slack. Message ID: 1774229785.313009
Mon Mar 23 10:36:25 JST 2026: Posted to Slack: ¥35200
navigated to https://jp.mercari.com/search?keyword=%E3%83%9F%E3%83%A5%E3%82%A6%2025th%20psa10&order=asc&price_min=35000&sort=price&status=on_sale
Mon Mar 23 11:06:31 JST 2026: Current lowest PSA10 (Mercari) = ¥35200 (prev: 35200)
✅ Sent via Slack. Message ID: 1774231594.397239
Mon Mar 23 11:06:34 JST 2026: Posted to Slack: ¥35200
navigated to https://jp.mercari.com/search?keyword=%E3%83%9F%E3%83%A5%E3%82%A6%2025th%20psa10&order=asc&price_min=35000&sort=price&status=on_sale
Mon Mar 23 11:36:41 JST 2026: Current lowest PSA10 (Mercari) = ¥35200 (prev: 35200)
✅ Sent via Slack. Message ID: 1774233403.400589
Mon Mar 23 11:36:43 JST 2026: Posted to Slack: ¥35200
navigated to https://jp.mercari.com/search?keyword=%E3%83%9F%E3%83%A5%E3%82%A6%2025th%20psa10&order=asc&price_min=35000&sort=price&status=on_sale
Mon Mar 23 12:06:49 JST 2026: Current lowest PSA10 (Mercari) = ¥35200 (prev: 35200)
✅ Sent via Slack. Message ID: 1774235212.697269
Mon Mar 23 12:06:52 JST 2026: Posted to Slack: ¥35200
navigated to https://jp.mercari.com/search?keyword=%E3%83%9F%E3%83%A5%E3%82%A6%2025th%20psa10&order=asc&price_min=35000&sort=price&status=on_sale
Mon Mar 23 12:36:59 JST 2026: Current lowest PSA10 (Mercari) = ¥35200 (prev: 35200)
✅ Sent via Slack. Message ID: 1774237022.116629
Mon Mar 23 12:37:02 JST 2026: Posted to Slack: ¥35200
navigated to https://jp.mercari.com/search?keyword=%E3%83%9F%E3%83%A5%E3%82%A6%2025th%20psa10&order=asc&price_min=35000&sort=price&status=on_sale
Mon Mar 23 13:07:08 JST 2026: Current lowest PSA10 (Mercari) = ¥35300 (prev: 35200)
✅ Sent via Slack. Message ID: 1774238831.514599
Mon Mar 23 13:07:11 JST 2026: Posted to Slack: ¥35300
navigated to https://jp.mercari.com/search?keyword=%E3%83%9F%E3%83%A5%E3%82%A6%2025th%20psa10&order=asc&price_min=35000&sort=price&status=on_sale
Mon Mar 23 13:37:17 JST 2026: Current lowest PSA10 (Mercari) = ¥35300 (prev: 35300)
✅ Sent via Slack. Message ID: 1774240640.015749
Mon Mar 23 13:37:20 JST 2026: Posted to Slack: ¥35300
navigated to https://jp.mercari.com/search?keyword=%E3%83%9F%E3%83%A5%E3%82%A6%2025th%20psa10&order=asc&price_min=35000&sort=price&status=on_sale
Mon Mar 23 14:07:26 JST 2026: Current lowest PSA10 (Mercari) = ¥35300 (prev: 35300)
✅ Sent via Slack. Message ID: 1774242449.535209
Mon Mar 23 14:07:29 JST 2026: Posted to Slack: ¥35300
navigated to https://jp.mercari.com/search?keyword=%E3%83%9F%E3%83%A5%E3%82%A6%2025th%20psa10&order=asc&price_min=35000&sort=price&status=on_sale
Mon Mar 23 14:37:36 JST 2026: Current lowest PSA10 (Mercari) = ¥35300 (prev: 35300)
✅ Sent via Slack. Message ID: 1774244258.735309
Mon Mar 23 14:37:38 JST 2026: Posted to Slack: ¥35300
navigated to https://jp.mercari.com/search?keyword=%E3%83%9F%E3%83%A5%E3%82%A6%2025th%20psa10&order=asc&price_min=35000&sort=price&status=on_sale
Mon Mar 23 15:07:44 JST 2026: Current lowest PSA10 (Mercari) = ¥35300 (prev: 35300)
✅ Sent via Slack. Message ID: 1774246067.344759
Mon Mar 23 15:07:47 JST 2026: Posted to Slack: ¥35300
navigated to https://jp.mercari.com/search?keyword=%E3%83%9F%E3%83%A5%E3%82%A6%2025th%20psa10&order=asc&price_min=35000&sort=price&status=on_sale
Mon Mar 23 15:37:54 JST 2026: Current lowest PSA10 (Mercari) = ¥35300 (prev: 35300)
✅ Sent via Slack. Message ID: 1774247876.915899
Mon Mar 23 15:37:57 JST 2026: Posted to Slack: ¥35300
navigated to https://jp.mercari.com/search?keyword=%E3%83%9F%E3%83%A5%E3%82%A6%2025th%20psa10&order=asc&price_min=35000&sort=price&status=on_sale
Mon Mar 23 16:08:02 JST 2026: Current lowest PSA10 (Mercari) = ¥35300 (prev: 35300)
✅ Sent via Slack. Message ID: 1774249685.040679
Mon Mar 23 16:08:05 JST 2026: Posted to Slack: ¥35300
navigated to https://jp.mercari.com/search?keyword=%E3%83%9F%E3%83%A5%E3%82%A6%2025th%20psa10&order=asc&price_min=35000&sort=price&status=on_sale
Mon Mar 23 16:38:11 JST 2026: Current lowest PSA10 (Mercari) = ¥35300 (prev: 35300)
✅ Sent via Slack. Message ID: 1774251494.212859
Mon Mar 23 16:38:14 JST 2026: Posted to Slack: ¥35300
navigated to https://jp.mercari.com/search?keyword=%E3%83%9F%E3%83%A5%E3%82%A6%2025th%20psa10&order=asc&price_min=35000&sort=price&status=on_sale
Mon Mar 23 17:08:21 JST 2026: Current lowest PSA10 (Mercari) = ¥35300 (prev: 35300)
✅ Sent via Slack. Message ID: 1774253303.854049
Mon Mar 23 17:08:24 JST 2026: Posted to Slack: ¥35300
navigated to https://jp.mercari.com/search?keyword=%E3%83%9F%E3%83%A5%E3%82%A6%2025th%20psa10&order=asc&price_min=35000&sort=price&status=on_sale
Mon Mar 23 17:38:29 JST 2026: Current lowest PSA10 (Mercari) = ¥35300 (prev: 35300)
✅ Sent via Slack. Message ID: 1774255112.203619
Mon Mar 23 17:38:32 JST 2026: Posted to Slack: ¥35300
navigated to https://jp.mercari.com/search?keyword=%E3%83%9F%E3%83%A5%E3%82%A6%2025th%20psa10&order=asc&price_min=35000&sort=price&status=on_sale
Mon Mar 23 18:08:38 JST 2026: Current lowest PSA10 (Mercari) = ¥35300 (prev: 35300)
✅ Sent via Slack. Message ID: 1774256921.198429
Mon Mar 23 18:08:41 JST 2026: Posted to Slack: ¥35300
navigated to https://jp.mercari.com/search?keyword=%E3%83%9F%E3%83%A5%E3%82%A6%2025th%20psa10&order=asc&price_min=35000&sort=price&status=on_sale
Mon Mar 23 18:38:47 JST 2026: Current lowest PSA10 (Mercari) = ¥35300 (prev: 35300)
✅ Sent via Slack. Message ID: 1774258730.355099
Mon Mar 23 18:38:50 JST 2026: Posted to Slack: ¥35300
navigated to https://jp.mercari.com/search?keyword=%E3%83%9F%E3%83%A5%E3%82%A6%2025th%20psa10&order=asc&price_min=35000&sort=price&status=on_sale
Mon Mar 23 19:08:56 JST 2026: Current lowest PSA10 (Mercari) = ¥35400 (prev: 35300)
✅ Sent via Slack. Message ID: 1774260539.333149
Mon Mar 23 19:08:59 JST 2026: Posted to Slack: ¥35400
navigated to https://jp.mercari.com/search?keyword=%E3%83%9F%E3%83%A5%E3%82%A6%2025th%20psa10&order=asc&price_min=35000&sort=price&status=on_sale
Mon Mar 23 19:39:06 JST 2026: Current lowest PSA10 (Mercari) = ¥35600 (prev: 35400)
✅ Sent via Slack. Message ID: 1774262348.660769
Mon Mar 23 19:39:08 JST 2026: Posted to Slack: ¥35600
navigated to https://jp.mercari.com/search?keyword=%E3%83%9F%E3%83%A5%E3%82%A6%2025th%20psa10&order=asc&price_min=35000&sort=price&status=on_sale
Mon Mar 23 20:09:15 JST 2026: Current lowest PSA10 (Mercari) = ¥35700 (prev: 35600)
✅ Sent via Slack. Message ID: 1774264157.799139
Mon Mar 23 20:09:17 JST 2026: Posted to Slack: ¥35700
navigated to https://jp.mercari.com/search?keyword=%E3%83%9F%E3%83%A5%E3%82%A6%2025th%20psa10&order=asc&price_min=35000&sort=price&status=on_sale
Mon Mar 23 20:39:24 JST 2026: Current lowest PSA10 (Mercari) = ¥47999 (prev: 35700)
✅ Sent via Slack. Message ID: 1774265967.079219
Mon Mar 23 20:39:27 JST 2026: Posted to Slack: ¥47999
navigated to https://jp.mercari.com/search?keyword=%E3%83%9F%E3%83%A5%E3%82%A6%2025th%20psa10&order=asc&price_min=35000&sort=price&status=on_sale
Mon Mar 23 21:09:29 JST 2026: Current lowest PSA10 (Mercari) = ¥47999 (prev: 47999)
✅ Sent via Slack. Message ID: 1774267776.522779
Mon Mar 23 21:09:32 JST 2026: Posted to Slack: ¥47999
navigated to https://jp.mercari.com/search?keyword=%E3%83%9F%E3%83%A5%E3%82%A6%2025th%20psa10&order=asc&price_min=35000&sort=price&status=on_sale
Mon Mar 23 21:39:39 JST 2026: Current lowest PSA10 (Mercari) = ¥47999 (prev: 47999)
✅ Sent via Slack. Message ID: 1774269585.843729
Mon Mar 23 21:39:41 JST 2026: Posted to Slack: ¥47999
navigated to https://jp.mercari.com/search?keyword=%E3%83%9F%E3%83%A5%E3%82%A6%2025th%20psa10&order=asc&price_min=35000&sort=price&status=on_sale
Mon Mar 23 22:09:51 JST 2026: Current lowest PSA10 (Mercari) = ¥47999 (prev: 47999)
✅ Sent via Slack. Message ID: 1774271394.706179
Mon Mar 23 22:09:54 JST 2026: Posted to Slack: ¥47999
navigated to https://jp.mercari.com/search?keyword=%E3%83%9F%E3%83%A5%E3%82%A6%2025th%20psa10&order=asc&price_min=35000&sort=price&status=on_sale
Mon Mar 23 22:40:01 JST 2026: Current lowest PSA10 (Mercari) = ¥47999 (prev: 47999)
✅ Sent via Slack. Message ID: 1774273204.312449
Mon Mar 23 22:40:04 JST 2026: Posted to Slack: ¥47999
navigated to https://jp.mercari.com/search?keyword=%E3%83%9F%E3%83%A5%E3%82%A6%2025th%20psa10&order=asc&price_min=35000&sort=price&status=on_sale
Mon Mar 23 23:10:10 JST 2026: Current lowest PSA10 (Mercari) = ¥47999 (prev: 47999)
✅ Sent via Slack. Message ID: 1774275013.577389
Mon Mar 23 23:10:13 JST 2026: Posted to Slack: ¥47999
navigated to https://jp.mercari.com/search?keyword=%E3%83%9F%E3%83%A5%E3%82%A6%2025th%20psa10&order=asc&price_min=35000&sort=price&status=on_sale
Mon Mar 23 23:40:20 JST 2026: Current lowest PSA10 (Mercari) = ¥48000 (prev: 47999)
✅ Sent via Slack. Message ID: 1774276822.621769
Mon Mar 23 23:40:22 JST 2026: Posted to Slack: ¥48000
navigated to https://jp.mercari.com/search?keyword=%E3%83%9F%E3%83%A5%E3%82%A6%2025th%20psa10&order=asc&price_min=35000&sort=price&status=on_sale
Tue Mar 24 00:10:28 JST 2026: Current lowest PSA10 (Mercari) = ¥48500 (prev: 48000)
✅ Sent via Slack. Message ID: 1774278630.982819
Tue Mar 24 00:10:31 JST 2026: Posted to Slack: ¥48500
navigated to https://jp.mercari.com/search?keyword=%E3%83%9F%E3%83%A5%E3%82%A6%2025th%20psa10&order=asc&price_min=35000&sort=price&status=on_sale
Tue Mar 24 00:40:37 JST 2026: Current lowest PSA10 (Mercari) = ¥48000 (prev: 48500)
✅ Sent via Slack. Message ID: 1774280440.355669
Tue Mar 24 00:40:40 JST 2026: Posted to Slack: ¥48000
navigated to https://jp.mercari.com/search?keyword=%E3%83%9F%E3%83%A5%E3%82%A6%2025th%20psa10&order=asc&price_min=35000&sort=price&status=on_sale
Tue Mar 24 01:10:47 JST 2026: Current lowest PSA10 (Mercari) = ¥48000 (prev: 48000)
✅ Sent via Slack. Message ID: 1774282249.329169
Tue Mar 24 01:10:49 JST 2026: Posted to Slack: ¥48000
navigated to https://jp.mercari.com/search?keyword=%E3%83%9F%E3%83%A5%E3%82%A6%2025th%20psa10&order=asc&price_min=35000&sort=price&status=on_sale
Tue Mar 24 01:40:56 JST 2026: Current lowest PSA10 (Mercari) = ¥48000 (prev: 48000)
✅ Sent via Slack. Message ID: 1774284058.630689
Tue Mar 24 01:40:58 JST 2026: Posted to Slack: ¥48000
navigated to https://jp.mercari.com/search?keyword=%E3%83%9F%E3%83%A5%E3%82%A6%2025th%20psa10&order=asc&price_min=35000&sort=price&status=on_sale
Tue Mar 24 02:11:05 JST 2026: Current lowest PSA10 (Mercari) = ¥48000 (prev: 48000)
✅ Sent via Slack. Message ID: 1774285868.241709
Tue Mar 24 02:11:08 JST 2026: Posted to Slack: ¥48000
navigated to https://jp.mercari.com/search?keyword=%E3%83%9F%E3%83%A5%E3%82%A6%2025th%20psa10&order=asc&price_min=35000&sort=price&status=on_sale
Tue Mar 24 02:41:15 JST 2026: Current lowest PSA10 (Mercari) = ¥48000 (prev: 48000)
✅ Sent via Slack. Message ID: 1774287677.711219
Tue Mar 24 02:41:17 JST 2026: Posted to Slack: ¥48000
navigated to https://jp.mercari.com/search?keyword=%E3%83%9F%E3%83%A5%E3%82%A6%2025th%20psa10&order=asc&price_min=35000&sort=price&status=on_sale
Tue Mar 24 03:11:23 JST 2026: Current lowest PSA10 (Mercari) = ¥48000 (prev: 48000)
✅ Sent via Slack. Message ID: 1774289486.427089
Tue Mar 24 03:11:26 JST 2026: Posted to Slack: ¥48000
navigated to https://jp.mercari.com/search?keyword=%E3%83%9F%E3%83%A5%E3%82%A6%2025th%20psa10&order=asc&price_min=35000&sort=price&status=on_sale
Tue Mar 24 03:41:33 JST 2026: Current lowest PSA10 (Mercari) = ¥48000 (prev: 48000)
✅ Sent via Slack. Message ID: 1774291295.890899
Tue Mar 24 03:41:35 JST 2026: Posted to Slack: ¥48000
navigated to https://jp.mercari.com/search?keyword=%E3%83%9F%E3%83%A5%E3%82%A6%2025th%20psa10&order=asc&price_min=35000&sort=price&status=on_sale
Tue Mar 24 04:11:42 JST 2026: Current lowest PSA10 (Mercari) = ¥48000 (prev: 48000)
✅ Sent via Slack. Message ID: 1774293104.979049
Tue Mar 24 04:11:45 JST 2026: Posted to Slack: ¥48000
navigated to https://jp.mercari.com/search?keyword=%E3%83%9F%E3%83%A5%E3%82%A6%2025th%20psa10&order=asc&price_min=35000&sort=price&status=on_sale
Tue Mar 24 04:41:51 JST 2026: Current lowest PSA10 (Mercari) = ¥48000 (prev: 48000)
✅ Sent via Slack. Message ID: 1774294914.336589
Tue Mar 24 04:41:54 JST 2026: Posted to Slack: ¥48000
navigated to https://jp.mercari.com/search?keyword=%E3%83%9F%E3%83%A5%E3%82%A6%2025th%20psa10&order=asc&price_min=35000&sort=price&status=on_sale
Tue Mar 24 05:12:00 JST 2026: Current lowest PSA10 (Mercari) = ¥48000 (prev: 48000)
✅ Sent via Slack. Message ID: 1774296723.773869
Tue Mar 24 05:12:04 JST 2026: Posted to Slack: ¥48000
navigated to https://jp.mercari.com/search?keyword=%E3%83%9F%E3%83%A5%E3%82%A6%2025th%20psa10&order=asc&price_min=35000&sort=price&status=on_sale
Tue Mar 24 05:42:10 JST 2026: Current lowest PSA10 (Mercari) = ¥48000 (prev: 48000)
✅ Sent via Slack. Message ID: 1774298533.101579
Tue Mar 24 05:42:13 JST 2026: Posted to Slack: ¥48000
navigated to https://jp.mercari.com/search?keyword=%E3%83%9F%E3%83%A5%E3%82%A6%2025th%20psa10&order=asc&price_min=35000&sort=price&status=on_sale
Tue Mar 24 06:12:19 JST 2026: Current lowest PSA10 (Mercari) = ¥48000 (prev: 48000)
✅ Sent via Slack. Message ID: 1774300342.384019
Tue Mar 24 06:12:22 JST 2026: Posted to Slack: ¥48000
navigated to https://jp.mercari.com/search?keyword=%E3%83%9F%E3%83%A5%E3%82%A6%2025th%20psa10&order=asc&price_min=35000&sort=price&status=on_sale
Tue Mar 24 06:42:29 JST 2026: Current lowest PSA10 (Mercari) = ¥48000 (prev: 48000)
✅ Sent via Slack. Message ID: 1774302151.976099
Tue Mar 24 06:42:32 JST 2026: Posted to Slack: ¥48000
navigated to https://jp.mercari.com/search?keyword=%E3%83%9F%E3%83%A5%E3%82%A6%2025th%20psa10&order=asc&price_min=35000&sort=price&status=on_sale
Tue Mar 24 07:12:38 JST 2026: Current lowest PSA10 (Mercari) = ¥48000 (prev: 48000)
✅ Sent via Slack. Message ID: 1774303961.009659
Tue Mar 24 07:12:41 JST 2026: Posted to Slack: ¥48000
navigated to https://jp.mercari.com/search?keyword=%E3%83%9F%E3%83%A5%E3%82%A6%2025th%20psa10&order=asc&price_min=35000&sort=price&status=on_sale
Tue Mar 24 07:42:47 JST 2026: Current lowest PSA10 (Mercari) = ¥48000 (prev: 48000)
✅ Sent via Slack. Message ID: 1774305770.241629
Tue Mar 24 07:42:50 JST 2026: Posted to Slack: ¥48000
navigated to https://jp.mercari.com/search?keyword=%E3%83%9F%E3%83%A5%E3%82%A6%2025th%20psa10&order=asc&price_min=35000&sort=price&status=on_sale
Tue Mar 24 08:12:56 JST 2026: Current lowest PSA10 (Mercari) = ¥48000 (prev: 48000)
✅ Sent via Slack. Message ID: 1774307578.525849
Tue Mar 24 08:12:58 JST 2026: Posted to Slack: ¥48000
navigated to https://jp.mercari.com/search?keyword=%E3%83%9F%E3%83%A5%E3%82%A6%2025th%20psa10&order=asc&price_min=35000&sort=price&status=on_sale
Tue Mar 24 08:43:05 JST 2026: Current lowest PSA10 (Mercari) = ¥48000 (prev: 48000)
✅ Sent via Slack. Message ID: 1774309388.466199
Tue Mar 24 08:43:08 JST 2026: Posted to Slack: ¥48000
navigated to https://jp.mercari.com/search?keyword=%E3%83%9F%E3%83%A5%E3%82%A6%2025th%20psa10&order=asc&price_min=35000&sort=price&status=on_sale
Tue Mar 24 09:13:14 JST 2026: Current lowest PSA10 (Mercari) = ¥48000 (prev: 48000)
✅ Sent via Slack. Message ID: 1774311197.756499
Tue Mar 24 09:13:17 JST 2026: Posted to Slack: ¥48000
navigated to https://jp.mercari.com/search?keyword=%E3%83%9F%E3%83%A5%E3%82%A6%2025th%20psa10&order=asc&price_min=35000&sort=price&status=on_sale
Tue Mar 24 09:43:24 JST 2026: Current lowest PSA10 (Mercari) = ¥35000 (prev: 48000)
✅ Sent via Slack. Message ID: 1774313007.312659
Tue Mar 24 09:43:27 JST 2026: Posted to Slack: ¥35000
navigated to https://jp.mercari.com/search?keyword=%E3%83%9F%E3%83%A5%E3%82%A6%2025th%20psa10&order=asc&price_min=35000&sort=price&status=on_sale
Tue Mar 24 10:13:33 JST 2026: Current lowest PSA10 (Mercari) = ¥48000 (prev: 35000)
✅ Sent via Slack. Message ID: 1774314816.462119
Tue Mar 24 10:13:36 JST 2026: Posted to Slack: ¥48000
navigated to https://jp.mercari.com/search?keyword=%E3%83%9F%E3%83%A5%E3%82%A6%2025th%20psa10&order=asc&price_min=35000&sort=price&status=on_sale
Tue Mar 24 10:43:42 JST 2026: Current lowest PSA10 (Mercari) = ¥48000 (prev: 48000)
✅ Sent via Slack. Message ID: 1774316625.032329
Tue Mar 24 10:43:45 JST 2026: Posted to Slack: ¥48000
navigated to https://jp.mercari.com/search?keyword=%E3%83%9F%E3%83%A5%E3%82%A6%2025th%20psa10&order=asc&price_min=35000&sort=price&status=on_sale
Tue Mar 24 11:13:50 JST 2026: Current lowest PSA10 (Mercari) = ¥48000 (prev: 48000)
✅ Sent via Slack. Message ID: 1774318433.372799
Tue Mar 24 11:13:53 JST 2026: Posted to Slack: ¥48000
navigated to https://jp.mercari.com/search?keyword=%E3%83%9F%E3%83%A5%E3%82%A6%2025th%20psa10&order=asc&price_min=35000&sort=price&status=on_sale
Tue Mar 24 11:44:15 JST 2026: ERROR: Expecting value: line 1 column 1 (char 0)
navigated to https://jp.mercari.com/search?keyword=%E3%83%9F%E3%83%A5%E3%82%A6%2025th%20psa10&order=asc&price_min=35000&sort=price&status=on_sale
Tue Mar 24 12:14:22 JST 2026: Current lowest PSA10 (Mercari) = ¥48000 (prev: 48000)
✅ Sent via Slack. Message ID: 1774322064.657159
Tue Mar 24 12:14:24 JST 2026: Posted to Slack: ¥48000
navigated to https://jp.mercari.com/search?keyword=%E3%83%9F%E3%83%A5%E3%82%A6%2025th%20psa10&order=asc&price_min=35000&sort=price&status=on_sale
Tue Mar 24 12:44:31 JST 2026: Current lowest PSA10 (Mercari) = ¥48000 (prev: 48000)
✅ Sent via Slack. Message ID: 1774323873.879099
Tue Mar 24 12:44:34 JST 2026: Posted to Slack: ¥48000
navigated to https://jp.mercari.com/search?keyword=%E3%83%9F%E3%83%A5%E3%82%A6%2025th%20psa10&order=asc&price_min=35000&sort=price&status=on_sale
Tue Mar 24 13:14:40 JST 2026: Current lowest PSA10 (Mercari) = ¥48000 (prev: 48000)
✅ Sent via Slack. Message ID: 1774325682.917909
Tue Mar 24 13:14:43 JST 2026: Posted to Slack: ¥48000
navigated to https://jp.mercari.com/search?keyword=%E3%83%9F%E3%83%A5%E3%82%A6%2025th%20psa10&order=asc&price_min=35000&sort=price&status=on_sale
Tue Mar 24 13:44:49 JST 2026: Current lowest PSA10 (Mercari) = ¥48000 (prev: 48000)
✅ Sent via Slack. Message ID: 1774327492.302569
Tue Mar 24 13:44:52 JST 2026: Posted to Slack: ¥48000
navigated to https://jp.mercari.com/search?keyword=%E3%83%9F%E3%83%A5%E3%82%A6%2025th%20psa10&order=asc&price_min=35000&sort=price&status=on_sale
Tue Mar 24 14:14:58 JST 2026: Current lowest PSA10 (Mercari) = ¥48000 (prev: 48000)
✅ Sent via Slack. Message ID: 1774329301.029489
Tue Mar 24 14:15:01 JST 2026: Posted to Slack: ¥48000
navigated to https://jp.mercari.com/search?keyword=%E3%83%9F%E3%83%A5%E3%82%A6%2025th%20psa10&order=asc&price_min=35000&sort=price&status=on_sale
Tue Mar 24 14:45:07 JST 2026: Current lowest PSA10 (Mercari) = ¥48000 (prev: 48000)
✅ Sent via Slack. Message ID: 1774331110.292959
Tue Mar 24 14:45:10 JST 2026: Posted to Slack: ¥48000
navigated to https://jp.mercari.com/search?keyword=%E3%83%9F%E3%83%A5%E3%82%A6%2025th%20psa10&order=asc&price_min=35000&sort=price&status=on_sale
Tue Mar 24 15:15:17 JST 2026: Current lowest PSA10 (Mercari) = ¥48000 (prev: 48000)
✅ Sent via Slack. Message ID: 1774332919.661929
Tue Mar 24 15:15:19 JST 2026: Posted to Slack: ¥48000
navigated to https://jp.mercari.com/search?keyword=%E3%83%9F%E3%83%A5%E3%82%A6%2025th%20psa10&order=asc&price_min=35000&sort=price&status=on_sale
Tue Mar 24 15:45:26 JST 2026: Current lowest PSA10 (Mercari) = ¥48000 (prev: 48000)
✅ Sent via Slack. Message ID: 1774334729.169459
Tue Mar 24 15:45:29 JST 2026: Posted to Slack: ¥48000
navigated to https://jp.mercari.com/search?keyword=%E3%83%9F%E3%83%A5%E3%82%A6%2025th%20psa10&order=asc&price_min=35000&sort=price&status=on_sale
Tue Mar 24 16:15:35 JST 2026: Current lowest PSA10 (Mercari) = ¥48000 (prev: 48000)
✅ Sent via Slack. Message ID: 1774336537.960619
Tue Mar 24 16:15:38 JST 2026: Posted to Slack: ¥48000
navigated to https://jp.mercari.com/search?keyword=%E3%83%9F%E3%83%A5%E3%82%A6%2025th%20psa10&order=asc&price_min=35000&sort=price&status=on_sale
Tue Mar 24 16:45:44 JST 2026: Current lowest PSA10 (Mercari) = ¥48000 (prev: 48000)
✅ Sent via Slack. Message ID: 1774338347.107979
Tue Mar 24 16:45:47 JST 2026: Posted to Slack: ¥48000
navigated to https://jp.mercari.com/search?keyword=%E3%83%9F%E3%83%A5%E3%82%A6%2025th%20psa10&order=asc&price_min=35000&sort=price&status=on_sale
Tue Mar 24 17:15:53 JST 2026: Current lowest PSA10 (Mercari) = ¥48000 (prev: 48000)
✅ Sent via Slack. Message ID: 1774340155.853629
Tue Mar 24 17:15:56 JST 2026: Posted to Slack: ¥48000
navigated to https://jp.mercari.com/search?keyword=%E3%83%9F%E3%83%A5%E3%82%A6%2025th%20psa10&order=asc&price_min=35000&sort=price&status=on_sale
Tue Mar 24 17:46:02 JST 2026: Current lowest PSA10 (Mercari) = ¥48000 (prev: 48000)
✅ Sent via Slack. Message ID: 1774341965.106409
Tue Mar 24 17:46:05 JST 2026: Posted to Slack: ¥48000
navigated to https://jp.mercari.com/search?keyword=%E3%83%9F%E3%83%A5%E3%82%A6%2025th%20psa10&order=asc&price_min=35000&sort=price&status=on_sale
Tue Mar 24 18:16:11 JST 2026: Current lowest PSA10 (Mercari) = ¥48000 (prev: 48000)
✅ Sent via Slack. Message ID: 1774343774.143429
Tue Mar 24 18:16:14 JST 2026: Posted to Slack: ¥48000
navigated to https://jp.mercari.com/search?keyword=%E3%83%9F%E3%83%A5%E3%82%A6%2025th%20psa10&order=asc&price_min=35000&sort=price&status=on_sale
Tue Mar 24 18:46:20 JST 2026: Current lowest PSA10 (Mercari) = ¥48000 (prev: 48000)
✅ Sent via Slack. Message ID: 1774345582.576039
Tue Mar 24 18:46:22 JST 2026: Posted to Slack: ¥48000
navigated to https://jp.mercari.com/search?keyword=%E3%83%9F%E3%83%A5%E3%82%A6%2025th%20psa10&order=asc&price_min=35000&sort=price&status=on_sale
Tue Mar 24 19:16:28 JST 2026: Current lowest PSA10 (Mercari) = ¥48000 (prev: 48000)
✅ Sent via Slack. Message ID: 1774347391.197239
Tue Mar 24 19:16:31 JST 2026: Posted to Slack: ¥48000
navigated to https://jp.mercari.com/search?keyword=%E3%83%9F%E3%83%A5%E3%82%A6%2025th%20psa10&order=asc&price_min=35000&sort=price&status=on_sale
Tue Mar 24 19:46:37 JST 2026: Current lowest PSA10 (Mercari) = ¥48000 (prev: 48000)
✅ Sent via Slack. Message ID: 1774349200.365779
Tue Mar 24 19:46:40 JST 2026: Posted to Slack: ¥48000
navigated to https://jp.mercari.com/search?keyword=%E3%83%9F%E3%83%A5%E3%82%A6%2025th%20psa10&order=asc&price_min=35000&sort=price&status=on_sale
Tue Mar 24 20:16:45 JST 2026: Current lowest PSA10 (Mercari) = ¥47777 (prev: 48000)
✅ Sent via Slack. Message ID: 1774351008.500419
Tue Mar 24 20:16:48 JST 2026: Posted to Slack: ¥47777
navigated to https://jp.mercari.com/search?keyword=%E3%83%9F%E3%83%A5%E3%82%A6%2025th%20psa10&order=asc&price_min=35000&sort=price&status=on_sale
Tue Mar 24 20:46:55 JST 2026: Current lowest PSA10 (Mercari) = ¥47777 (prev: 47777)
✅ Sent via Slack. Message ID: 1774352817.633999
Tue Mar 24 20:46:57 JST 2026: Posted to Slack: ¥47777
navigated to https://jp.mercari.com/search?keyword=%E3%83%9F%E3%83%A5%E3%82%A6%2025th%20psa10&order=asc&price_min=35000&sort=price&status=on_sale
Tue Mar 24 21:17:04 JST 2026: Current lowest PSA10 (Mercari) = ¥47777 (prev: 47777)
✅ Sent via Slack. Message ID: 1774354626.899179
Tue Mar 24 21:17:07 JST 2026: Posted to Slack: ¥47777
navigated to https://jp.mercari.com/search?keyword=%E3%83%9F%E3%83%A5%E3%82%A6%2025th%20psa10&order=asc&price_min=35000&sort=price&status=on_sale
Tue Mar 24 21:47:13 JST 2026: Current lowest PSA10 (Mercari) = ¥47777 (prev: 47777)
✅ Sent via Slack. Message ID: 1774356436.539869
Tue Mar 24 21:47:16 JST 2026: Posted to Slack: ¥47777
navigated to https://jp.mercari.com/search?keyword=%E3%83%9F%E3%83%A5%E3%82%A6%2025th%20psa10&order=asc&price_min=35000&sort=price&status=on_sale
Tue Mar 24 22:17:22 JST 2026: Current lowest PSA10 (Mercari) = ¥47700 (prev: 47777)
✅ Sent via Slack. Message ID: 1774358244.562419
Tue Mar 24 22:17:24 JST 2026: Posted to Slack: ¥47700
navigated to https://jp.mercari.com/search?keyword=%E3%83%9F%E3%83%A5%E3%82%A6%2025th%20psa10&order=asc&price_min=35000&sort=price&status=on_sale
Tue Mar 24 22:47:30 JST 2026: Current lowest PSA10 (Mercari) = ¥47800 (prev: 47700)
✅ Sent via Slack. Message ID: 1774360053.042019
Tue Mar 24 22:47:33 JST 2026: Posted to Slack: ¥47800
navigated to https://jp.mercari.com/search?keyword=%E3%83%9F%E3%83%A5%E3%82%A6%2025th%20psa10&order=asc&price_min=35000&sort=price&status=on_sale
Tue Mar 24 23:17:39 JST 2026: Current lowest PSA10 (Mercari) = ¥47800 (prev: 47800)
✅ Sent via Slack. Message ID: 1774361861.762199
Tue Mar 24 23:17:41 JST 2026: Posted to Slack: ¥47800
navigated to https://jp.mercari.com/search?keyword=%E3%83%9F%E3%83%A5%E3%82%A6%2025th%20psa10&order=asc&price_min=35000&sort=price&status=on_sale
Tue Mar 24 23:47:47 JST 2026: Current lowest PSA10 (Mercari) = ¥47800 (prev: 47800)
✅ Sent via Slack. Message ID: 1774363669.819579
Tue Mar 24 23:47:50 JST 2026: Posted to Slack: ¥47800
navigated to https://jp.mercari.com/search?keyword=%E3%83%9F%E3%83%A5%E3%82%A6%2025th%20psa10&order=asc&price_min=35000&sort=price&status=on_sale
Wed Mar 25 00:17:55 JST 2026: Current lowest PSA10 (Mercari) = ¥47800 (prev: 47800)
✅ Sent via Slack. Message ID: 1774365477.999889
Wed Mar 25 00:17:58 JST 2026: Posted to Slack: ¥47800
navigated to https://jp.mercari.com/search?keyword=%E3%83%9F%E3%83%A5%E3%82%A6%2025th%20psa10&order=asc&price_min=35000&sort=price&status=on_sale
Wed Mar 25 00:48:03 JST 2026: Current lowest PSA10 (Mercari) = ¥47800 (prev: 47800)
✅ Sent via Slack. Message ID: 1774367286.453219
Wed Mar 25 00:48:06 JST 2026: Posted to Slack: ¥47800
navigated to https://jp.mercari.com/search?keyword=%E3%83%9F%E3%83%A5%E3%82%A6%2025th%20psa10&order=asc&price_min=35000&sort=price&status=on_sale
Wed Mar 25 01:18:12 JST 2026: Current lowest PSA10 (Mercari) = ¥47500 (prev: 47800)
✅ Sent via Slack. Message ID: 1774369096.225869
Wed Mar 25 01:18:16 JST 2026: Posted to Slack: ¥47500
navigated to https://jp.mercari.com/search?keyword=%E3%83%9F%E3%83%A5%E3%82%A6%2025th%20psa10&order=asc&price_min=35000&sort=price&status=on_sale
Wed Mar 25 01:48:22 JST 2026: Current lowest PSA10 (Mercari) = ¥47500 (prev: 47500)
✅ Sent via Slack. Message ID: 1774370905.357269
Wed Mar 25 01:48:25 JST 2026: Posted to Slack: ¥47500
navigated to https://jp.mercari.com/search?keyword=%E3%83%9F%E3%83%A5%E3%82%A6%2025th%20psa10&order=asc&price_min=35000&sort=price&status=on_sale
Wed Mar 25 02:18:31 JST 2026: Current lowest PSA10 (Mercari) = ¥47500 (prev: 47500)
✅ Sent via Slack. Message ID: 1774372714.240029
Wed Mar 25 02:18:34 JST 2026: Posted to Slack: ¥47500
navigated to https://jp.mercari.com/search?keyword=%E3%83%9F%E3%83%A5%E3%82%A6%2025th%20psa10&order=asc&price_min=35000&sort=price&status=on_sale
Wed Mar 25 02:48:41 JST 2026: Current lowest PSA10 (Mercari) = ¥47500 (prev: 47500)
✅ Sent via Slack. Message ID: 1774374523.535549
Wed Mar 25 02:48:43 JST 2026: Posted to Slack: ¥47500
navigated to https://jp.mercari.com/search?keyword=%E3%83%9F%E3%83%A5%E3%82%A6%2025th%20psa10&order=asc&price_min=35000&sort=price&status=on_sale
Wed Mar 25 03:18:50 JST 2026: Current lowest PSA10 (Mercari) = ¥47500 (prev: 47500)
✅ Sent via Slack. Message ID: 1774376332.839679
Wed Mar 25 03:18:53 JST 2026: Posted to Slack: ¥47500
navigated to https://jp.mercari.com/search?keyword=%E3%83%9F%E3%83%A5%E3%82%A6%2025th%20psa10&order=asc&price_min=35000&sort=price&status=on_sale
Wed Mar 25 03:49:00 JST 2026: Current lowest PSA10 (Mercari) = ¥47500 (prev: 47500)
✅ Sent via Slack. Message ID: 1774378142.611929
Wed Mar 25 03:49:02 JST 2026: Posted to Slack: ¥47500
navigated to https://jp.mercari.com/search?keyword=%E3%83%9F%E3%83%A5%E3%82%A6%2025th%20psa10&order=asc&price_min=35000&sort=price&status=on_sale
Wed Mar 25 04:19:08 JST 2026: Current lowest PSA10 (Mercari) = ¥47500 (prev: 47500)
✅ Sent via Slack. Message ID: 1774379951.898039
Wed Mar 25 04:19:12 JST 2026: Posted to Slack: ¥47500
navigated to https://jp.mercari.com/search?keyword=%E3%83%9F%E3%83%A5%E3%82%A6%2025th%20psa10&order=asc&price_min=35000&sort=price&status=on_sale
Wed Mar 25 04:49:17 JST 2026: Current lowest PSA10 (Mercari) = ¥47500 (prev: 47500)
✅ Sent via Slack. Message ID: 1774381760.612079
Wed Mar 25 04:49:20 JST 2026: Posted to Slack: ¥47500
navigated to https://jp.mercari.com/search?keyword=%E3%83%9F%E3%83%A5%E3%82%A6%2025th%20psa10&order=asc&price_min=35000&sort=price&status=on_sale
Wed Mar 25 05:19:26 JST 2026: Current lowest PSA10 (Mercari) = ¥47500 (prev: 47500)
✅ Sent via Slack. Message ID: 1774383569.271759
Wed Mar 25 05:19:29 JST 2026: Posted to Slack: ¥47500
navigated to https://jp.mercari.com/search?keyword=%E3%83%9F%E3%83%A5%E3%82%A6%2025th%20psa10&order=asc&price_min=35000&sort=price&status=on_sale
Wed Mar 25 05:49:35 JST 2026: Current lowest PSA10 (Mercari) = ¥47500 (prev: 47500)
✅ Sent via Slack. Message ID: 1774385378.939129
Wed Mar 25 05:49:39 JST 2026: Posted to Slack: ¥47500
navigated to https://jp.mercari.com/search?keyword=%E3%83%9F%E3%83%A5%E3%82%A6%2025th%20psa10&order=asc&price_min=35000&sort=price&status=on_sale
Wed Mar 25 06:19:45 JST 2026: Current lowest PSA10 (Mercari) = ¥47500 (prev: 47500)
✅ Sent via Slack. Message ID: 1774387188.056949
Wed Mar 25 06:19:48 JST 2026: Posted to Slack: ¥47500
navigated to https://jp.mercari.com/search?keyword=%E3%83%9F%E3%83%A5%E3%82%A6%2025th%20psa10&order=asc&price_min=35000&sort=price&status=on_sale
Wed Mar 25 06:49:55 JST 2026: Current lowest PSA10 (Mercari) = ¥47500 (prev: 47500)
✅ Sent via Slack. Message ID: 1774388997.614169
Wed Mar 25 06:49:57 JST 2026: Posted to Slack: ¥47500
navigated to https://jp.mercari.com/search?keyword=%E3%83%9F%E3%83%A5%E3%82%A6%2025th%20psa10&order=asc&price_min=35000&sort=price&status=on_sale
Wed Mar 25 07:20:04 JST 2026: Current lowest PSA10 (Mercari) = ¥47500 (prev: 47500)
✅ Sent via Slack. Message ID: 1774390806.381159
Wed Mar 25 07:20:06 JST 2026: Posted to Slack: ¥47500
navigated to https://jp.mercari.com/search?keyword=%E3%83%9F%E3%83%A5%E3%82%A6%2025th%20psa10&order=asc&price_min=35000&sort=price&status=on_sale
Wed Mar 25 07:50:12 JST 2026: Current lowest PSA10 (Mercari) = ¥47500 (prev: 47500)
✅ Sent via Slack. Message ID: 1774392614.846089
Wed Mar 25 07:50:14 JST 2026: Posted to Slack: ¥47500
navigated to https://jp.mercari.com/search?keyword=%E3%83%9F%E3%83%A5%E3%82%A6%2025th%20psa10&order=asc&price_min=35000&sort=price&status=on_sale
Wed Mar 25 08:20:21 JST 2026: Current lowest PSA10 (Mercari) = ¥47500 (prev: 47500)
✅ Sent via Slack. Message ID: 1774394424.120219
Wed Mar 25 08:20:24 JST 2026: Posted to Slack: ¥47500
navigated to https://jp.mercari.com/search?keyword=%E3%83%9F%E3%83%A5%E3%82%A6%2025th%20psa10&order=asc&price_min=35000&sort=price&status=on_sale
Wed Mar 25 08:50:30 JST 2026: Current lowest PSA10 (Mercari) = ¥47500 (prev: 47500)
✅ Sent via Slack. Message ID: 1774396233.288599
Wed Mar 25 08:50:33 JST 2026: Posted to Slack: ¥47500
navigated to https://jp.mercari.com/search?keyword=%E3%83%9F%E3%83%A5%E3%82%A6%2025th%20psa10&order=asc&price_min=35000&sort=price&status=on_sale
Wed Mar 25 09:20:39 JST 2026: Current lowest PSA10 (Mercari) = ¥47500 (prev: 47500)
✅ Sent via Slack. Message ID: 1774398042.738249
Wed Mar 25 09:20:42 JST 2026: Posted to Slack: ¥47500
navigated to https://jp.mercari.com/search?keyword=%E3%83%9F%E3%83%A5%E3%82%A6%2025th%20psa10&order=asc&price_min=35000&sort=price&status=on_sale
Wed Mar 25 09:50:49 JST 2026: Current lowest PSA10 (Mercari) = ¥47500 (prev: 47500)
✅ Sent via Slack. Message ID: 1774399851.917779
Wed Mar 25 09:50:52 JST 2026: Posted to Slack: ¥47500
navigated to https://jp.mercari.com/search?keyword=%E3%83%9F%E3%83%A5%E3%82%A6%2025th%20psa10&order=asc&price_min=35000&sort=price&status=on_sale
Wed Mar 25 10:20:58 JST 2026: Current lowest PSA10 (Mercari) = ¥47500 (prev: 47500)
✅ Sent via Slack. Message ID: 1774401660.980819
Wed Mar 25 10:21:01 JST 2026: Posted to Slack: ¥47500
navigated to https://jp.mercari.com/search?keyword=%E3%83%9F%E3%83%A5%E3%82%A6%2025th%20psa10&order=asc&price_min=35000&sort=price&status=on_sale
Wed Mar 25 10:51:07 JST 2026: Current lowest PSA10 (Mercari) = ¥47000 (prev: 47500)
✅ Sent via Slack. Message ID: 1774403470.146589
Wed Mar 25 10:51:10 JST 2026: Posted to Slack: ¥47000
navigated to https://jp.mercari.com/search?keyword=%E3%83%9F%E3%83%A5%E3%82%A6%2025th%20psa10&order=asc&price_min=35000&sort=price&status=on_sale
Wed Mar 25 11:21:16 JST 2026: Current lowest PSA10 (Mercari) = ¥47000 (prev: 47000)
✅ Sent via Slack. Message ID: 1774405278.849949
Wed Mar 25 11:21:19 JST 2026: Posted to Slack: ¥47000
navigated to https://jp.mercari.com/search?keyword=%E3%83%9F%E3%83%A5%E3%82%A6%2025th%20psa10&order=asc&price_min=35000&sort=price&status=on_sale
Wed Mar 25 11:51:24 JST 2026: Current lowest PSA10 (Mercari) = ¥45000 (prev: 47000)
✅ Sent via Slack. Message ID: 1774407086.923039
Wed Mar 25 11:51:27 JST 2026: Posted to Slack: ¥45000
navigated to https://jp.mercari.com/search?keyword=%E3%83%9F%E3%83%A5%E3%82%A6%2025th%20psa10&order=asc&price_min=35000&sort=price&status=on_sale
Wed Mar 25 12:21:33 JST 2026: Current lowest PSA10 (Mercari) = ¥45000 (prev: 45000)
✅ Sent via Slack. Message ID: 1774408897.134239
Wed Mar 25 12:21:37 JST 2026: Posted to Slack: ¥45000
navigated to https://jp.mercari.com/search?keyword=%E3%83%9F%E3%83%A5%E3%82%A6%2025th%20psa10&order=asc&price_min=35000&sort=price&status=on_sale
Wed Mar 25 12:51:44 JST 2026: Current lowest PSA10 (Mercari) = ¥45000 (prev: 45000)
✅ Sent via Slack. Message ID: 1774410707.163819
Wed Mar 25 12:51:47 JST 2026: Posted to Slack: ¥45000
navigated to https://jp.mercari.com/search?keyword=%E3%83%9F%E3%83%A5%E3%82%A6%2025th%20psa10&order=asc&price_min=35000&sort=price&status=on_sale
Wed Mar 25 13:21:54 JST 2026: Current lowest PSA10 (Mercari) = ¥45000 (prev: 45000)
✅ Sent via Slack. Message ID: 1774412516.696739
Wed Mar 25 13:21:56 JST 2026: Posted to Slack: ¥45000
navigated to https://jp.mercari.com/search?keyword=%E3%83%9F%E3%83%A5%E3%82%A6%2025th%20psa10&order=asc&price_min=35000&sort=price&status=on_sale
Wed Mar 25 13:52:03 JST 2026: Current lowest PSA10 (Mercari) = ¥45000 (prev: 45000)
✅ Sent via Slack. Message ID: 1774414325.869349
Wed Mar 25 13:52:06 JST 2026: Posted to Slack: ¥45000
navigated to https://jp.mercari.com/search?keyword=%E3%83%9F%E3%83%A5%E3%82%A6%2025th%20psa10&order=asc&price_min=35000&sort=price&status=on_sale
Wed Mar 25 14:22:12 JST 2026: Current lowest PSA10 (Mercari) = ¥45000 (prev: 45000)
✅ Sent via Slack. Message ID: 1774416134.826319
Wed Mar 25 14:22:14 JST 2026: Posted to Slack: ¥45000
navigated to https://jp.mercari.com/search?keyword=%E3%83%9F%E3%83%A5%E3%82%A6%2025th%20psa10&order=asc&price_min=35000&sort=price&status=on_sale
Wed Mar 25 14:52:21 JST 2026: Current lowest PSA10 (Mercari) = ¥45000 (prev: 45000)
✅ Sent via Slack. Message ID: 1774417943.985739
Wed Mar 25 14:52:24 JST 2026: Posted to Slack: ¥45000
navigated to https://jp.mercari.com/search?keyword=%E3%83%9F%E3%83%A5%E3%82%A6%2025th%20psa10&order=asc&price_min=35000&sort=price&status=on_sale
Wed Mar 25 15:22:30 JST 2026: Current lowest PSA10 (Mercari) = ¥45000 (prev: 45000)
✅ Sent via Slack. Message ID: 1774419752.897619
Wed Mar 25 15:22:33 JST 2026: Posted to Slack: ¥45000
navigated to https://jp.mercari.com/search?keyword=%E3%83%9F%E3%83%A5%E3%82%A6%2025th%20psa10&order=asc&price_min=35000&sort=price&status=on_sale
Wed Mar 25 15:52:39 JST 2026: Current lowest PSA10 (Mercari) = ¥45000 (prev: 45000)
✅ Sent via Slack. Message ID: 1774421561.989359
Wed Mar 25 15:52:42 JST 2026: Posted to Slack: ¥45000
navigated to https://jp.mercari.com/search?keyword=%E3%83%9F%E3%83%A5%E3%82%A6%2025th%20psa10&order=asc&price_min=35000&sort=price&status=on_sale
Wed Mar 25 16:22:48 JST 2026: Current lowest PSA10 (Mercari) = ¥45000 (prev: 45000)
✅ Sent via Slack. Message ID: 1774423370.949879
Wed Mar 25 16:22:51 JST 2026: Posted to Slack: ¥45000
navigated to https://jp.mercari.com/search?keyword=%E3%83%9F%E3%83%A5%E3%82%A6%2025th%20psa10&order=asc&price_min=35000&sort=price&status=on_sale
Wed Mar 25 16:52:56 JST 2026: Current lowest PSA10 (Mercari) = ¥45000 (prev: 45000)
✅ Sent via Slack. Message ID: 1774425179.465899
Wed Mar 25 16:52:59 JST 2026: Posted to Slack: ¥45000
navigated to https://jp.mercari.com/search?keyword=%E3%83%9F%E3%83%A5%E3%82%A6%2025th%20psa10&order=asc&price_min=35000&sort=price&status=on_sale
Wed Mar 25 17:23:05 JST 2026: Current lowest PSA10 (Mercari) = ¥45000 (prev: 45000)
✅ Sent via Slack. Message ID: 1774426987.854449
Wed Mar 25 17:23:07 JST 2026: Posted to Slack: ¥45000
navigated to https://jp.mercari.com/search?keyword=%E3%83%9F%E3%83%A5%E3%82%A6%2025th%20psa10&order=asc&price_min=35000&sort=price&status=on_sale
Wed Mar 25 17:53:14 JST 2026: Current lowest PSA10 (Mercari) = ¥45000 (prev: 45000)
✅ Sent via Slack. Message ID: 1774428796.820059
Wed Mar 25 17:53:17 JST 2026: Posted to Slack: ¥45000
navigated to https://jp.mercari.com/search?keyword=%E3%83%9F%E3%83%A5%E3%82%A6%2025th%20psa10&order=asc&price_min=35000&sort=price&status=on_sale
Wed Mar 25 18:23:22 JST 2026: Current lowest PSA10 (Mercari) = ¥46999 (prev: 45000)
✅ Sent via Slack. Message ID: 1774430605.097629
Wed Mar 25 18:23:25 JST 2026: Posted to Slack: ¥46999
navigated to https://jp.mercari.com/search?keyword=%E3%83%9F%E3%83%A5%E3%82%A6%2025th%20psa10&order=asc&price_min=35000&sort=price&status=on_sale
Wed Mar 25 18:53:31 JST 2026: Current lowest PSA10 (Mercari) = ¥46999 (prev: 46999)
✅ Sent via Slack. Message ID: 1774432414.200769
Wed Mar 25 18:53:34 JST 2026: Posted to Slack: ¥46999
navigated to https://jp.mercari.com/search?keyword=%E3%83%9F%E3%83%A5%E3%82%A6%2025th%20psa10&order=asc&price_min=35000&sort=price&status=on_sale
Wed Mar 25 19:23:40 JST 2026: Current lowest PSA10 (Mercari) = ¥46500 (prev: 46999)
✅ Sent via Slack. Message ID: 1774434222.982229
Wed Mar 25 19:23:43 JST 2026: Posted to Slack: ¥46500
navigated to https://jp.mercari.com/search?keyword=%E3%83%9F%E3%83%A5%E3%82%A6%2025th%20psa10&order=asc&price_min=35000&sort=price&status=on_sale
Wed Mar 25 19:53:48 JST 2026: Current lowest PSA10 (Mercari) = ¥46500 (prev: 46500)
✅ Sent via Slack. Message ID: 1774436031.387529
Wed Mar 25 19:53:51 JST 2026: Posted to Slack: ¥46500
navigated to https://jp.mercari.com/search?keyword=%E3%83%9F%E3%83%A5%E3%82%A6%2025th%20psa10&order=asc&price_min=35000&sort=price&status=on_sale
Wed Mar 25 20:23:58 JST 2026: Current lowest PSA10 (Mercari) = ¥46500 (prev: 46500)
✅ Sent via Slack. Message ID: 1774437840.582099
Wed Mar 25 20:24:00 JST 2026: Posted to Slack: ¥46500
navigated to https://jp.mercari.com/search?keyword=%E3%83%9F%E3%83%A5%E3%82%A6%2025th%20psa10&order=asc&price_min=35000&sort=price&status=on_sale
Wed Mar 25 20:54:07 JST 2026: Current lowest PSA10 (Mercari) = ¥46500 (prev: 46500)
✅ Sent via Slack. Message ID: 1774439649.724989
Wed Mar 25 20:54:09 JST 2026: Posted to Slack: ¥46500
navigated to https://jp.mercari.com/search?keyword=%E3%83%9F%E3%83%A5%E3%82%A6%2025th%20psa10&order=asc&price_min=35000&sort=price&status=on_sale
Wed Mar 25 21:24:15 JST 2026: Current lowest PSA10 (Mercari) = ¥42999 (prev: 46500)
✅ Sent via Slack. Message ID: 1774441457.968679
Wed Mar 25 21:24:18 JST 2026: Posted to Slack: ¥42999
navigated to https://jp.mercari.com/search?keyword=%E3%83%9F%E3%83%A5%E3%82%A6%2025th%20psa10&order=asc&price_min=35000&sort=price&status=on_sale
Wed Mar 25 21:54:24 JST 2026: Current lowest PSA10 (Mercari) = ¥42999 (prev: 42999)
✅ Sent via Slack. Message ID: 1774443267.390269
Wed Mar 25 21:54:27 JST 2026: Posted to Slack: ¥42999
navigated to https://jp.mercari.com/search?keyword=%E3%83%9F%E3%83%A5%E3%82%A6%2025th%20psa10&order=asc&price_min=35000&sort=price&status=on_sale
Wed Mar 25 22:24:34 JST 2026: Current lowest PSA10 (Mercari) = ¥42999 (prev: 42999)
✅ Sent via Slack. Message ID: 1774445076.610199
Wed Mar 25 22:24:36 JST 2026: Posted to Slack: ¥42999
navigated to https://jp.mercari.com/search?keyword=%E3%83%9F%E3%83%A5%E3%82%A6%2025th%20psa10&order=asc&price_min=35000&sort=price&status=on_sale
Wed Mar 25 22:54:42 JST 2026: Current lowest PSA10 (Mercari) = ¥42999 (prev: 42999)
✅ Sent via Slack. Message ID: 1774446885.142939
Wed Mar 25 22:54:45 JST 2026: Posted to Slack: ¥42999
navigated to https://jp.mercari.com/search?keyword=%E3%83%9F%E3%83%A5%E3%82%A6%2025th%20psa10&order=asc&price_min=35000&sort=price&status=on_sale
Wed Mar 25 23:24:50 JST 2026: Current lowest PSA10 (Mercari) = ¥42999 (prev: 42999)
✅ Sent via Slack. Message ID: 1774448693.433499
Wed Mar 25 23:24:53 JST 2026: Posted to Slack: ¥42999
navigated to https://jp.mercari.com/search?keyword=%E3%83%9F%E3%83%A5%E3%82%A6%2025th%20psa10&order=asc&price_min=35000&sort=price&status=on_sale
Wed Mar 25 23:55:00 JST 2026: Current lowest PSA10 (Mercari) = ¥42999 (prev: 42999)
✅ Sent via Slack. Message ID: 1774450502.871559
Wed Mar 25 23:55:02 JST 2026: Posted to Slack: ¥42999
navigated to https://jp.mercari.com/search?keyword=%E3%83%9F%E3%83%A5%E3%82%A6%2025th%20psa10&order=asc&price_min=35000&sort=price&status=on_sale
Thu Mar 26 00:25:09 JST 2026: Current lowest PSA10 (Mercari) = ¥42999 (prev: 42999)
✅ Sent via Slack. Message ID: 1774452311.960099
Thu Mar 26 00:25:11 JST 2026: Posted to Slack: ¥42999
navigated to https://jp.mercari.com/search?keyword=%E3%83%9F%E3%83%A5%E3%82%A6%2025th%20psa10&order=asc&price_min=35000&sort=price&status=on_sale
Thu Mar 26 00:55:18 JST 2026: Current lowest PSA10 (Mercari) = ¥42999 (prev: 42999)
✅ Sent via Slack. Message ID: 1774454121.286149
Thu Mar 26 00:55:21 JST 2026: Posted to Slack: ¥42999
navigated to https://jp.mercari.com/search?keyword=%E3%83%9F%E3%83%A5%E3%82%A6%2025th%20psa10&order=asc&price_min=35000&sort=price&status=on_sale
Thu Mar 26 01:25:27 JST 2026: Current lowest PSA10 (Mercari) = ¥42999 (prev: 42999)
✅ Sent via Slack. Message ID: 1774455930.505989
Thu Mar 26 01:25:30 JST 2026: Posted to Slack: ¥42999
navigated to https://jp.mercari.com/search?keyword=%E3%83%9F%E3%83%A5%E3%82%A6%2025th%20psa10&order=asc&price_min=35000&sort=price&status=on_sale
Thu Mar 26 01:55:37 JST 2026: Current lowest PSA10 (Mercari) = ¥46000 (prev: 42999)
✅ Sent via Slack. Message ID: 1774457739.870419
Thu Mar 26 01:55:40 JST 2026: Posted to Slack: ¥46000
navigated to https://jp.mercari.com/search?keyword=%E3%83%9F%E3%83%A5%E3%82%A6%2025th%20psa10&order=asc&price_min=35000&sort=price&status=on_sale
Thu Mar 26 02:25:46 JST 2026: Current lowest PSA10 (Mercari) = ¥46000 (prev: 46000)
✅ Sent via Slack. Message ID: 1774459548.937479
Thu Mar 26 02:25:49 JST 2026: Posted to Slack: ¥46000
navigated to https://jp.mercari.com/search?keyword=%E3%83%9F%E3%83%A5%E3%82%A6%2025th%20psa10&order=asc&price_min=35000&sort=price&status=on_sale
Thu Mar 26 02:55:55 JST 2026: Current lowest PSA10 (Mercari) = ¥46000 (prev: 46000)
✅ Sent via Slack. Message ID: 1774461358.396789
Thu Mar 26 02:55:58 JST 2026: Posted to Slack: ¥46000
navigated to https://jp.mercari.com/search?keyword=%E3%83%9F%E3%83%A5%E3%82%A6%2025th%20psa10&order=asc&price_min=35000&sort=price&status=on_sale
Thu Mar 26 03:26:04 JST 2026: Current lowest PSA10 (Mercari) = ¥46000 (prev: 46000)
✅ Sent via Slack. Message ID: 1774463167.352749
Thu Mar 26 03:26:07 JST 2026: Posted to Slack: ¥46000
navigated to https://jp.mercari.com/search?keyword=%E3%83%9F%E3%83%A5%E3%82%A6%2025th%20psa10&order=asc&price_min=35000&sort=price&status=on_sale
Thu Mar 26 03:56:14 JST 2026: Current lowest PSA10 (Mercari) = ¥46000 (prev: 46000)
✅ Sent via Slack. Message ID: 1774464976.832909
Thu Mar 26 03:56:17 JST 2026: Posted to Slack: ¥46000
navigated to https://jp.mercari.com/search?keyword=%E3%83%9F%E3%83%A5%E3%82%A6%2025th%20psa10&order=asc&price_min=35000&sort=price&status=on_sale
Thu Mar 26 04:26:23 JST 2026: Current lowest PSA10 (Mercari) = ¥46000 (prev: 46000)
✅ Sent via Slack. Message ID: 1774466788.057959
Thu Mar 26 04:26:28 JST 2026: Posted to Slack: ¥46000
navigated to https://jp.mercari.com/search?keyword=%E3%83%9F%E3%83%A5%E3%82%A6%2025th%20psa10&order=asc&price_min=35000&sort=price&status=on_sale
Thu Mar 26 04:56:34 JST 2026: Current lowest PSA10 (Mercari) = ¥46000 (prev: 46000)
✅ Sent via Slack. Message ID: 1774468597.350869
Thu Mar 26 04:56:37 JST 2026: Posted to Slack: ¥46000
navigated to https://jp.mercari.com/search?keyword=%E3%83%9F%E3%83%A5%E3%82%A6%2025th%20psa10&order=asc&price_min=35000&sort=price&status=on_sale
Thu Mar 26 05:26:43 JST 2026: Current lowest PSA10 (Mercari) = ¥46000 (prev: 46000)
✅ Sent via Slack. Message ID: 1774470406.574299
Thu Mar 26 05:26:46 JST 2026: Posted to Slack: ¥46000
navigated to https://jp.mercari.com/search?keyword=%E3%83%9F%E3%83%A5%E3%82%A6%2025th%20psa10&order=asc&price_min=35000&sort=price&status=on_sale
Thu Mar 26 05:56:53 JST 2026: Current lowest PSA10 (Mercari) = ¥46000 (prev: 46000)
✅ Sent via Slack. Message ID: 1774472215.970099
Thu Mar 26 05:56:56 JST 2026: Posted to Slack: ¥46000
navigated to https://jp.mercari.com/search?keyword=%E3%83%9F%E3%83%A5%E3%82%A6%2025th%20psa10&order=asc&price_min=35000&sort=price&status=on_sale
Thu Mar 26 06:27:02 JST 2026: Current lowest PSA10 (Mercari) = ¥46000 (prev: 46000)
✅ Sent via Slack. Message ID: 1774474025.091379
Thu Mar 26 06:27:05 JST 2026: Posted to Slack: ¥46000
navigated to https://jp.mercari.com/search?keyword=%E3%83%9F%E3%83%A5%E3%82%A6%2025th%20psa10&order=asc&price_min=35000&sort=price&status=on_sale
Thu Mar 26 06:57:11 JST 2026: Current lowest PSA10 (Mercari) = ¥46000 (prev: 46000)
✅ Sent via Slack. Message ID: 1774475834.246359
Thu Mar 26 06:57:14 JST 2026: Posted to Slack: ¥46000
navigated to https://jp.mercari.com/search?keyword=%E3%83%9F%E3%83%A5%E3%82%A6%2025th%20psa10&order=asc&price_min=35000&sort=price&status=on_sale
Thu Mar 26 07:27:20 JST 2026: Current lowest PSA10 (Mercari) = ¥46000 (prev: 46000)
✅ Sent via Slack. Message ID: 1774477666.834179
Thu Mar 26 07:27:46 JST 2026: Posted to Slack: ¥46000
navigated to https://jp.mercari.com/search?keyword=%E3%83%9F%E3%83%A5%E3%82%A6%2025th%20psa10&order=asc&price_min=35000&sort=price&status=on_sale
Thu Mar 26 07:57:53 JST 2026: Current lowest PSA10 (Mercari) = ¥46000 (prev: 46000)
✅ Sent via Slack. Message ID: 1774479476.600629
Thu Mar 26 07:57:56 JST 2026: Posted to Slack: ¥46000
navigated to https://jp.mercari.com/search?keyword=%E3%83%9F%E3%83%A5%E3%82%A6%2025th%20psa10&order=asc&price_min=35000&sort=price&status=on_sale
Thu Mar 26 08:28:03 JST 2026: Current lowest PSA10 (Mercari) = ¥46000 (prev: 46000)
✅ Sent via Slack. Message ID: 1774481286.183449
Thu Mar 26 08:28:06 JST 2026: Posted to Slack: ¥46000
navigated to https://jp.mercari.com/search?keyword=%E3%83%9F%E3%83%A5%E3%82%A6%2025th%20psa10&order=asc&price_min=35000&sort=price&status=on_sale
Thu Mar 26 08:58:13 JST 2026: Current lowest PSA10 (Mercari) = ¥46000 (prev: 46000)
✅ Sent via Slack. Message ID: 1774483095.837769
Thu Mar 26 08:58:16 JST 2026: Posted to Slack: ¥46000
navigated to https://jp.mercari.com/search?keyword=%E3%83%9F%E3%83%A5%E3%82%A6%2025th%20psa10&order=asc&price_min=35000&sort=price&status=on_sale
Thu Mar 26 09:28:22 JST 2026: Current lowest PSA10 (Mercari) = ¥46000 (prev: 46000)
✅ Sent via Slack. Message ID: 1774484904.448919
Thu Mar 26 09:28:24 JST 2026: Posted to Slack: ¥46000
navigated to https://jp.mercari.com/search?keyword=%E3%83%9F%E3%83%A5%E3%82%A6%2025th%20psa10&order=asc&price_min=35000&sort=price&status=on_sale
Thu Mar 26 09:58:30 JST 2026: Current lowest PSA10 (Mercari) = ¥46000 (prev: 46000)
✅ Sent via Slack. Message ID: 1774486712.635779
Thu Mar 26 09:58:32 JST 2026: Posted to Slack: ¥46000
navigated to https://jp.mercari.com/search?keyword=%E3%83%9F%E3%83%A5%E3%82%A6%2025th%20psa10&order=asc&price_min=35000&sort=price&status=on_sale
Thu Mar 26 10:28:39 JST 2026: Current lowest PSA10 (Mercari) = ¥46000 (prev: 46000)
✅ Sent via Slack. Message ID: 1774488522.454729
Thu Mar 26 10:28:42 JST 2026: Posted to Slack: ¥46000
navigated to https://jp.mercari.com/search?keyword=%E3%83%9F%E3%83%A5%E3%82%A6%2025th%20psa10&order=asc&price_min=35000&sort=price&status=on_sale
Thu Mar 26 10:58:48 JST 2026: Current lowest PSA10 (Mercari) = ¥46000 (prev: 46000)
✅ Sent via Slack. Message ID: 1774490331.319409
Thu Mar 26 10:58:51 JST 2026: Posted to Slack: ¥46000
navigated to https://jp.mercari.com/search?keyword=%E3%83%9F%E3%83%A5%E3%82%A6%2025th%20psa10&order=asc&price_min=35000&sort=price&status=on_sale
Thu Mar 26 11:28:56 JST 2026: Current lowest PSA10 (Mercari) = ¥46000 (prev: 46000)
✅ Sent via Slack. Message ID: 1774492139.447559
Thu Mar 26 11:28:59 JST 2026: Posted to Slack: ¥46000
navigated to https://jp.mercari.com/search?keyword=%E3%83%9F%E3%83%A5%E3%82%A6%2025th%20psa10&order=asc&price_min=35000&sort=price&status=on_sale
Thu Mar 26 11:59:06 JST 2026: Current lowest PSA10 (Mercari) = ¥46000 (prev: 46000)
✅ Sent via Slack. Message ID: 1774493949.022629
Thu Mar 26 11:59:09 JST 2026: Posted to Slack: ¥46000
navigated to https://jp.mercari.com/search?keyword=%E3%83%9F%E3%83%A5%E3%82%A6%2025th%20psa10&order=asc&price_min=35000&sort=price&status=on_sale
Thu Mar 26 12:29:14 JST 2026: Current lowest PSA10 (Mercari) = ¥45000 (prev: 46000)
✅ Sent via Slack. Message ID: 1774495757.152739
Thu Mar 26 12:29:17 JST 2026: Posted to Slack: ¥45000
navigated to https://jp.mercari.com/search?keyword=%E3%83%9F%E3%83%A5%E3%82%A6%2025th%20psa10&order=asc&price_min=35000&sort=price&status=on_sale
Thu Mar 26 12:59:24 JST 2026: Current lowest PSA10 (Mercari) = ¥45000 (prev: 45000)
✅ Sent via Slack. Message ID: 1774497566.496759
Thu Mar 26 12:59:26 JST 2026: Posted to Slack: ¥45000
navigated to https://jp.mercari.com/search?keyword=%E3%83%9F%E3%83%A5%E3%82%A6%2025th%20psa10&order=asc&price_min=35000&sort=price&status=on_sale
Thu Mar 26 13:29:32 JST 2026: Current lowest PSA10 (Mercari) = ¥45000 (prev: 45000)
✅ Sent via Slack. Message ID: 1774499374.701629
Thu Mar 26 13:29:34 JST 2026: Posted to Slack: ¥45000
navigated to https://jp.mercari.com/search?keyword=%E3%83%9F%E3%83%A5%E3%82%A6%2025th%20psa10&order=asc&price_min=35000&sort=price&status=on_sale
Thu Mar 26 13:59:41 JST 2026: Current lowest PSA10 (Mercari) = ¥46800 (prev: 45000)
✅ Sent via Slack. Message ID: 1774501183.989669
Thu Mar 26 13:59:44 JST 2026: Posted to Slack: ¥46800
navigated to https://jp.mercari.com/search?keyword=%E3%83%9F%E3%83%A5%E3%82%A6%2025th%20psa10&order=asc&price_min=35000&sort=price&status=on_sale
Thu Mar 26 14:29:50 JST 2026: Current lowest PSA10 (Mercari) = ¥46800 (prev: 46800)
✅ Sent via Slack. Message ID: 1774502993.222729
Thu Mar 26 14:29:53 JST 2026: Posted to Slack: ¥46800
navigated to https://jp.mercari.com/search?keyword=%E3%83%9F%E3%83%A5%E3%82%A6%2025th%20psa10&order=asc&price_min=35000&sort=price&status=on_sale
Thu Mar 26 15:00:00 JST 2026: Current lowest PSA10 (Mercari) = ¥46800 (prev: 46800)
✅ Sent via Slack. Message ID: 1774504803.358569
Thu Mar 26 15:00:03 JST 2026: Posted to Slack: ¥46800
navigated to https://jp.mercari.com/search?keyword=%E3%83%9F%E3%83%A5%E3%82%A6%2025th%20psa10&order=asc&price_min=35000&sort=price&status=on_sale
Thu Mar 26 15:30:09 JST 2026: Current lowest PSA10 (Mercari) = ¥46800 (prev: 46800)
✅ Sent via Slack. Message ID: 1774506612.502179
Thu Mar 26 15:30:12 JST 2026: Posted to Slack: ¥46800
navigated to https://jp.mercari.com/search?keyword=%E3%83%9F%E3%83%A5%E3%82%A6%2025th%20psa10&order=asc&price_min=35000&sort=price&status=on_sale
Thu Mar 26 16:00:18 JST 2026: Current lowest PSA10 (Mercari) = ¥46800 (prev: 46800)
✅ Sent via Slack. Message ID: 1774508420.735049
Thu Mar 26 16:00:20 JST 2026: Posted to Slack: ¥46800
navigated to https://jp.mercari.com/search?keyword=%E3%83%9F%E3%83%A5%E3%82%A6%2025th%20psa10&order=asc&price_min=35000&sort=price&status=on_sale
Thu Mar 26 16:30:27 JST 2026: Current lowest PSA10 (Mercari) = ¥46800 (prev: 46800)
✅ Sent via Slack. Message ID: 1774510229.892519
Thu Mar 26 16:30:30 JST 2026: Posted to Slack: ¥46800
navigated to https://jp.mercari.com/search?keyword=%E3%83%9F%E3%83%A5%E3%82%A6%2025th%20psa10&order=asc&price_min=35000&sort=price&status=on_sale
Thu Mar 26 17:00:37 JST 2026: Current lowest PSA10 (Mercari) = ¥46800 (prev: 46800)
✅ Sent via Slack. Message ID: 1774512039.896479
Thu Mar 26 17:00:40 JST 2026: Posted to Slack: ¥46800
navigated to https://jp.mercari.com/search?keyword=%E3%83%9F%E3%83%A5%E3%82%A6%2025th%20psa10&order=asc&price_min=35000&sort=price&status=on_sale
Thu Mar 26 17:30:46 JST 2026: Current lowest PSA10 (Mercari) = ¥46800 (prev: 46800)
✅ Sent via Slack. Message ID: 1774513849.059109
Thu Mar 26 17:30:49 JST 2026: Posted to Slack: ¥46800
navigated to https://jp.mercari.com/search?keyword=%E3%83%9F%E3%83%A5%E3%82%A6%2025th%20psa10&order=asc&price_min=35000&sort=price&status=on_sale
Thu Mar 26 18:00:55 JST 2026: Current lowest PSA10 (Mercari) = ¥46800 (prev: 46800)
✅ Sent via Slack. Message ID: 1774515657.671099
Thu Mar 26 18:00:57 JST 2026: Posted to Slack: ¥46800
navigated to https://jp.mercari.com/search?keyword=%E3%83%9F%E3%83%A5%E3%82%A6%2025th%20psa10&order=asc&price_min=35000&sort=price&status=on_sale
Thu Mar 26 18:31:04 JST 2026: Current lowest PSA10 (Mercari) = ¥46800 (prev: 46800)
✅ Sent via Slack. Message ID: 1774517466.646959
Thu Mar 26 18:31:06 JST 2026: Posted to Slack: ¥46800
navigated to https://jp.mercari.com/search?keyword=%E3%83%9F%E3%83%A5%E3%82%A6%2025th%20psa10&order=asc&price_min=35000&sort=price&status=on_sale
Thu Mar 26 19:01:12 JST 2026: Current lowest PSA10 (Mercari) = ¥46800 (prev: 46800)
✅ Sent via Slack. Message ID: 1774519275.324869
Thu Mar 26 19:01:15 JST 2026: Posted to Slack: ¥46800
navigated to https://jp.mercari.com/search?keyword=%E3%83%9F%E3%83%A5%E3%82%A6%2025th%20psa10&order=asc&price_min=35000&sort=price&status=on_sale
Thu Mar 26 19:31:21 JST 2026: Current lowest PSA10 (Mercari) = ¥46800 (prev: 46800)
✅ Sent via Slack. Message ID: 1774521085.046679
Thu Mar 26 19:31:25 JST 2026: Posted to Slack: ¥46800
navigated to https://jp.mercari.com/search?keyword=%E3%83%9F%E3%83%A5%E3%82%A6%2025th%20psa10&order=asc&price_min=35000&sort=price&status=on_sale
Thu Mar 26 20:01:32 JST 2026: Current lowest PSA10 (Mercari) = ¥46800 (prev: 46800)
✅ Sent via Slack. Message ID: 1774522894.429419
Thu Mar 26 20:01:34 JST 2026: Posted to Slack: ¥46800
navigated to https://jp.mercari.com/search?keyword=%E3%83%9F%E3%83%A5%E3%82%A6%2025th%20psa10&order=asc&price_min=35000&sort=price&status=on_sale
Thu Mar 26 20:31:40 JST 2026: Current lowest PSA10 (Mercari) = ¥46800 (prev: 46800)
✅ Sent via Slack. Message ID: 1774524702.448109
Thu Mar 26 20:31:42 JST 2026: Posted to Slack: ¥46800
navigated to https://jp.mercari.com/search?keyword=%E3%83%9F%E3%83%A5%E3%82%A6%2025th%20psa10&order=asc&price_min=35000&sort=price&status=on_sale
Thu Mar 26 21:01:49 JST 2026: Current lowest PSA10 (Mercari) = ¥46800 (prev: 46800)
✅ Sent via Slack. Message ID: 1774526512.293999
Thu Mar 26 21:01:52 JST 2026: Posted to Slack: ¥46800
navigated to https://jp.mercari.com/search?keyword=%E3%83%9F%E3%83%A5%E3%82%A6%2025th%20psa10&order=asc&price_min=35000&sort=price&status=on_sale
Thu Mar 26 21:31:58 JST 2026: Current lowest PSA10 (Mercari) = ¥45000 (prev: 46800)
✅ Sent via Slack. Message ID: 1774528321.416369
Thu Mar 26 21:32:01 JST 2026: Posted to Slack: ¥45000
navigated to https://jp.mercari.com/search?keyword=%E3%83%9F%E3%83%A5%E3%82%A6%2025th%20psa10&order=asc&price_min=35000&sort=price&status=on_sale
Thu Mar 26 22:02:08 JST 2026: Current lowest PSA10 (Mercari) = ¥45000 (prev: 45000)
✅ Sent via Slack. Message ID: 1774530131.535959
Thu Mar 26 22:02:11 JST 2026: Posted to Slack: ¥45000
navigated to https://jp.mercari.com/search?keyword=%E3%83%9F%E3%83%A5%E3%82%A6%2025th%20psa10&order=asc&price_min=35000&sort=price&status=on_sale
Thu Mar 26 22:32:18 JST 2026: Current lowest PSA10 (Mercari) = ¥46700 (prev: 45000)
✅ Sent via Slack. Message ID: 1774531940.924369
Thu Mar 26 22:32:21 JST 2026: Posted to Slack: ¥46700
navigated to https://jp.mercari.com/search?keyword=%E3%83%9F%E3%83%A5%E3%82%A6%2025th%20psa10&order=asc&price_min=35000&sort=price&status=on_sale
Thu Mar 26 23:02:29 JST 2026: Current lowest PSA10 (Mercari) = ¥46000 (prev: 46700)
✅ Sent via Slack. Message ID: 1774533752.113679
Thu Mar 26 23:02:32 JST 2026: Posted to Slack: ¥46000
navigated to https://jp.mercari.com/search?keyword=%E3%83%9F%E3%83%A5%E3%82%A6%2025th%20psa10&order=asc&price_min=35000&sort=price&status=on_sale
Thu Mar 26 23:32:38 JST 2026: Current lowest PSA10 (Mercari) = ¥46000 (prev: 46000)
✅ Sent via Slack. Message ID: 1774535561.258389
Thu Mar 26 23:32:41 JST 2026: Posted to Slack: ¥46000
navigated to https://jp.mercari.com/search?keyword=%E3%83%9F%E3%83%A5%E3%82%A6%2025th%20psa10&order=asc&price_min=35000&sort=price&status=on_sale
Fri Mar 27 00:02:48 JST 2026: Current lowest PSA10 (Mercari) = ¥46000 (prev: 46000)
✅ Sent via Slack. Message ID: 1774537370.913509
Fri Mar 27 00:02:51 JST 2026: Posted to Slack: ¥46000
navigated to https://jp.mercari.com/search?keyword=%E3%83%9F%E3%83%A5%E3%82%A6%2025th%20psa10&order=asc&price_min=35000&sort=price&status=on_sale
Fri Mar 27 00:32:58 JST 2026: Current lowest PSA10 (Mercari) = ¥46000 (prev: 46000)
✅ Sent via Slack. Message ID: 1774539180.239389
Fri Mar 27 00:33:00 JST 2026: Posted to Slack: ¥46000
navigated to https://jp.mercari.com/search?keyword=%E3%83%9F%E3%83%A5%E3%82%A6%2025th%20psa10&order=asc&price_min=35000&sort=price&status=on_sale
Fri Mar 27 01:03:07 JST 2026: Current lowest PSA10 (Mercari) = ¥46000 (prev: 46000)
✅ Sent via Slack. Message ID: 1774540989.869819
Fri Mar 27 01:03:10 JST 2026: Posted to Slack: ¥46000
navigated to https://jp.mercari.com/search?keyword=%E3%83%9F%E3%83%A5%E3%82%A6%2025th%20psa10&order=asc&price_min=35000&sort=price&status=on_sale
Fri Mar 27 01:33:16 JST 2026: Current lowest PSA10 (Mercari) = ¥46000 (prev: 46000)
✅ Sent via Slack. Message ID: 1774542798.977539
Fri Mar 27 01:33:19 JST 2026: Posted to Slack: ¥46000
navigated to https://jp.mercari.com/search?keyword=%E3%83%9F%E3%83%A5%E3%82%A6%2025th%20psa10&order=asc&price_min=35000&sort=price&status=on_sale
Fri Mar 27 02:03:24 JST 2026: Current lowest PSA10 (Mercari) = ¥46000 (prev: 46000)
✅ Sent via Slack. Message ID: 1774544607.475909
Fri Mar 27 02:03:27 JST 2026: Posted to Slack: ¥46000
navigated to https://jp.mercari.com/search?keyword=%E3%83%9F%E3%83%A5%E3%82%A6%2025th%20psa10&order=asc&price_min=35000&sort=price&status=on_sale
Fri Mar 27 02:33:34 JST 2026: Current lowest PSA10 (Mercari) = ¥46000 (prev: 46000)
✅ Sent via Slack. Message ID: 1774546416.942429
Fri Mar 27 02:33:37 JST 2026: Posted to Slack: ¥46000
navigated to https://jp.mercari.com/search?keyword=%E3%83%9F%E3%83%A5%E3%82%A6%2025th%20psa10&order=asc&price_min=35000&sort=price&status=on_sale
Fri Mar 27 03:03:44 JST 2026: Current lowest PSA10 (Mercari) = ¥46000 (prev: 46000)
✅ Sent via Slack. Message ID: 1774548226.847369
Fri Mar 27 03:03:47 JST 2026: Posted to Slack: ¥46000
navigated to https://jp.mercari.com/search?keyword=%E3%83%9F%E3%83%A5%E3%82%A6%2025th%20psa10&order=asc&price_min=35000&sort=price&status=on_sale
Fri Mar 27 03:33:52 JST 2026: Current lowest PSA10 (Mercari) = ¥46000 (prev: 46000)
✅ Sent via Slack. Message ID: 1774550035.610399
Fri Mar 27 03:33:55 JST 2026: Posted to Slack: ¥46000
navigated to https://jp.mercari.com/search?keyword=%E3%83%9F%E3%83%A5%E3%82%A6%2025th%20psa10&order=asc&price_min=35000&sort=price&status=on_sale
Fri Mar 27 04:04:02 JST 2026: Current lowest PSA10 (Mercari) = ¥46000 (prev: 46000)
✅ Sent via Slack. Message ID: 1774551845.170429
Fri Mar 27 04:04:05 JST 2026: Posted to Slack: ¥46000
navigated to https://jp.mercari.com/search?keyword=%E3%83%9F%E3%83%A5%E3%82%A6%2025th%20psa10&order=asc&price_min=35000&sort=price&status=on_sale
Fri Mar 27 04:34:11 JST 2026: Current lowest PSA10 (Mercari) = ¥46000 (prev: 46000)
✅ Sent via Slack. Message ID: 1774553654.256689
Fri Mar 27 04:34:14 JST 2026: Posted to Slack: ¥46000
navigated to https://jp.mercari.com/search?keyword=%E3%83%9F%E3%83%A5%E3%82%A6%2025th%20psa10&order=asc&price_min=35000&sort=price&status=on_sale
Fri Mar 27 05:04:21 JST 2026: Current lowest PSA10 (Mercari) = ¥46000 (prev: 46000)
✅ Sent via Slack. Message ID: 1774555463.932649
Fri Mar 27 05:04:24 JST 2026: Posted to Slack: ¥46000
navigated to https://jp.mercari.com/search?keyword=%E3%83%9F%E3%83%A5%E3%82%A6%2025th%20psa10&order=asc&price_min=35000&sort=price&status=on_sale
Fri Mar 27 05:34:30 JST 2026: Current lowest PSA10 (Mercari) = ¥46000 (prev: 46000)
✅ Sent via Slack. Message ID: 1774557273.112619
Fri Mar 27 05:34:33 JST 2026: Posted to Slack: ¥46000
navigated to https://jp.mercari.com/search?keyword=%E3%83%9F%E3%83%A5%E3%82%A6%2025th%20psa10&order=asc&price_min=35000&sort=price&status=on_sale
Fri Mar 27 06:04:39 JST 2026: Current lowest PSA10 (Mercari) = ¥46000 (prev: 46000)
✅ Sent via Slack. Message ID: 1774559082.543719
Fri Mar 27 06:04:42 JST 2026: Posted to Slack: ¥46000
navigated to https://jp.mercari.com/search?keyword=%E3%83%9F%E3%83%A5%E3%82%A6%2025th%20psa10&order=asc&price_min=35000&sort=price&status=on_sale
Fri Mar 27 06:34:49 JST 2026: Current lowest PSA10 (Mercari) = ¥46000 (prev: 46000)
✅ Sent via Slack. Message ID: 1774560892.130799
Fri Mar 27 06:34:52 JST 2026: Posted to Slack: ¥46000
navigated to https://jp.mercari.com/search?keyword=%E3%83%9F%E3%83%A5%E3%82%A6%2025th%20psa10&order=asc&price_min=35000&sort=price&status=on_sale
Fri Mar 27 07:04:58 JST 2026: Current lowest PSA10 (Mercari) = ¥46000 (prev: 46000)
✅ Sent via Slack. Message ID: 1774562701.432989
Fri Mar 27 07:05:01 JST 2026: Posted to Slack: ¥46000
navigated to https://jp.mercari.com/search?keyword=%E3%83%9F%E3%83%A5%E3%82%A6%2025th%20psa10&order=asc&price_min=35000&sort=price&status=on_sale
Fri Mar 27 07:35:07 JST 2026: Current lowest PSA10 (Mercari) = ¥46000 (prev: 46000)
✅ Sent via Slack. Message ID: 1774564509.514549
Fri Mar 27 07:35:09 JST 2026: Posted to Slack: ¥46000
navigated to https://jp.mercari.com/search?keyword=%E3%83%9F%E3%83%A5%E3%82%A6%2025th%20psa10&order=asc&price_min=35000&sort=price&status=on_sale
Fri Mar 27 08:05:16 JST 2026: Current lowest PSA10 (Mercari) = ¥46000 (prev: 46000)
✅ Sent via Slack. Message ID: 1774566319.256259
Fri Mar 27 08:05:19 JST 2026: Posted to Slack: ¥46000
navigated to https://jp.mercari.com/search?keyword=%E3%83%9F%E3%83%A5%E3%82%A6%2025th%20psa10&order=asc&price_min=35000&sort=price&status=on_sale
Fri Mar 27 08:35:26 JST 2026: Current lowest PSA10 (Mercari) = ¥46000 (prev: 46000)
✅ Sent via Slack. Message ID: 1774568128.679669
Fri Mar 27 08:35:28 JST 2026: Posted to Slack: ¥46000
navigated to https://jp.mercari.com/search?keyword=%E3%83%9F%E3%83%A5%E3%82%A6%2025th%20psa10&order=asc&price_min=35000&sort=price&status=on_sale
Fri Mar 27 09:05:35 JST 2026: Current lowest PSA10 (Mercari) = ¥46000 (prev: 46000)
✅ Sent via Slack. Message ID: 1774569937.880849
Fri Mar 27 09:05:38 JST 2026: Posted to Slack: ¥46000
navigated to https://jp.mercari.com/search?keyword=%E3%83%9F%E3%83%A5%E3%82%A6%2025th%20psa10&order=asc&price_min=35000&sort=price&status=on_sale
Fri Mar 27 09:35:44 JST 2026: Current lowest PSA10 (Mercari) = ¥46000 (prev: 46000)
✅ Sent via Slack. Message ID: 1774571746.919839
Fri Mar 27 09:35:47 JST 2026: Posted to Slack: ¥46000
navigated to https://jp.mercari.com/search?keyword=%E3%83%9F%E3%83%A5%E3%82%A6%2025th%20psa10&order=asc&price_min=35000&sort=price&status=on_sale
Fri Mar 27 10:05:53 JST 2026: Current lowest PSA10 (Mercari) = ¥46000 (prev: 46000)
✅ Sent via Slack. Message ID: 1774573556.218519
Fri Mar 27 10:05:56 JST 2026: Posted to Slack: ¥46000
navigated to https://jp.mercari.com/search?keyword=%E3%83%9F%E3%83%A5%E3%82%A6%2025th%20psa10&order=asc&price_min=35000&sort=price&status=on_sale
Fri Mar 27 10:36:02 JST 2026: Current lowest PSA10 (Mercari) = ¥46000 (prev: 46000)
✅ Sent via Slack. Message ID: 1774575365.094099
Fri Mar 27 10:36:05 JST 2026: Posted to Slack: ¥46000
navigated to https://jp.mercari.com/search?keyword=%E3%83%9F%E3%83%A5%E3%82%A6%2025th%20psa10&order=asc&price_min=35000&sort=price&status=on_sale
Fri Mar 27 11:06:12 JST 2026: Current lowest PSA10 (Mercari) = ¥46000 (prev: 46000)
✅ Sent via Slack. Message ID: 1774577174.434419
Fri Mar 27 11:06:14 JST 2026: Posted to Slack: ¥46000
navigated to https://jp.mercari.com/search?keyword=%E3%83%9F%E3%83%A5%E3%82%A6%2025th%20psa10&order=asc&price_min=35000&sort=price&status=on_sale
Fri Mar 27 11:36:20 JST 2026: Current lowest PSA10 (Mercari) = ¥46000 (prev: 46000)
✅ Sent via Slack. Message ID: 1774578982.904369
Fri Mar 27 11:36:23 JST 2026: Posted to Slack: ¥46000
navigated to https://jp.mercari.com/search?keyword=%E3%83%9F%E3%83%A5%E3%82%A6%2025th%20psa10&order=asc&price_min=35000&sort=price&status=on_sale
Fri Mar 27 12:06:29 JST 2026: Current lowest PSA10 (Mercari) = ¥46000 (prev: 46000)
✅ Sent via Slack. Message ID: 1774580792.032259
Fri Mar 27 12:06:32 JST 2026: Posted to Slack: ¥46000
navigated to https://jp.mercari.com/search?keyword=%E3%83%9F%E3%83%A5%E3%82%A6%2025th%20psa10&order=asc&price_min=35000&sort=price&status=on_sale
Fri Mar 27 12:36:38 JST 2026: Current lowest PSA10 (Mercari) = ¥46000 (prev: 46000)
✅ Sent via Slack. Message ID: 1774582601.228129
Fri Mar 27 12:36:41 JST 2026: Posted to Slack: ¥46000
navigated to https://jp.mercari.com/search?keyword=%E3%83%9F%E3%83%A5%E3%82%A6%2025th%20psa10&order=asc&price_min=35000&sort=price&status=on_sale
Fri Mar 27 13:06:47 JST 2026: Current lowest PSA10 (Mercari) = ¥46000 (prev: 46000)
✅ Sent via Slack. Message ID: 1774584410.370049
Fri Mar 27 13:06:50 JST 2026: Posted to Slack: ¥46000
navigated to https://jp.mercari.com/search?keyword=%E3%83%9F%E3%83%A5%E3%82%A6%2025th%20psa10&order=asc&price_min=35000&sort=price&status=on_sale
Fri Mar 27 13:36:55 JST 2026: Current lowest PSA10 (Mercari) = ¥46000 (prev: 46000)
✅ Sent via Slack. Message ID: 1774586218.342029
Fri Mar 27 13:36:58 JST 2026: Posted to Slack: ¥46000
navigated to https://jp.mercari.com/search?keyword=%E3%83%9F%E3%83%A5%E3%82%A6%2025th%20psa10&order=asc&price_min=35000&sort=price&status=on_sale
Fri Mar 27 14:07:05 JST 2026: Current lowest PSA10 (Mercari) = ¥46000 (prev: 46000)
✅ Sent via Slack. Message ID: 1774588027.547769
Fri Mar 27 14:07:07 JST 2026: Posted to Slack: ¥46000
navigated to https://jp.mercari.com/search?keyword=%E3%83%9F%E3%83%A5%E3%82%A6%2025th%20psa10&order=asc&price_min=35000&sort=price&status=on_sale
Fri Mar 27 14:37:14 JST 2026: Current lowest PSA10 (Mercari) = ¥46000 (prev: 46000)
✅ Sent via Slack. Message ID: 1774589836.814519
Fri Mar 27 14:37:17 JST 2026: Posted to Slack: ¥46000
navigated to https://jp.mercari.com/search?keyword=%E3%83%9F%E3%83%A5%E3%82%A6%2025th%20psa10&order=asc&price_min=35000&sort=price&status=on_sale
Fri Mar 27 15:07:23 JST 2026: Current lowest PSA10 (Mercari) = ¥46000 (prev: 46000)
✅ Sent via Slack. Message ID: 1774591646.103479
Fri Mar 27 15:07:26 JST 2026: Posted to Slack: ¥46000
navigated to https://jp.mercari.com/search?keyword=%E3%83%9F%E3%83%A5%E3%82%A6%2025th%20psa10&order=asc&price_min=35000&sort=price&status=on_sale
Fri Mar 27 15:37:33 JST 2026: Current lowest PSA10 (Mercari) = ¥46000 (prev: 46000)
✅ Sent via Slack. Message ID: 1774593455.590799
Fri Mar 27 15:37:35 JST 2026: Posted to Slack: ¥46000
navigated to https://jp.mercari.com/search?keyword=%E3%83%9F%E3%83%A5%E3%82%A6%2025th%20psa10&order=asc&price_min=35000&sort=price&status=on_sale
Fri Mar 27 16:07:42 JST 2026: Current lowest PSA10 (Mercari) = ¥46000 (prev: 46000)
✅ Sent via Slack. Message ID: 1774595264.780529
Fri Mar 27 16:07:44 JST 2026: Posted to Slack: ¥46000
navigated to https://jp.mercari.com/search?keyword=%E3%83%9F%E3%83%A5%E3%82%A6%2025th%20psa10&order=asc&price_min=35000&sort=price&status=on_sale
Fri Mar 27 16:37:51 JST 2026: Current lowest PSA10 (Mercari) = ¥46000 (prev: 46000)
✅ Sent via Slack. Message ID: 1774597073.809469
Fri Mar 27 16:37:53 JST 2026: Posted to Slack: ¥46000
navigated to https://jp.mercari.com/search?keyword=%E3%83%9F%E3%83%A5%E3%82%A6%2025th%20psa10&order=asc&price_min=35000&sort=price&status=on_sale
Fri Mar 27 17:08:00 JST 2026: Current lowest PSA10 (Mercari) = ¥46000 (prev: 46000)
✅ Sent via Slack. Message ID: 1774598883.020019
Fri Mar 27 17:08:03 JST 2026: Posted to Slack: ¥46000
navigated to https://jp.mercari.com/search?keyword=%E3%83%9F%E3%83%A5%E3%82%A6%2025th%20psa10&order=asc&price_min=35000&sort=price&status=on_sale
Fri Mar 27 17:38:10 JST 2026: Current lowest PSA10 (Mercari) = ¥46000 (prev: 46000)
✅ Sent via Slack. Message ID: 1774600692.517459
Fri Mar 27 17:38:12 JST 2026: Posted to Slack: ¥46000
navigated to https://jp.mercari.com/search?keyword=%E3%83%9F%E3%83%A5%E3%82%A6%2025th%20psa10&order=asc&price_min=35000&sort=price&status=on_sale
Fri Mar 27 18:08:19 JST 2026: Current lowest PSA10 (Mercari) = ¥46000 (prev: 46000)
✅ Sent via Slack. Message ID: 1774602501.740219
Fri Mar 27 18:08:21 JST 2026: Posted to Slack: ¥46000
navigated to https://jp.mercari.com/search?keyword=%E3%83%9F%E3%83%A5%E3%82%A6%2025th%20psa10&order=asc&price_min=35000&sort=price&status=on_sale
Fri Mar 27 18:38:28 JST 2026: Current lowest PSA10 (Mercari) = ¥45999 (prev: 46000)
✅ Sent via Slack. Message ID: 1774604311.100469
Fri Mar 27 18:38:31 JST 2026: Posted to Slack: ¥45999
navigated to https://jp.mercari.com/search?keyword=%E3%83%9F%E3%83%A5%E3%82%A6%2025th%20psa10&order=asc&price_min=35000&sort=price&status=on_sale
Fri Mar 27 19:08:36 JST 2026: Current lowest PSA10 (Mercari) = ¥45999 (prev: 45999)
✅ Sent via Slack. Message ID: 1774606119.672909
Fri Mar 27 19:08:39 JST 2026: Posted to Slack: ¥45999
navigated to https://jp.mercari.com/search?keyword=%E3%83%9F%E3%83%A5%E3%82%A6%2025th%20psa10&order=asc&price_min=35000&sort=price&status=on_sale
Fri Mar 27 19:38:46 JST 2026: Current lowest PSA10 (Mercari) = ¥45999 (prev: 45999)
✅ Sent via Slack. Message ID: 1774607928.893289
Fri Mar 27 19:38:48 JST 2026: Posted to Slack: ¥45999
navigated to https://jp.mercari.com/search?keyword=%E3%83%9F%E3%83%A5%E3%82%A6%2025th%20psa10&order=asc&price_min=35000&sort=price&status=on_sale
Fri Mar 27 20:08:55 JST 2026: Current lowest PSA10 (Mercari) = ¥45999 (prev: 45999)
✅ Sent via Slack. Message ID: 1774609738.351619
Fri Mar 27 20:08:58 JST 2026: Posted to Slack: ¥45999
navigated to https://jp.mercari.com/search?keyword=%E3%83%9F%E3%83%A5%E3%82%A6%2025th%20psa10&order=asc&price_min=35000&sort=price&status=on_sale
Fri Mar 27 20:39:05 JST 2026: Current lowest PSA10 (Mercari) = ¥45999 (prev: 45999)
✅ Sent via Slack. Message ID: 1774611548.010739
Fri Mar 27 20:39:08 JST 2026: Posted to Slack: ¥45999
navigated to https://jp.mercari.com/search?keyword=%E3%83%9F%E3%83%A5%E3%82%A6%2025th%20psa10&order=asc&price_min=35000&sort=price&status=on_sale
Fri Mar 27 21:09:15 JST 2026: Current lowest PSA10 (Mercari) = ¥45999 (prev: 45999)
✅ Sent via Slack. Message ID: 1774613357.985269
Fri Mar 27 21:09:18 JST 2026: Posted to Slack: ¥45999
navigated to https://jp.mercari.com/search?keyword=%E3%83%9F%E3%83%A5%E3%82%A6%2025th%20psa10&order=asc&price_min=35000&sort=price&status=on_sale
Fri Mar 27 21:39:24 JST 2026: Current lowest PSA10 (Mercari) = ¥45999 (prev: 45999)
✅ Sent via Slack. Message ID: 1774615167.190869
Fri Mar 27 21:39:27 JST 2026: Posted to Slack: ¥45999
navigated to https://jp.mercari.com/search?keyword=%E3%83%9F%E3%83%A5%E3%82%A6%2025th%20psa10&order=asc&price_min=35000&sort=price&status=on_sale
Fri Mar 27 22:09:33 JST 2026: Current lowest PSA10 (Mercari) = ¥45999 (prev: 45999)
✅ Sent via Slack. Message ID: 1774616975.577829
Fri Mar 27 22:09:35 JST 2026: Posted to Slack: ¥45999
navigated to https://jp.mercari.com/search?keyword=%E3%83%9F%E3%83%A5%E3%82%A6%2025th%20psa10&order=asc&price_min=35000&sort=price&status=on_sale
Fri Mar 27 22:39:41 JST 2026: Current lowest PSA10 (Mercari) = ¥45999 (prev: 45999)
✅ Sent via Slack. Message ID: 1774618784.404339
Fri Mar 27 22:39:44 JST 2026: Posted to Slack: ¥45999
navigated to https://jp.mercari.com/search?keyword=%E3%83%9F%E3%83%A5%E3%82%A6%2025th%20psa10&order=asc&price_min=35000&sort=price&status=on_sale
Fri Mar 27 23:09:51 JST 2026: Current lowest PSA10 (Mercari) = ¥45999 (prev: 45999)
✅ Sent via Slack. Message ID: 1774620593.512389
Fri Mar 27 23:09:53 JST 2026: Posted to Slack: ¥45999
navigated to https://jp.mercari.com/search?keyword=%E3%83%9F%E3%83%A5%E3%82%A6%2025th%20psa10&order=asc&price_min=35000&sort=price&status=on_sale
Fri Mar 27 23:39:58 JST 2026: Current lowest PSA10 (Mercari) = ¥45999 (prev: 45999)
✅ Sent via Slack. Message ID: 1774622401.845329
Fri Mar 27 23:40:02 JST 2026: Posted to Slack: ¥45999
navigated to https://jp.mercari.com/search?keyword=%E3%83%9F%E3%83%A5%E3%82%A6%2025th%20psa10&order=asc&price_min=35000&sort=price&status=on_sale
Sat Mar 28 00:10:08 JST 2026: Current lowest PSA10 (Mercari) = ¥45999 (prev: 45999)
✅ Sent via Slack. Message ID: 1774624211.341139
Sat Mar 28 00:10:11 JST 2026: Posted to Slack: ¥45999
navigated to https://jp.mercari.com/search?keyword=%E3%83%9F%E3%83%A5%E3%82%A6%2025th%20psa10&order=asc&price_min=35000&sort=price&status=on_sale
Sat Mar 28 00:40:17 JST 2026: Current lowest PSA10 (Mercari) = ¥45000 (prev: 45999)
✅ Sent via Slack. Message ID: 1774626020.161649
Sat Mar 28 00:40:20 JST 2026: Posted to Slack: ¥45000
navigated to https://jp.mercari.com/search?keyword=%E3%83%9F%E3%83%A5%E3%82%A6%2025th%20psa10&order=asc&price_min=35000&sort=price&status=on_sale
Sat Mar 28 01:10:26 JST 2026: Current lowest PSA10 (Mercari) = ¥45000 (prev: 45000)
✅ Sent via Slack. Message ID: 1774627829.484349
Sat Mar 28 01:10:29 JST 2026: Posted to Slack: ¥45000
navigated to https://jp.mercari.com/search?keyword=%E3%83%9F%E3%83%A5%E3%82%A6%2025th%20psa10&order=asc&price_min=35000&sort=price&status=on_sale
Sat Mar 28 01:40:35 JST 2026: Current lowest PSA10 (Mercari) = ¥45000 (prev: 45000)
✅ Sent via Slack. Message ID: 1774629638.418709
Sat Mar 28 01:40:38 JST 2026: Posted to Slack: ¥45000
navigated to https://jp.mercari.com/search?keyword=%E3%83%9F%E3%83%A5%E3%82%A6%2025th%20psa10&order=asc&price_min=35000&sort=price&status=on_sale
Sat Mar 28 02:10:43 JST 2026: Current lowest PSA10 (Mercari) = ¥45000 (prev: 45000)
✅ Sent via Slack. Message ID: 1774631446.544809
Sat Mar 28 02:10:46 JST 2026: Posted to Slack: ¥45000
navigated to https://jp.mercari.com/search?keyword=%E3%83%9F%E3%83%A5%E3%82%A6%2025th%20psa10&order=asc&price_min=35000&sort=price&status=on_sale
Sat Mar 28 02:40:52 JST 2026: Current lowest PSA10 (Mercari) = ¥45000 (prev: 45000)
✅ Sent via Slack. Message ID: 1774633255.366409
Sat Mar 28 02:40:55 JST 2026: Posted to Slack: ¥45000
navigated to https://jp.mercari.com/search?keyword=%E3%83%9F%E3%83%A5%E3%82%A6%2025th%20psa10&order=asc&price_min=35000&sort=price&status=on_sale
Sat Mar 28 03:11:02 JST 2026: Current lowest PSA10 (Mercari) = ¥45000 (prev: 45000)
✅ Sent via Slack. Message ID: 1774635064.872099
Sat Mar 28 03:11:05 JST 2026: Posted to Slack: ¥45000
navigated to https://jp.mercari.com/search?keyword=%E3%83%9F%E3%83%A5%E3%82%A6%2025th%20psa10&order=asc&price_min=35000&sort=price&status=on_sale
Sat Mar 28 03:41:11 JST 2026: Current lowest PSA10 (Mercari) = ¥45000 (prev: 45000)
✅ Sent via Slack. Message ID: 1774636874.059999
Sat Mar 28 03:41:14 JST 2026: Posted to Slack: ¥45000
navigated to https://jp.mercari.com/search?keyword=%E3%83%9F%E3%83%A5%E3%82%A6%2025th%20psa10&order=asc&price_min=35000&sort=price&status=on_sale
Sat Mar 28 04:11:20 JST 2026: Current lowest PSA10 (Mercari) = ¥45000 (prev: 45000)
✅ Sent via Slack. Message ID: 1774638683.317699
Sat Mar 28 04:11:23 JST 2026: Posted to Slack: ¥45000
navigated to https://jp.mercari.com/search?keyword=%E3%83%9F%E3%83%A5%E3%82%A6%2025th%20psa10&order=asc&price_min=35000&sort=price&status=on_sale
Sat Mar 28 04:41:29 JST 2026: Current lowest PSA10 (Mercari) = ¥45000 (prev: 45000)
✅ Sent via Slack. Message ID: 1774640492.194589
Sat Mar 28 04:41:32 JST 2026: Posted to Slack: ¥45000
navigated to https://jp.mercari.com/search?keyword=%E3%83%9F%E3%83%A5%E3%82%A6%2025th%20psa10&order=asc&price_min=35000&sort=price&status=on_sale
Sat Mar 28 05:11:38 JST 2026: Current lowest PSA10 (Mercari) = ¥45000 (prev: 45000)
✅ Sent via Slack. Message ID: 1774642301.559089
Sat Mar 28 05:11:41 JST 2026: Posted to Slack: ¥45000
navigated to https://jp.mercari.com/search?keyword=%E3%83%9F%E3%83%A5%E3%82%A6%2025th%20psa10&order=asc&price_min=35000&sort=price&status=on_sale
Sat Mar 28 05:41:48 JST 2026: Current lowest PSA10 (Mercari) = ¥45000 (prev: 45000)
✅ Sent via Slack. Message ID: 1774644110.661109
Sat Mar 28 05:41:50 JST 2026: Posted to Slack: ¥45000
navigated to https://jp.mercari.com/search?keyword=%E3%83%9F%E3%83%A5%E3%82%A6%2025th%20psa10&order=asc&price_min=35000&sort=price&status=on_sale
Sat Mar 28 06:11:57 JST 2026: Current lowest PSA10 (Mercari) = ¥45000 (prev: 45000)
✅ Sent via Slack. Message ID: 1774645919.897989
Sat Mar 28 06:12:00 JST 2026: Posted to Slack: ¥45000
navigated to https://jp.mercari.com/search?keyword=%E3%83%9F%E3%83%A5%E3%82%A6%2025th%20psa10&order=asc&price_min=35000&sort=price&status=on_sale
Sat Mar 28 06:42:06 JST 2026: Current lowest PSA10 (Mercari) = ¥45000 (prev: 45000)
✅ Sent via Slack. Message ID: 1774647728.791569
Sat Mar 28 06:42:08 JST 2026: Posted to Slack: ¥45000
navigated to https://jp.mercari.com/search?keyword=%E3%83%9F%E3%83%A5%E3%82%A6%2025th%20psa10&order=asc&price_min=35000&sort=price&status=on_sale
Sat Mar 28 07:12:15 JST 2026: Current lowest PSA10 (Mercari) = ¥45000 (prev: 45000)
✅ Sent via Slack. Message ID: 1774649538.138529
Sat Mar 28 07:12:18 JST 2026: Posted to Slack: ¥45000
navigated to https://jp.mercari.com/search?keyword=%E3%83%9F%E3%83%A5%E3%82%A6%2025th%20psa10&order=asc&price_min=35000&sort=price&status=on_sale
Sat Mar 28 07:42:24 JST 2026: Current lowest PSA10 (Mercari) = ¥45999 (prev: 45000)
✅ Sent via Slack. Message ID: 1774651346.954709
Sat Mar 28 07:42:27 JST 2026: Posted to Slack: ¥45999
navigated to https://jp.mercari.com/search?keyword=%E3%83%9F%E3%83%A5%E3%82%A6%2025th%20psa10&order=asc&price_min=35000&sort=price&status=on_sale
Sat Mar 28 08:12:32 JST 2026: Current lowest PSA10 (Mercari) = ¥45999 (prev: 45999)
✅ Sent via Slack. Message ID: 1774653154.907959
Sat Mar 28 08:12:35 JST 2026: Posted to Slack: ¥45999
navigated to https://jp.mercari.com/search?keyword=%E3%83%9F%E3%83%A5%E3%82%A6%2025th%20psa10&order=asc&price_min=35000&sort=price&status=on_sale
Sat Mar 28 08:42:41 JST 2026: Current lowest PSA10 (Mercari) = ¥45999 (prev: 45999)
✅ Sent via Slack. Message ID: 1774654963.448779
Sat Mar 28 08:42:43 JST 2026: Posted to Slack: ¥45999
navigated to https://jp.mercari.com/search?keyword=%E3%83%9F%E3%83%A5%E3%82%A6%2025th%20psa10&order=asc&price_min=35000&sort=price&status=on_sale
Sat Mar 28 09:12:49 JST 2026: Current lowest PSA10 (Mercari) = ¥45999 (prev: 45999)
✅ Sent via Slack. Message ID: 1774656771.428189
Sat Mar 28 09:12:51 JST 2026: Posted to Slack: ¥45999
navigated to https://jp.mercari.com/search?keyword=%E3%83%9F%E3%83%A5%E3%82%A6%2025th%20psa10&order=asc&price_min=35000&sort=price&status=on_sale
Sat Mar 28 09:42:56 JST 2026: Current lowest PSA10 (Mercari) = ¥45999 (prev: 45999)
✅ Sent via Slack. Message ID: 1774658579.263749
Sat Mar 28 09:42:59 JST 2026: Posted to Slack: ¥45999
navigated to https://jp.mercari.com/search?keyword=%E3%83%9F%E3%83%A5%E3%82%A6%2025th%20psa10&order=asc&price_min=35000&sort=price&status=on_sale
Sat Mar 28 10:13:05 JST 2026: Current lowest PSA10 (Mercari) = ¥45999 (prev: 45999)
✅ Sent via Slack. Message ID: 1774660388.115819
Sat Mar 28 10:13:08 JST 2026: Posted to Slack: ¥45999
navigated to https://jp.mercari.com/search?keyword=%E3%83%9F%E3%83%A5%E3%82%A6%2025th%20psa10&order=asc&price_min=35000&sort=price&status=on_sale
Sat Mar 28 10:43:14 JST 2026: Current lowest PSA10 (Mercari) = ¥43800 (prev: 45999)
✅ Sent via Slack. Message ID: 1774662197.105429
Sat Mar 28 10:43:17 JST 2026: Posted to Slack: ¥43800
navigated to https://jp.mercari.com/search?keyword=%E3%83%9F%E3%83%A5%E3%82%A6%2025th%20psa10&order=asc&price_min=35000&sort=price&status=on_sale
Sat Mar 28 11:13:23 JST 2026: Current lowest PSA10 (Mercari) = ¥43800 (prev: 43800)
✅ Sent via Slack. Message ID: 1774664006.305769
Sat Mar 28 11:13:26 JST 2026: Posted to Slack: ¥43800
navigated to https://jp.mercari.com/search?keyword=%E3%83%9F%E3%83%A5%E3%82%A6%2025th%20psa10&order=asc&price_min=35000&sort=price&status=on_sale
Sat Mar 28 11:43:30 JST 2026: Current lowest PSA10 (Mercari) = ¥44999 (prev: 43800)
✅ Sent via Slack. Message ID: 1774665815.065609
Sat Mar 28 11:43:33 JST 2026: Posted to Slack: ¥44999
navigated to https://jp.mercari.com/search?keyword=%E3%83%9F%E3%83%A5%E3%82%A6%2025th%20psa10&order=asc&price_min=35000&sort=price&status=on_sale
Sat Mar 28 12:13:41 JST 2026: Current lowest PSA10 (Mercari) = ¥44999 (prev: 44999)
✅ Sent via Slack. Message ID: 1774667623.985509
Sat Mar 28 12:13:44 JST 2026: Posted to Slack: ¥44999
navigated to https://jp.mercari.com/search?keyword=%E3%83%9F%E3%83%A5%E3%82%A6%2025th%20psa10&order=asc&price_min=35000&sort=price&status=on_sale
Sat Mar 28 12:43:50 JST 2026: Current lowest PSA10 (Mercari) = ¥44999 (prev: 44999)
✅ Sent via Slack. Message ID: 1774669432.811349
Sat Mar 28 12:43:52 JST 2026: Posted to Slack: ¥44999
navigated to https://jp.mercari.com/search?keyword=%E3%83%9F%E3%83%A5%E3%82%A6%2025th%20psa10&order=asc&price_min=35000&sort=price&status=on_sale
Sat Mar 28 13:13:59 JST 2026: Current lowest PSA10 (Mercari) = ¥44999 (prev: 44999)
✅ Sent via Slack. Message ID: 1774671241.540279
Sat Mar 28 13:14:01 JST 2026: Posted to Slack: ¥44999
navigated to https://jp.mercari.com/search?keyword=%E3%83%9F%E3%83%A5%E3%82%A6%2025th%20psa10&order=asc&price_min=35000&sort=price&status=on_sale
Sat Mar 28 13:44:07 JST 2026: Current lowest PSA10 (Mercari) = ¥44999 (prev: 44999)
✅ Sent via Slack. Message ID: 1774673049.955769
Sat Mar 28 13:44:10 JST 2026: Posted to Slack: ¥44999
navigated to https://jp.mercari.com/search?keyword=%E3%83%9F%E3%83%A5%E3%82%A6%2025th%20psa10&order=asc&price_min=35000&sort=price&status=on_sale
Sat Mar 28 14:14:16 JST 2026: Current lowest PSA10 (Mercari) = ¥44999 (prev: 44999)
✅ Sent via Slack. Message ID: 1774674858.916529
Sat Mar 28 14:14:19 JST 2026: Posted to Slack: ¥44999
navigated to https://jp.mercari.com/search?keyword=%E3%83%9F%E3%83%A5%E3%82%A6%2025th%20psa10&order=asc&price_min=35000&sort=price&status=on_sale
Sat Mar 28 14:44:25 JST 2026: Current lowest PSA10 (Mercari) = ¥44999 (prev: 44999)
✅ Sent via Slack. Message ID: 1774676667.575979
Sat Mar 28 14:44:27 JST 2026: Posted to Slack: ¥44999
navigated to https://jp.mercari.com/search?keyword=%E3%83%9F%E3%83%A5%E3%82%A6%2025th%20psa10&order=asc&price_min=35000&sort=price&status=on_sale
Sat Mar 28 15:14:34 JST 2026: Current lowest PSA10 (Mercari) = ¥44999 (prev: 44999)
✅ Sent via Slack. Message ID: 1774678477.258369
Sat Mar 28 15:14:37 JST 2026: Posted to Slack: ¥44999
navigated to https://jp.mercari.com/search?keyword=%E3%83%9F%E3%83%A5%E3%82%A6%2025th%20psa10&order=asc&price_min=35000&sort=price&status=on_sale
Sat Mar 28 15:44:43 JST 2026: Current lowest PSA10 (Mercari) = ¥44999 (prev: 44999)
✅ Sent via Slack. Message ID: 1774680285.837129
Sat Mar 28 15:44:46 JST 2026: Posted to Slack: ¥44999
navigated to https://jp.mercari.com/search?keyword=%E3%83%9F%E3%83%A5%E3%82%A6%2025th%20psa10&order=asc&price_min=35000&sort=price&status=on_sale
Sat Mar 28 16:14:52 JST 2026: Current lowest PSA10 (Mercari) = ¥44999 (prev: 44999)
✅ Sent via Slack. Message ID: 1774682095.128249
Sat Mar 28 16:14:55 JST 2026: Posted to Slack: ¥44999
navigated to https://jp.mercari.com/search?keyword=%E3%83%9F%E3%83%A5%E3%82%A6%2025th%20psa10&order=asc&price_min=35000&sort=price&status=on_sale
Sat Mar 28 16:45:01 JST 2026: Current lowest PSA10 (Mercari) = ¥44999 (prev: 44999)
✅ Sent via Slack. Message ID: 1774683904.797119
Sat Mar 28 16:45:04 JST 2026: Posted to Slack: ¥44999
navigated to https://jp.mercari.com/search?keyword=%E3%83%9F%E3%83%A5%E3%82%A6%2025th%20psa10&order=asc&price_min=35000&sort=price&status=on_sale
Sat Mar 28 17:15:11 JST 2026: Current lowest PSA10 (Mercari) = ¥44999 (prev: 44999)
✅ Sent via Slack. Message ID: 1774685714.042239
Sat Mar 28 17:15:14 JST 2026: Posted to Slack: ¥44999
navigated to https://jp.mercari.com/search?keyword=%E3%83%9F%E3%83%A5%E3%82%A6%2025th%20psa10&order=asc&price_min=35000&sort=price&status=on_sale
Sat Mar 28 17:45:20 JST 2026: Current lowest PSA10 (Mercari) = ¥44999 (prev: 44999)
✅ Sent via Slack. Message ID: 1774687523.073509
Sat Mar 28 17:45:23 JST 2026: Posted to Slack: ¥44999
navigated to https://jp.mercari.com/search?keyword=%E3%83%9F%E3%83%A5%E3%82%A6%2025th%20psa10&order=asc&price_min=35000&sort=price&status=on_sale
Sat Mar 28 18:15:29 JST 2026: Current lowest PSA10 (Mercari) = ¥44999 (prev: 44999)
✅ Sent via Slack. Message ID: 1774689332.027779
Sat Mar 28 18:15:32 JST 2026: Posted to Slack: ¥44999
navigated to https://jp.mercari.com/search?keyword=%E3%83%9F%E3%83%A5%E3%82%A6%2025th%20psa10&order=asc&price_min=35000&sort=price&status=on_sale
Sat Mar 28 18:45:38 JST 2026: Current lowest PSA10 (Mercari) = ¥44000 (prev: 44999)
✅ Sent via Slack. Message ID: 1774691141.089319
Sat Mar 28 18:45:41 JST 2026: Posted to Slack: ¥44000
navigated to https://jp.mercari.com/search?keyword=%E3%83%9F%E3%83%A5%E3%82%A6%2025th%20psa10&order=asc&price_min=35000&sort=price&status=on_sale
Sat Mar 28 19:15:47 JST 2026: Current lowest PSA10 (Mercari) = ¥44999 (prev: 44000)
✅ Sent via Slack. Message ID: 1774692950.159329
Sat Mar 28 19:15:50 JST 2026: Posted to Slack: ¥44999
navigated to https://jp.mercari.com/search?keyword=%E3%83%9F%E3%83%A5%E3%82%A6%2025th%20psa10&order=asc&price_min=35000&sort=price&status=on_sale
Sat Mar 28 19:45:56 JST 2026: Current lowest PSA10 (Mercari) = ¥44999 (prev: 44999)
✅ Sent via Slack. Message ID: 1774694759.555929
Sat Mar 28 19:45:59 JST 2026: Posted to Slack: ¥44999
navigated to https://jp.mercari.com/search?keyword=%E3%83%9F%E3%83%A5%E3%82%A6%2025th%20psa10&order=asc&price_min=35000&sort=price&status=on_sale
Sat Mar 28 20:16:06 JST 2026: Current lowest PSA10 (Mercari) = ¥44999 (prev: 44999)
✅ Sent via Slack. Message ID: 1774696568.551659
Sat Mar 28 20:16:08 JST 2026: Posted to Slack: ¥44999
navigated to https://jp.mercari.com/search?keyword=%E3%83%9F%E3%83%A5%E3%82%A6%2025th%20psa10&order=asc&price_min=35000&sort=price&status=on_sale
Sat Mar 28 20:46:14 JST 2026: Current lowest PSA10 (Mercari) = ¥44999 (prev: 44999)
✅ Sent via Slack. Message ID: 1774698377.372019
Sat Mar 28 20:46:17 JST 2026: Posted to Slack: ¥44999
navigated to https://jp.mercari.com/search?keyword=%E3%83%9F%E3%83%A5%E3%82%A6%2025th%20psa10&order=asc&price_min=35000&sort=price&status=on_sale
Sat Mar 28 21:16:24 JST 2026: Current lowest PSA10 (Mercari) = ¥44999 (prev: 44999)
✅ Sent via Slack. Message ID: 1774700186.638619
Sat Mar 28 21:16:26 JST 2026: Posted to Slack: ¥44999
navigated to https://jp.mercari.com/search?keyword=%E3%83%9F%E3%83%A5%E3%82%A6%2025th%20psa10&order=asc&price_min=35000&sort=price&status=on_sale
Sat Mar 28 21:46:32 JST 2026: Current lowest PSA10 (Mercari) = ¥44999 (prev: 44999)
✅ Sent via Slack. Message ID: 1774701994.587479
Sat Mar 28 21:46:34 JST 2026: Posted to Slack: ¥44999
navigated to https://jp.mercari.com/search?keyword=%E3%83%9F%E3%83%A5%E3%82%A6%2025th%20psa10&order=asc&price_min=35000&sort=price&status=on_sale
Sat Mar 28 22:16:41 JST 2026: Current lowest PSA10 (Mercari) = ¥44999 (prev: 44999)
✅ Sent via Slack. Message ID: 1774703803.903299
Sat Mar 28 22:16:44 JST 2026: Posted to Slack: ¥44999
navigated to https://jp.mercari.com/search?keyword=%E3%83%9F%E3%83%A5%E3%82%A6%2025th%20psa10&order=asc&price_min=35000&sort=price&status=on_sale
Sat Mar 28 22:46:50 JST 2026: Current lowest PSA10 (Mercari) = ¥44999 (prev: 44999)
✅ Sent via Slack. Message ID: 1774705612.640289
Sat Mar 28 22:46:52 JST 2026: Posted to Slack: ¥44999
navigated to https://jp.mercari.com/search?keyword=%E3%83%9F%E3%83%A5%E3%82%A6%2025th%20psa10&order=asc&price_min=35000&sort=price&status=on_sale
Sat Mar 28 23:16:59 JST 2026: Current lowest PSA10 (Mercari) = ¥44999 (prev: 44999)
✅ Sent via Slack. Message ID: 1774707421.622699
Sat Mar 28 23:17:01 JST 2026: Posted to Slack: ¥44999
navigated to https://jp.mercari.com/search?keyword=%E3%83%9F%E3%83%A5%E3%82%A6%2025th%20psa10&order=asc&price_min=35000&sort=price&status=on_sale
Sat Mar 28 23:47:08 JST 2026: Current lowest PSA10 (Mercari) = ¥44999 (prev: 44999)
✅ Sent via Slack. Message ID: 1774709230.623409
Sat Mar 28 23:47:10 JST 2026: Posted to Slack: ¥44999
navigated to https://jp.mercari.com/search?keyword=%E3%83%9F%E3%83%A5%E3%82%A6%2025th%20psa10&order=asc&price_min=35000&sort=price&status=on_sale
Sun Mar 29 00:17:18 JST 2026: Current lowest PSA10 (Mercari) = ¥44999 (prev: 44999)
✅ Sent via Slack. Message ID: 1774711040.543029
Sun Mar 29 00:17:20 JST 2026: Posted to Slack: ¥44999
navigated to https://jp.mercari.com/search?keyword=%E3%83%9F%E3%83%A5%E3%82%A6%2025th%20psa10&order=asc&price_min=35000&sort=price&status=on_sale
Sun Mar 29 00:47:27 JST 2026: Current lowest PSA10 (Mercari) = ¥44999 (prev: 44999)
✅ Sent via Slack. Message ID: 1774712849.591359
Sun Mar 29 00:47:29 JST 2026: Posted to Slack: ¥44999
navigated to https://jp.mercari.com/search?keyword=%E3%83%9F%E3%83%A5%E3%82%A6%2025th%20psa10&order=asc&price_min=35000&sort=price&status=on_sale
Sun Mar 29 01:17:37 JST 2026: Current lowest PSA10 (Mercari) = ¥46999 (prev: 44999)
✅ Sent via Slack. Message ID: 1774714659.970269
Sun Mar 29 01:17:40 JST 2026: Posted to Slack: ¥46999
navigated to https://jp.mercari.com/search?keyword=%E3%83%9F%E3%83%A5%E3%82%A6%2025th%20psa10&order=asc&price_min=35000&sort=price&status=on_sale
Sun Mar 29 01:47:46 JST 2026: Current lowest PSA10 (Mercari) = ¥46999 (prev: 46999)
✅ Sent via Slack. Message ID: 1774716469.212519
Sun Mar 29 01:47:49 JST 2026: Posted to Slack: ¥46999
navigated to https://jp.mercari.com/search?keyword=%E3%83%9F%E3%83%A5%E3%82%A6%2025th%20psa10&order=asc&price_min=35000&sort=price&status=on_sale
Sun Mar 29 02:17:55 JST 2026: Current lowest PSA10 (Mercari) = ¥46999 (prev: 46999)
✅ Sent via Slack. Message ID: 1774718278.308419
Sun Mar 29 02:17:58 JST 2026: Posted to Slack: ¥46999
navigated to https://jp.mercari.com/search?keyword=%E3%83%9F%E3%83%A5%E3%82%A6%2025th%20psa10&order=asc&price_min=35000&sort=price&status=on_sale
Sun Mar 29 02:48:04 JST 2026: Current lowest PSA10 (Mercari) = ¥46999 (prev: 46999)
✅ Sent via Slack. Message ID: 1774720087.570589
Sun Mar 29 02:48:07 JST 2026: Posted to Slack: ¥46999
navigated to https://jp.mercari.com/search?keyword=%E3%83%9F%E3%83%A5%E3%82%A6%2025th%20psa10&order=asc&price_min=35000&sort=price&status=on_sale
Sun Mar 29 03:18:14 JST 2026: Current lowest PSA10 (Mercari) = ¥46999 (prev: 46999)
✅ Sent via Slack. Message ID: 1774721896.747409
Sun Mar 29 03:18:16 JST 2026: Posted to Slack: ¥46999
navigated to https://jp.mercari.com/search?keyword=%E3%83%9F%E3%83%A5%E3%82%A6%2025th%20psa10&order=asc&price_min=35000&sort=price&status=on_sale
Sun Mar 29 03:48:23 JST 2026: Current lowest PSA10 (Mercari) = ¥46999 (prev: 46999)
✅ Sent via Slack. Message ID: 1774723705.650779
Sun Mar 29 03:48:25 JST 2026: Posted to Slack: ¥46999
navigated to https://jp.mercari.com/search?keyword=%E3%83%9F%E3%83%A5%E3%82%A6%2025th%20psa10&order=asc&price_min=35000&sort=price&status=on_sale
Sun Mar 29 04:18:32 JST 2026: Current lowest PSA10 (Mercari) = ¥46999 (prev: 46999)
✅ Sent via Slack. Message ID: 1774725514.733849
Sun Mar 29 04:18:34 JST 2026: Posted to Slack: ¥46999
navigated to https://jp.mercari.com/search?keyword=%E3%83%9F%E3%83%A5%E3%82%A6%2025th%20psa10&order=asc&price_min=35000&sort=price&status=on_sale
Sun Mar 29 04:48:40 JST 2026: Current lowest PSA10 (Mercari) = ¥46999 (prev: 46999)
✅ Sent via Slack. Message ID: 1774727323.553119
Sun Mar 29 04:48:43 JST 2026: Posted to Slack: ¥46999
navigated to https://jp.mercari.com/search?keyword=%E3%83%9F%E3%83%A5%E3%82%A6%2025th%20psa10&order=asc&price_min=35000&sort=price&status=on_sale
Sun Mar 29 05:18:50 JST 2026: Current lowest PSA10 (Mercari) = ¥46999 (prev: 46999)
✅ Sent via Slack. Message ID: 1774729132.739279
Sun Mar 29 05:18:52 JST 2026: Posted to Slack: ¥46999
navigated to https://jp.mercari.com/search?keyword=%E3%83%9F%E3%83%A5%E3%82%A6%2025th%20psa10&order=asc&price_min=35000&sort=price&status=on_sale
Sun Mar 29 05:48:58 JST 2026: Current lowest PSA10 (Mercari) = ¥46999 (prev: 46999)
✅ Sent via Slack. Message ID: 1774730941.661919
Sun Mar 29 05:49:01 JST 2026: Posted to Slack: ¥46999
navigated to https://jp.mercari.com/search?keyword=%E3%83%9F%E3%83%A5%E3%82%A6%2025th%20psa10&order=asc&price_min=35000&sort=price&status=on_sale
Sun Mar 29 06:19:08 JST 2026: Current lowest PSA10 (Mercari) = ¥46999 (prev: 46999)
✅ Sent via Slack. Message ID: 1774732750.784869
Sun Mar 29 06:19:10 JST 2026: Posted to Slack: ¥46999
navigated to https://jp.mercari.com/search?keyword=%E3%83%9F%E3%83%A5%E3%82%A6%2025th%20psa10&order=asc&price_min=35000&sort=price&status=on_sale
Sun Mar 29 06:49:17 JST 2026: Current lowest PSA10 (Mercari) = ¥46999 (prev: 46999)
✅ Sent via Slack. Message ID: 1774734559.868309
Sun Mar 29 06:49:20 JST 2026: Posted to Slack: ¥46999
navigated to https://jp.mercari.com/search?keyword=%E3%83%9F%E3%83%A5%E3%82%A6%2025th%20psa10&order=asc&price_min=35000&sort=price&status=on_sale
Sun Mar 29 07:19:26 JST 2026: Current lowest PSA10 (Mercari) = ¥46999 (prev: 46999)
✅ Sent via Slack. Message ID: 1774736369.221359
Sun Mar 29 07:19:29 JST 2026: Posted to Slack: ¥46999
navigated to https://jp.mercari.com/search?keyword=%E3%83%9F%E3%83%A5%E3%82%A6%2025th%20psa10&order=asc&price_min=35000&sort=price&status=on_sale
Sun Mar 29 07:49:35 JST 2026: Current lowest PSA10 (Mercari) = ¥46999 (prev: 46999)
✅ Sent via Slack. Message ID: 1774738178.409389
Sun Mar 29 07:49:38 JST 2026: Posted to Slack: ¥46999
navigated to https://jp.mercari.com/search?keyword=%E3%83%9F%E3%83%A5%E3%82%A6%2025th%20psa10&order=asc&price_min=35000&sort=price&status=on_sale
Sun Mar 29 08:19:45 JST 2026: Current lowest PSA10 (Mercari) = ¥46999 (prev: 46999)
✅ Sent via Slack. Message ID: 1774739987.880099
Sun Mar 29 08:19:47 JST 2026: Posted to Slack: ¥46999
navigated to https://jp.mercari.com/search?keyword=%E3%83%9F%E3%83%A5%E3%82%A6%2025th%20psa10&order=asc&price_min=35000&sort=price&status=on_sale
Sun Mar 29 08:49:54 JST 2026: Current lowest PSA10 (Mercari) = ¥46999 (prev: 46999)
✅ Sent via Slack. Message ID: 1774741797.113979
Sun Mar 29 08:49:57 JST 2026: Posted to Slack: ¥46999
navigated to https://jp.mercari.com/search?keyword=%E3%83%9F%E3%83%A5%E3%82%A6%2025th%20psa10&order=asc&price_min=35000&sort=price&status=on_sale
Sun Mar 29 09:20:04 JST 2026: Current lowest PSA10 (Mercari) = ¥46999 (prev: 46999)
✅ Sent via Slack. Message ID: 1774743606.760779
Sun Mar 29 09:20:06 JST 2026: Posted to Slack: ¥46999
navigated to https://jp.mercari.com/search?keyword=%E3%83%9F%E3%83%A5%E3%82%A6%2025th%20psa10&order=asc&price_min=35000&sort=price&status=on_sale
Sun Mar 29 09:50:13 JST 2026: Current lowest PSA10 (Mercari) = ¥46999 (prev: 46999)
✅ Sent via Slack. Message ID: 1774745415.912369
Sun Mar 29 09:50:16 JST 2026: Posted to Slack: ¥46999
navigated to https://jp.mercari.com/search?keyword=%E3%83%9F%E3%83%A5%E3%82%A6%2025th%20psa10&order=asc&price_min=35000&sort=price&status=on_sale
Sun Mar 29 10:20:22 JST 2026: Current lowest PSA10 (Mercari) = ¥46999 (prev: 46999)
✅ Sent via Slack. Message ID: 1774747224.807879
Sun Mar 29 10:20:24 JST 2026: Posted to Slack: ¥46999
navigated to https://jp.mercari.com/search?keyword=%E3%83%9F%E3%83%A5%E3%82%A6%2025th%20psa10&order=asc&price_min=35000&sort=price&status=on_sale
Sun Mar 29 10:50:31 JST 2026: Current lowest PSA10 (Mercari) = ¥46999 (prev: 46999)
✅ Sent via Slack. Message ID: 1774749033.503819
Sun Mar 29 10:50:33 JST 2026: Posted to Slack: ¥46999
navigated to https://jp.mercari.com/search?keyword=%E3%83%9F%E3%83%A5%E3%82%A6%2025th%20psa10&order=asc&price_min=35000&sort=price&status=on_sale
Sun Mar 29 11:20:40 JST 2026: Current lowest PSA10 (Mercari) = ¥46999 (prev: 46999)
✅ Sent via Slack. Message ID: 1774750842.838369
Sun Mar 29 11:20:43 JST 2026: Posted to Slack: ¥46999
navigated to https://jp.mercari.com/search?keyword=%E3%83%9F%E3%83%A5%E3%82%A6%2025th%20psa10&order=asc&price_min=35000&sort=price&status=on_sale
Sun Mar 29 11:50:49 JST 2026: Current lowest PSA10 (Mercari) = ¥46999 (prev: 46999)
✅ Sent via Slack. Message ID: 1774752651.592889
Sun Mar 29 11:50:51 JST 2026: Posted to Slack: ¥46999
navigated to https://jp.mercari.com/search?keyword=%E3%83%9F%E3%83%A5%E3%82%A6%2025th%20psa10&order=asc&price_min=35000&sort=price&status=on_sale
Sun Mar 29 12:20:58 JST 2026: Current lowest PSA10 (Mercari) = ¥46999 (prev: 46999)
✅ Sent via Slack. Message ID: 1774754461.945099
Sun Mar 29 12:21:02 JST 2026: Posted to Slack: ¥46999
navigated to https://jp.mercari.com/search?keyword=%E3%83%9F%E3%83%A5%E3%82%A6%2025th%20psa10&order=asc&price_min=35000&sort=price&status=on_sale
Sun Mar 29 12:51:08 JST 2026: Current lowest PSA10 (Mercari) = ¥46999 (prev: 46999)
✅ Sent via Slack. Message ID: 1774756270.855029
Sun Mar 29 12:51:10 JST 2026: Posted to Slack: ¥46999
navigated to https://jp.mercari.com/search?keyword=%E3%83%9F%E3%83%A5%E3%82%A6%2025th%20psa10&order=asc&price_min=35000&sort=price&status=on_sale
Sun Mar 29 13:21:16 JST 2026: Current lowest PSA10 (Mercari) = ¥46999 (prev: 46999)
✅ Sent via Slack. Message ID: 1774758079.595189
Sun Mar 29 13:21:19 JST 2026: Posted to Slack: ¥46999
navigated to https://jp.mercari.com/search?keyword=%E3%83%9F%E3%83%A5%E3%82%A6%2025th%20psa10&order=asc&price_min=35000&sort=price&status=on_sale
Sun Mar 29 13:51:24 JST 2026: Current lowest PSA10 (Mercari) = ¥46999 (prev: 46999)
✅ Sent via Slack. Message ID: 1774759887.259149
Sun Mar 29 13:51:27 JST 2026: Posted to Slack: ¥46999
navigated to https://jp.mercari.com/search?keyword=%E3%83%9F%E3%83%A5%E3%82%A6%2025th%20psa10&order=asc&price_min=35000&sort=price&status=on_sale
Sun Mar 29 14:21:33 JST 2026: Current lowest PSA10 (Mercari) = ¥46999 (prev: 46999)
✅ Sent via Slack. Message ID: 1774761695.568769
Sun Mar 29 14:21:35 JST 2026: Posted to Slack: ¥46999
navigated to https://jp.mercari.com/search?keyword=%E3%83%9F%E3%83%A5%E3%82%A6%2025th%20psa10&order=asc&price_min=35000&sort=price&status=on_sale
Sun Mar 29 14:51:42 JST 2026: Current lowest PSA10 (Mercari) = ¥46999 (prev: 46999)
✅ Sent via Slack. Message ID: 1774763504.407949
Sun Mar 29 14:51:44 JST 2026: Posted to Slack: ¥46999
navigated to https://jp.mercari.com/search?keyword=%E3%83%9F%E3%83%A5%E3%82%A6%2025th%20psa10&order=asc&price_min=35000&sort=price&status=on_sale
Sun Mar 29 15:21:51 JST 2026: Current lowest PSA10 (Mercari) = ¥46999 (prev: 46999)
✅ Sent via Slack. Message ID: 1774765313.324939
Sun Mar 29 15:21:53 JST 2026: Posted to Slack: ¥46999
navigated to https://jp.mercari.com/search?keyword=%E3%83%9F%E3%83%A5%E3%82%A6%2025th%20psa10&order=asc&price_min=35000&sort=price&status=on_sale
Sun Mar 29 15:51:59 JST 2026: Current lowest PSA10 (Mercari) = ¥46999 (prev: 46999)
✅ Sent via Slack. Message ID: 1774767121.959369
Sun Mar 29 15:52:02 JST 2026: Posted to Slack: ¥46999
navigated to https://jp.mercari.com/search?keyword=%E3%83%9F%E3%83%A5%E3%82%A6%2025th%20psa10&order=asc&price_min=35000&sort=price&status=on_sale
Sun Mar 29 16:22:09 JST 2026: Current lowest PSA10 (Mercari) = ¥44900 (prev: 46999)
✅ Sent via Slack. Message ID: 1774768932.031499
Sun Mar 29 16:22:12 JST 2026: Posted to Slack: ¥44900
navigated to https://jp.mercari.com/search?keyword=%E3%83%9F%E3%83%A5%E3%82%A6%2025th%20psa10&order=asc&price_min=35000&sort=price&status=on_sale
Sun Mar 29 16:52:18 JST 2026: Current lowest PSA10 (Mercari) = ¥44900 (prev: 44900)
✅ Sent via Slack. Message ID: 1774770741.358009
Sun Mar 29 16:52:21 JST 2026: Posted to Slack: ¥44900
navigated to https://jp.mercari.com/search?keyword=%E3%83%9F%E3%83%A5%E3%82%A6%2025th%20psa10&order=asc&price_min=35000&sort=price&status=on_sale
Sun Mar 29 17:22:28 JST 2026: Current lowest PSA10 (Mercari) = ¥44900 (prev: 44900)
✅ Sent via Slack. Message ID: 1774772551.053609
Sun Mar 29 17:22:31 JST 2026: Posted to Slack: ¥44900
navigated to https://jp.mercari.com/search?keyword=%E3%83%9F%E3%83%A5%E3%82%A6%2025th%20psa10&order=asc&price_min=35000&sort=price&status=on_sale
Sun Mar 29 17:52:37 JST 2026: Current lowest PSA10 (Mercari) = ¥44900 (prev: 44900)
✅ Sent via Slack. Message ID: 1774774359.741649
Sun Mar 29 17:52:39 JST 2026: Posted to Slack: ¥44900
navigated to https://jp.mercari.com/search?keyword=%E3%83%9F%E3%83%A5%E3%82%A6%2025th%20psa10&order=asc&price_min=35000&sort=price&status=on_sale
Sun Mar 29 18:22:46 JST 2026: Current lowest PSA10 (Mercari) = ¥44900 (prev: 44900)
✅ Sent via Slack. Message ID: 1774776196.588109
Sun Mar 29 18:23:16 JST 2026: Posted to Slack: ¥44900
navigated to https://jp.mercari.com/search?keyword=%E3%83%9F%E3%83%A5%E3%82%A6%2025th%20psa10&order=asc&price_min=35000&sort=price&status=on_sale
Sun Mar 29 18:53:22 JST 2026: Current lowest PSA10 (Mercari) = ¥46900 (prev: 44900)
✅ Sent via Slack. Message ID: 1774778005.762929
Sun Mar 29 18:53:25 JST 2026: Posted to Slack: ¥46900
navigated to https://jp.mercari.com/search?keyword=%E3%83%9F%E3%83%A5%E3%82%A6%2025th%20psa10&order=asc&price_min=35000&sort=price&status=on_sale
Sun Mar 29 19:23:32 JST 2026: Current lowest PSA10 (Mercari) = ¥46900 (prev: 46900)
✅ Sent via Slack. Message ID: 1774779815.121449
Sun Mar 29 19:23:35 JST 2026: Posted to Slack: ¥46900
navigated to https://jp.mercari.com/search?keyword=%E3%83%9F%E3%83%A5%E3%82%A6%2025th%20psa10&order=asc&price_min=35000&sort=price&status=on_sale
Sun Mar 29 19:53:41 JST 2026: Current lowest PSA10 (Mercari) = ¥44900 (prev: 46900)
✅ Sent via Slack. Message ID: 1774781624.155079
Sun Mar 29 19:53:44 JST 2026: Posted to Slack: ¥44900
navigated to https://jp.mercari.com/search?keyword=%E3%83%9F%E3%83%A5%E3%82%A6%2025th%20psa10&order=asc&price_min=35000&sort=price&status=on_sale
Sun Mar 29 20:23:50 JST 2026: Current lowest PSA10 (Mercari) = ¥44900 (prev: 44900)
✅ Sent via Slack. Message ID: 1774783433.145319
Sun Mar 29 20:23:53 JST 2026: Posted to Slack: ¥44900
navigated to https://jp.mercari.com/search?keyword=%E3%83%9F%E3%83%A5%E3%82%A6%2025th%20psa10&order=asc&price_min=35000&sort=price&status=on_sale
Sun Mar 29 20:53:59 JST 2026: Current lowest PSA10 (Mercari) = ¥44900 (prev: 44900)
✅ Sent via Slack. Message ID: 1774785242.253959
Sun Mar 29 20:54:02 JST 2026: Posted to Slack: ¥44900
navigated to https://jp.mercari.com/search?keyword=%E3%83%9F%E3%83%A5%E3%82%A6%2025th%20psa10&order=asc&price_min=35000&sort=price&status=on_sale
Sun Mar 29 21:24:11 JST 2026: Current lowest PSA10 (Mercari) = ¥44900 (prev: 44900)
✅ Sent via Slack. Message ID: 1774787076.600039
Sun Mar 29 21:24:36 JST 2026: Posted to Slack: ¥44900
navigated to https://jp.mercari.com/search?keyword=%E3%83%9F%E3%83%A5%E3%82%A6%2025th%20psa10&order=asc&price_min=35000&sort=price&status=on_sale
Sun Mar 29 21:54:43 JST 2026: Current lowest PSA10 (Mercari) = ¥44900 (prev: 44900)
✅ Sent via Slack. Message ID: 1774788886.035549
Sun Mar 29 21:54:46 JST 2026: Posted to Slack: ¥44900
navigated to https://jp.mercari.com/search?keyword=%E3%83%9F%E3%83%A5%E3%82%A6%2025th%20psa10&order=asc&price_min=35000&sort=price&status=on_sale
Sun Mar 29 22:24:52 JST 2026: Current lowest PSA10 (Mercari) = ¥44900 (prev: 44900)
✅ Sent via Slack. Message ID: 1774790694.743909
Sun Mar 29 22:24:54 JST 2026: Posted to Slack: ¥44900
navigated to https://jp.mercari.com/search?keyword=%E3%83%9F%E3%83%A5%E3%82%A6%2025th%20psa10&order=asc&price_min=35000&sort=price&status=on_sale
Sun Mar 29 22:55:01 JST 2026: Current lowest PSA10 (Mercari) = ¥44900 (prev: 44900)
✅ Sent via Slack. Message ID: 1774792503.631459
Sun Mar 29 22:55:03 JST 2026: Posted to Slack: ¥44900
navigated to https://jp.mercari.com/search?keyword=%E3%83%9F%E3%83%A5%E3%82%A6%2025th%20psa10&order=asc&price_min=35000&sort=price&status=on_sale
Sun Mar 29 23:25:10 JST 2026: Current lowest PSA10 (Mercari) = ¥44900 (prev: 44900)
✅ Sent via Slack. Message ID: 1774794312.954539
Sun Mar 29 23:25:13 JST 2026: Posted to Slack: ¥44900
navigated to https://jp.mercari.com/search?keyword=%E3%83%9F%E3%83%A5%E3%82%A6%2025th%20psa10&order=asc&price_min=35000&sort=price&status=on_sale
Sun Mar 29 23:55:19 JST 2026: Current lowest PSA10 (Mercari) = ¥44900 (prev: 44900)
✅ Sent via Slack. Message ID: 1774796122.242169
Sun Mar 29 23:55:22 JST 2026: Posted to Slack: ¥44900
navigated to https://jp.mercari.com/search?keyword=%E3%83%9F%E3%83%A5%E3%82%A6%2025th%20psa10&order=asc&price_min=35000&sort=price&status=on_sale
Mon Mar 30 00:25:28 JST 2026: Current lowest PSA10 (Mercari) = ¥44900 (prev: 44900)
✅ Sent via Slack. Message ID: 1774797931.482469
Mon Mar 30 00:25:31 JST 2026: Posted to Slack: ¥44900
navigated to https://jp.mercari.com/search?keyword=%E3%83%9F%E3%83%A5%E3%82%A6%2025th%20psa10&order=asc&price_min=35000&sort=price&status=on_sale
Mon Mar 30 00:55:38 JST 2026: Current lowest PSA10 (Mercari) = ¥44900 (prev: 44900)
✅ Sent via Slack. Message ID: 1774799740.892799
Mon Mar 30 00:55:41 JST 2026: Posted to Slack: ¥44900
navigated to https://jp.mercari.com/search?keyword=%E3%83%9F%E3%83%A5%E3%82%A6%2025th%20psa10&order=asc&price_min=35000&sort=price&status=on_sale
Mon Mar 30 01:25:47 JST 2026: Current lowest PSA10 (Mercari) = ¥43900 (prev: 44900)
✅ Sent via Slack. Message ID: 1774801550.506199
Mon Mar 30 01:25:50 JST 2026: Posted to Slack: ¥43900
navigated to https://jp.mercari.com/search?keyword=%E3%83%9F%E3%83%A5%E3%82%A6%2025th%20psa10&order=asc&price_min=35000&sort=price&status=on_sale
Mon Mar 30 01:55:56 JST 2026: Current lowest PSA10 (Mercari) = ¥43900 (prev: 43900)
✅ Sent via Slack. Message ID: 1774803359.451509
Mon Mar 30 01:55:59 JST 2026: Posted to Slack: ¥43900
navigated to https://jp.mercari.com/search?keyword=%E3%83%9F%E3%83%A5%E3%82%A6%2025th%20psa10&order=asc&price_min=35000&sort=price&status=on_sale
Mon Mar 30 02:26:05 JST 2026: Current lowest PSA10 (Mercari) = ¥43900 (prev: 43900)
✅ Sent via Slack. Message ID: 1774805167.890989
Mon Mar 30 02:26:07 JST 2026: Posted to Slack: ¥43900
navigated to https://jp.mercari.com/search?keyword=%E3%83%9F%E3%83%A5%E3%82%A6%2025th%20psa10&order=asc&price_min=35000&sort=price&status=on_sale
Mon Mar 30 02:56:13 JST 2026: Current lowest PSA10 (Mercari) = ¥43900 (prev: 43900)
✅ Sent via Slack. Message ID: 1774806976.421069
Mon Mar 30 02:56:16 JST 2026: Posted to Slack: ¥43900
navigated to https://jp.mercari.com/search?keyword=%E3%83%9F%E3%83%A5%E3%82%A6%2025th%20psa10&order=asc&price_min=35000&sort=price&status=on_sale
Mon Mar 30 03:26:23 JST 2026: Current lowest PSA10 (Mercari) = ¥43900 (prev: 43900)
✅ Sent via Slack. Message ID: 1774808785.571149
Mon Mar 30 03:26:25 JST 2026: Posted to Slack: ¥43900
navigated to https://jp.mercari.com/search?keyword=%E3%83%9F%E3%83%A5%E3%82%A6%2025th%20psa10&order=asc&price_min=35000&sort=price&status=on_sale
Mon Mar 30 03:56:31 JST 2026: Current lowest PSA10 (Mercari) = ¥43900 (prev: 43900)
✅ Sent via Slack. Message ID: 1774810594.431789
Mon Mar 30 03:56:34 JST 2026: Posted to Slack: ¥43900
navigated to https://jp.mercari.com/search?keyword=%E3%83%9F%E3%83%A5%E3%82%A6%2025th%20psa10&order=asc&price_min=35000&sort=price&status=on_sale
Mon Mar 30 04:26:41 JST 2026: Current lowest PSA10 (Mercari) = ¥43900 (prev: 43900)
✅ Sent via Slack. Message ID: 1774812404.178649
Mon Mar 30 04:26:44 JST 2026: Posted to Slack: ¥43900
navigated to https://jp.mercari.com/search?keyword=%E3%83%9F%E3%83%A5%E3%82%A6%2025th%20psa10&order=asc&price_min=35000&sort=price&status=on_sale
Mon Mar 30 04:56:50 JST 2026: Current lowest PSA10 (Mercari) = ¥43900 (prev: 43900)
✅ Sent via Slack. Message ID: 1774814212.647459
Mon Mar 30 04:56:52 JST 2026: Posted to Slack: ¥43900
navigated to https://jp.mercari.com/search?keyword=%E3%83%9F%E3%83%A5%E3%82%A6%2025th%20psa10&order=asc&price_min=35000&sort=price&status=on_sale
Mon Mar 30 05:26:58 JST 2026: Current lowest PSA10 (Mercari) = ¥43900 (prev: 43900)
✅ Sent via Slack. Message ID: 1774816021.193809
Mon Mar 30 05:27:01 JST 2026: Posted to Slack: ¥43900
navigated to https://jp.mercari.com/search?keyword=%E3%83%9F%E3%83%A5%E3%82%A6%2025th%20psa10&order=asc&price_min=35000&sort=price&status=on_sale
Mon Mar 30 05:57:08 JST 2026: Current lowest PSA10 (Mercari) = ¥43900 (prev: 43900)
✅ Sent via Slack. Message ID: 1774817830.592059
Mon Mar 30 05:57:10 JST 2026: Posted to Slack: ¥43900
navigated to https://jp.mercari.com/search?keyword=%E3%83%9F%E3%83%A5%E3%82%A6%2025th%20psa10&order=asc&price_min=35000&sort=price&status=on_sale
Mon Mar 30 06:27:17 JST 2026: Current lowest PSA10 (Mercari) = ¥43900 (prev: 43900)
✅ Sent via Slack. Message ID: 1774819640.319009
Mon Mar 30 06:27:20 JST 2026: Posted to Slack: ¥43900
navigated to https://jp.mercari.com/search?keyword=%E3%83%9F%E3%83%A5%E3%82%A6%2025th%20psa10&order=asc&price_min=35000&sort=price&status=on_sale
Mon Mar 30 06:57:26 JST 2026: Current lowest PSA10 (Mercari) = ¥43900 (prev: 43900)
✅ Sent via Slack. Message ID: 1774821449.527099
Mon Mar 30 06:57:29 JST 2026: Posted to Slack: ¥43900
navigated to https://jp.mercari.com/search?keyword=%E3%83%9F%E3%83%A5%E3%82%A6%2025th%20psa10&order=asc&price_min=35000&sort=price&status=on_sale
Mon Mar 30 07:27:36 JST 2026: Current lowest PSA10 (Mercari) = ¥43900 (prev: 43900)
✅ Sent via Slack. Message ID: 1774823258.856309
Mon Mar 30 07:27:39 JST 2026: Posted to Slack: ¥43900
navigated to https://jp.mercari.com/search?keyword=%E3%83%9F%E3%83%A5%E3%82%A6%2025th%20psa10&order=asc&price_min=35000&sort=price&status=on_sale
Mon Mar 30 07:57:45 JST 2026: Current lowest PSA10 (Mercari) = ¥43900 (prev: 43900)
✅ Sent via Slack. Message ID: 1774825067.814659
Mon Mar 30 07:57:48 JST 2026: Posted to Slack: ¥43900
navigated to https://jp.mercari.com/search?keyword=%E3%83%9F%E3%83%A5%E3%82%A6%2025th%20psa10&order=asc&price_min=35000&sort=price&status=on_sale
Mon Mar 30 08:27:54 JST 2026: Current lowest PSA10 (Mercari) = ¥43900 (prev: 43900)
✅ Sent via Slack. Message ID: 1774826876.814849
Mon Mar 30 08:27:57 JST 2026: Posted to Slack: ¥43900
navigated to https://jp.mercari.com/search?keyword=%E3%83%9F%E3%83%A5%E3%82%A6%2025th%20psa10&order=asc&price_min=35000&sort=price&status=on_sale
Mon Mar 30 08:58:03 JST 2026: Current lowest PSA10 (Mercari) = ¥43900 (prev: 43900)
✅ Sent via Slack. Message ID: 1774828685.698459
Mon Mar 30 08:58:05 JST 2026: Posted to Slack: ¥43900
navigated to https://jp.mercari.com/search?keyword=%E3%83%9F%E3%83%A5%E3%82%A6%2025th%20psa10&order=asc&price_min=35000&sort=price&status=on_sale
Mon Mar 30 09:28:12 JST 2026: Current lowest PSA10 (Mercari) = ¥43900 (prev: 43900)
✅ Sent via Slack. Message ID: 1774830495.183729
Mon Mar 30 09:28:15 JST 2026: Posted to Slack: ¥43900
navigated to https://jp.mercari.com/search?keyword=%E3%83%9F%E3%83%A5%E3%82%A6%2025th%20psa10&order=asc&price_min=35000&sort=price&status=on_sale
Mon Mar 30 09:58:21 JST 2026: Current lowest PSA10 (Mercari) = ¥43900 (prev: 43900)
✅ Sent via Slack. Message ID: 1774832304.410959
Mon Mar 30 09:58:24 JST 2026: Posted to Slack: ¥43900
navigated to https://jp.mercari.com/search?keyword=%E3%83%9F%E3%83%A5%E3%82%A6%2025th%20psa10&order=asc&price_min=35000&sort=price&status=on_sale
Mon Mar 30 10:28:30 JST 2026: Current lowest PSA10 (Mercari) = ¥43900 (prev: 43900)
✅ Sent via Slack. Message ID: 1774834112.566739
Mon Mar 30 10:28:32 JST 2026: Posted to Slack: ¥43900
navigated to https://jp.mercari.com/search?keyword=%E3%83%9F%E3%83%A5%E3%82%A6%2025th%20psa10&order=asc&price_min=35000&sort=price&status=on_sale
Mon Mar 30 10:58:39 JST 2026: Current lowest PSA10 (Mercari) = ¥43900 (prev: 43900)
✅ Sent via Slack. Message ID: 1774835921.600339
Mon Mar 30 10:58:41 JST 2026: Posted to Slack: ¥43900
navigated to https://jp.mercari.com/search?keyword=%E3%83%9F%E3%83%A5%E3%82%A6%2025th%20psa10&order=asc&price_min=35000&sort=price&status=on_sale
Mon Mar 30 11:28:48 JST 2026: Current lowest PSA10 (Mercari) = ¥43900 (prev: 43900)
✅ Sent via Slack. Message ID: 1774837730.667439
Mon Mar 30 11:28:50 JST 2026: Posted to Slack: ¥43900
navigated to https://jp.mercari.com/search?keyword=%E3%83%9F%E3%83%A5%E3%82%A6%2025th%20psa10&order=asc&price_min=35000&sort=price&status=on_sale
Mon Mar 30 11:58:57 JST 2026: Current lowest PSA10 (Mercari) = ¥43900 (prev: 43900)
✅ Sent via Slack. Message ID: 1774839539.446519
Mon Mar 30 11:58:59 JST 2026: Posted to Slack: ¥43900
navigated to https://jp.mercari.com/search?keyword=%E3%83%9F%E3%83%A5%E3%82%A6%2025th%20psa10&order=asc&price_min=35000&sort=price&status=on_sale
Mon Mar 30 12:29:08 JST 2026: Current lowest PSA10 (Mercari) = ¥43900 (prev: 43900)
✅ Sent via Slack. Message ID: 1774841350.407029
Mon Mar 30 12:29:10 JST 2026: Posted to Slack: ¥43900
navigated to https://jp.mercari.com/search?keyword=%E3%83%9F%E3%83%A5%E3%82%A6%2025th%20psa10&order=asc&price_min=35000&sort=price&status=on_sale
Mon Mar 30 12:59:17 JST 2026: Current lowest PSA10 (Mercari) = ¥43900 (prev: 43900)
✅ Sent via Slack. Message ID: 1774843159.761779
Mon Mar 30 12:59:19 JST 2026: Posted to Slack: ¥43900
navigated to https://jp.mercari.com/search?keyword=%E3%83%9F%E3%83%A5%E3%82%A6%2025th%20psa10&order=asc&price_min=35000&sort=price&status=on_sale
Mon Mar 30 13:29:26 JST 2026: Current lowest PSA10 (Mercari) = ¥43900 (prev: 43900)
✅ Sent via Slack. Message ID: 1774844968.626979
Mon Mar 30 13:29:28 JST 2026: Posted to Slack: ¥43900
navigated to https://jp.mercari.com/search?keyword=%E3%83%9F%E3%83%A5%E3%82%A6%2025th%20psa10&order=asc&price_min=35000&sort=price&status=on_sale
Mon Mar 30 13:59:35 JST 2026: Current lowest PSA10 (Mercari) = ¥43900 (prev: 43900)
✅ Sent via Slack. Message ID: 1774846777.348309
Mon Mar 30 13:59:37 JST 2026: Posted to Slack: ¥43900
navigated to https://jp.mercari.com/search?keyword=%E3%83%9F%E3%83%A5%E3%82%A6%2025th%20psa10&order=asc&price_min=35000&sort=price&status=on_sale
Mon Mar 30 14:29:44 JST 2026: Current lowest PSA10 (Mercari) = ¥43900 (prev: 43900)
✅ Sent via Slack. Message ID: 1774848586.548799
Mon Mar 30 14:29:46 JST 2026: Posted to Slack: ¥43900
navigated to https://jp.mercari.com/search?keyword=%E3%83%9F%E3%83%A5%E3%82%A6%2025th%20psa10&order=asc&price_min=35000&sort=price&status=on_sale
Mon Mar 30 14:59:51 JST 2026: Current lowest PSA10 (Mercari) = ¥43900 (prev: 43900)
✅ Sent via Slack. Message ID: 1774850394.425799
Mon Mar 30 14:59:54 JST 2026: Posted to Slack: ¥43900
navigated to https://jp.mercari.com/search?keyword=%E3%83%9F%E3%83%A5%E3%82%A6%2025th%20psa10&order=asc&price_min=35000&sort=price&status=on_sale
Mon Mar 30 15:30:01 JST 2026: Current lowest PSA10 (Mercari) = ¥43900 (prev: 43900)
✅ Sent via Slack. Message ID: 1774852203.562819
Mon Mar 30 15:30:03 JST 2026: Posted to Slack: ¥43900
navigated to https://jp.mercari.com/search?keyword=%E3%83%9F%E3%83%A5%E3%82%A6%2025th%20psa10&order=asc&price_min=35000&sort=price&status=on_sale
Mon Mar 30 16:00:10 JST 2026: Current lowest PSA10 (Mercari) = ¥43900 (prev: 43900)
✅ Sent via Slack. Message ID: 1774854012.595829
Mon Mar 30 16:00:12 JST 2026: Posted to Slack: ¥43900
navigated to https://jp.mercari.com/search?keyword=%E3%83%9F%E3%83%A5%E3%82%A6%2025th%20psa10&order=asc&price_min=35000&sort=price&status=on_sale
Mon Mar 30 16:30:19 JST 2026: Current lowest PSA10 (Mercari) = ¥43900 (prev: 43900)
✅ Sent via Slack. Message ID: 1774855822.123689
Mon Mar 30 16:30:22 JST 2026: Posted to Slack: ¥43900
navigated to https://jp.mercari.com/search?keyword=%E3%83%9F%E3%83%A5%E3%82%A6%2025th%20psa10&order=asc&price_min=35000&sort=price&status=on_sale
Mon Mar 30 17:00:28 JST 2026: Current lowest PSA10 (Mercari) = ¥43900 (prev: 43900)
✅ Sent via Slack. Message ID: 1774857631.049369
Mon Mar 30 17:00:31 JST 2026: Posted to Slack: ¥43900
navigated to https://jp.mercari.com/search?keyword=%E3%83%9F%E3%83%A5%E3%82%A6%2025th%20psa10&order=asc&price_min=35000&sort=price&status=on_sale
Mon Mar 30 17:30:37 JST 2026: Current lowest PSA10 (Mercari) = ¥43900 (prev: 43900)
✅ Sent via Slack. Message ID: 1774859440.116859
Mon Mar 30 17:30:40 JST 2026: Posted to Slack: ¥43900
navigated to https://jp.mercari.com/search?keyword=%E3%83%9F%E3%83%A5%E3%82%A6%2025th%20psa10&order=asc&price_min=35000&sort=price&status=on_sale
Mon Mar 30 18:00:46 JST 2026: Current lowest PSA10 (Mercari) = ¥43900 (prev: 43900)
✅ Sent via Slack. Message ID: 1774861248.988809
Mon Mar 30 18:00:49 JST 2026: Posted to Slack: ¥43900
navigated to https://jp.mercari.com/search?keyword=%E3%83%9F%E3%83%A5%E3%82%A6%2025th%20psa10&order=asc&price_min=35000&sort=price&status=on_sale
Mon Mar 30 18:30:55 JST 2026: Current lowest PSA10 (Mercari) = ¥43900 (prev: 43900)
✅ Sent via Slack. Message ID: 1774863058.105569
Mon Mar 30 18:30:58 JST 2026: Posted to Slack: ¥43900
navigated to https://jp.mercari.com/search?keyword=%E3%83%9F%E3%83%A5%E3%82%A6%2025th%20psa10&order=asc&price_min=35000&sort=price&status=on_sale
Mon Mar 30 19:01:04 JST 2026: Current lowest PSA10 (Mercari) = ¥43900 (prev: 43900)
✅ Sent via Slack. Message ID: 1774864866.727619
Mon Mar 30 19:01:06 JST 2026: Posted to Slack: ¥43900
navigated to https://jp.mercari.com/search?keyword=%E3%83%9F%E3%83%A5%E3%82%A6%2025th%20psa10&order=asc&price_min=35000&sort=price&status=on_sale
Mon Mar 30 19:31:13 JST 2026: Current lowest PSA10 (Mercari) = ¥43900 (prev: 43900)
✅ Sent via Slack. Message ID: 1774866675.724459
Mon Mar 30 19:31:15 JST 2026: Posted to Slack: ¥43900
navigated to https://jp.mercari.com/search?keyword=%E3%83%9F%E3%83%A5%E3%82%A6%2025th%20psa10&order=asc&price_min=35000&sort=price&status=on_sale
Mon Mar 30 20:01:23 JST 2026: Current lowest PSA10 (Mercari) = ¥43900 (prev: 43900)
✅ Sent via Slack. Message ID: 1774868485.414359
Mon Mar 30 20:01:25 JST 2026: Posted to Slack: ¥43900
navigated to https://jp.mercari.com/search?keyword=%E3%83%9F%E3%83%A5%E3%82%A6%2025th%20psa10&order=asc&price_min=35000&sort=price&status=on_sale
Mon Mar 30 20:31:31 JST 2026: Current lowest PSA10 (Mercari) = ¥43900 (prev: 43900)
✅ Sent via Slack. Message ID: 1774870293.434669
Mon Mar 30 20:31:33 JST 2026: Posted to Slack: ¥43900
navigated to https://jp.mercari.com/search?keyword=%E3%83%9F%E3%83%A5%E3%82%A6%2025th%20psa10&order=asc&price_min=35000&sort=price&status=on_sale
Mon Mar 30 21:01:39 JST 2026: Current lowest PSA10 (Mercari) = ¥43900 (prev: 43900)
✅ Sent via Slack. Message ID: 1774872102.396449
Mon Mar 30 21:01:42 JST 2026: Posted to Slack: ¥43900
navigated to https://jp.mercari.com/search?keyword=%E3%83%9F%E3%83%A5%E3%82%A6%2025th%20psa10&order=asc&price_min=35000&sort=price&status=on_sale
Mon Mar 30 21:31:49 JST 2026: Current lowest PSA10 (Mercari) = ¥44999 (prev: 43900)
✅ Sent via Slack. Message ID: 1774873911.832659
Mon Mar 30 21:31:52 JST 2026: Posted to Slack: ¥44999
navigated to https://jp.mercari.com/search?keyword=%E3%83%9F%E3%83%A5%E3%82%A6%2025th%20psa10&order=asc&price_min=35000&sort=price&status=on_sale
Mon Mar 30 22:01:58 JST 2026: Current lowest PSA10 (Mercari) = ¥44999 (prev: 44999)
✅ Sent via Slack. Message ID: 1774875720.600779
Mon Mar 30 22:02:00 JST 2026: Posted to Slack: ¥44999
navigated to https://jp.mercari.com/search?keyword=%E3%83%9F%E3%83%A5%E3%82%A6%2025th%20psa10&order=asc&price_min=35000&sort=price&status=on_sale
Mon Mar 30 22:32:06 JST 2026: Current lowest PSA10 (Mercari) = ¥44999 (prev: 44999)
✅ Sent via Slack. Message ID: 1774877528.636299
Mon Mar 30 22:32:08 JST 2026: Posted to Slack: ¥44999
navigated to https://jp.mercari.com/search?keyword=%E3%83%9F%E3%83%A5%E3%82%A6%2025th%20psa10&order=asc&price_min=35000&sort=price&status=on_sale
Mon Mar 30 23:02:14 JST 2026: Current lowest PSA10 (Mercari) = ¥44999 (prev: 44999)
✅ Sent via Slack. Message ID: 1774879337.265159
Mon Mar 30 23:02:17 JST 2026: Posted to Slack: ¥44999
navigated to https://jp.mercari.com/search?keyword=%E3%83%9F%E3%83%A5%E3%82%A6%2025th%20psa10&order=asc&price_min=35000&sort=price&status=on_sale
Mon Mar 30 23:32:22 JST 2026: Current lowest PSA10 (Mercari) = ¥44999 (prev: 44999)
✅ Sent via Slack. Message ID: 1774881145.347279
Mon Mar 30 23:32:25 JST 2026: Posted to Slack: ¥44999
navigated to https://jp.mercari.com/search?keyword=%E3%83%9F%E3%83%A5%E3%82%A6%2025th%20psa10&order=asc&price_min=35000&sort=price&status=on_sale
Tue Mar 31 00:02:31 JST 2026: Current lowest PSA10 (Mercari) = ¥44999 (prev: 44999)
✅ Sent via Slack. Message ID: 1774882954.397419
Tue Mar 31 00:02:34 JST 2026: Posted to Slack: ¥44999
navigated to https://jp.mercari.com/search?keyword=%E3%83%9F%E3%83%A5%E3%82%A6%2025th%20psa10&order=asc&price_min=35000&sort=price&status=on_sale
Tue Mar 31 00:32:41 JST 2026: Current lowest PSA10 (Mercari) = ¥44999 (prev: 44999)
✅ Sent via Slack. Message ID: 1774884763.718249
Tue Mar 31 00:32:44 JST 2026: Posted to Slack: ¥44999
navigated to https://jp.mercari.com/search?keyword=%E3%83%9F%E3%83%A5%E3%82%A6%2025th%20psa10&order=asc&price_min=35000&sort=price&status=on_sale
Tue Mar 31 01:02:50 JST 2026: Current lowest PSA10 (Mercari) = ¥44999 (prev: 44999)
✅ Sent via Slack. Message ID: 1774886572.554219
Tue Mar 31 01:02:52 JST 2026: Posted to Slack: ¥44999
navigated to https://jp.mercari.com/search?keyword=%E3%83%9F%E3%83%A5%E3%82%A6%2025th%20psa10&order=asc&price_min=35000&sort=price&status=on_sale
Tue Mar 31 01:32:59 JST 2026: Current lowest PSA10 (Mercari) = ¥44999 (prev: 44999)
✅ Sent via Slack. Message ID: 1774888381.967849
Tue Mar 31 01:33:02 JST 2026: Posted to Slack: ¥44999
navigated to https://jp.mercari.com/search?keyword=%E3%83%9F%E3%83%A5%E3%82%A6%2025th%20psa10&order=asc&price_min=35000&sort=price&status=on_sale
Tue Mar 31 02:03:08 JST 2026: Current lowest PSA10 (Mercari) = ¥44999 (prev: 44999)
✅ Sent via Slack. Message ID: 1774890190.967639
Tue Mar 31 02:03:11 JST 2026: Posted to Slack: ¥44999
navigated to https://jp.mercari.com/search?keyword=%E3%83%9F%E3%83%A5%E3%82%A6%2025th%20psa10&order=asc&price_min=35000&sort=price&status=on_sale
Tue Mar 31 02:33:17 JST 2026: Current lowest PSA10 (Mercari) = ¥44999 (prev: 44999)
✅ Sent via Slack. Message ID: 1774892000.159799
Tue Mar 31 02:33:20 JST 2026: Posted to Slack: ¥44999
navigated to https://jp.mercari.com/search?keyword=%E3%83%9F%E3%83%A5%E3%82%A6%2025th%20psa10&order=asc&price_min=35000&sort=price&status=on_sale
Tue Mar 31 03:03:26 JST 2026: Current lowest PSA10 (Mercari) = ¥44999 (prev: 44999)
✅ Sent via Slack. Message ID: 1774893809.118529
Tue Mar 31 03:03:29 JST 2026: Posted to Slack: ¥44999
navigated to https://jp.mercari.com/search?keyword=%E3%83%9F%E3%83%A5%E3%82%A6%2025th%20psa10&order=asc&price_min=35000&sort=price&status=on_sale
Tue Mar 31 03:33:35 JST 2026: Current lowest PSA10 (Mercari) = ¥44999 (prev: 44999)
✅ Sent via Slack. Message ID: 1774895618.479869
Tue Mar 31 03:33:38 JST 2026: Posted to Slack: ¥44999
navigated to https://jp.mercari.com/search?keyword=%E3%83%9F%E3%83%A5%E3%82%A6%2025th%20psa10&order=asc&price_min=35000&sort=price&status=on_sale
Tue Mar 31 04:03:44 JST 2026: Current lowest PSA10 (Mercari) = ¥44999 (prev: 44999)
✅ Sent via Slack. Message ID: 1774897427.333379
Tue Mar 31 04:03:47 JST 2026: Posted to Slack: ¥44999
navigated to https://jp.mercari.com/search?keyword=%E3%83%9F%E3%83%A5%E3%82%A6%2025th%20psa10&order=asc&price_min=35000&sort=price&status=on_sale
Tue Mar 31 04:33:54 JST 2026: Current lowest PSA10 (Mercari) = ¥44999 (prev: 44999)
✅ Sent via Slack. Message ID: 1774899236.663759
Tue Mar 31 04:33:56 JST 2026: Posted to Slack: ¥44999
navigated to https://jp.mercari.com/search?keyword=%E3%83%9F%E3%83%A5%E3%82%A6%2025th%20psa10&order=asc&price_min=35000&sort=price&status=on_sale
Tue Mar 31 05:04:03 JST 2026: Current lowest PSA10 (Mercari) = ¥44999 (prev: 44999)
✅ Sent via Slack. Message ID: 1774901045.576989
Tue Mar 31 05:04:05 JST 2026: Posted to Slack: ¥44999
navigated to https://jp.mercari.com/search?keyword=%E3%83%9F%E3%83%A5%E3%82%A6%2025th%20psa10&order=asc&price_min=35000&sort=price&status=on_sale
Tue Mar 31 05:34:11 JST 2026: Current lowest PSA10 (Mercari) = ¥44999 (prev: 44999)
✅ Sent via Slack. Message ID: 1774902853.819589
Tue Mar 31 05:34:13 JST 2026: Posted to Slack: ¥44999
navigated to https://jp.mercari.com/search?keyword=%E3%83%9F%E3%83%A5%E3%82%A6%2025th%20psa10&order=asc&price_min=35000&sort=price&status=on_sale
Tue Mar 31 06:04:20 JST 2026: Current lowest PSA10 (Mercari) = ¥44999 (prev: 44999)
✅ Sent via Slack. Message ID: 1774904662.781869
Tue Mar 31 06:04:22 JST 2026: Posted to Slack: ¥44999
navigated to https://jp.mercari.com/search?keyword=%E3%83%9F%E3%83%A5%E3%82%A6%2025th%20psa10&order=asc&price_min=35000&sort=price&status=on_sale
Tue Mar 31 06:34:29 JST 2026: Current lowest PSA10 (Mercari) = ¥44999 (prev: 44999)
✅ Sent via Slack. Message ID: 1774906471.861289
Tue Mar 31 06:34:31 JST 2026: Posted to Slack: ¥44999
navigated to https://jp.mercari.com/search?keyword=%E3%83%9F%E3%83%A5%E3%82%A6%2025th%20psa10&order=asc&price_min=35000&sort=price&status=on_sale
Tue Mar 31 07:04:38 JST 2026: Current lowest PSA10 (Mercari) = ¥44999 (prev: 44999)
✅ Sent via Slack. Message ID: 1774908280.613689
Tue Mar 31 07:04:40 JST 2026: Posted to Slack: ¥44999
navigated to https://jp.mercari.com/search?keyword=%E3%83%9F%E3%83%A5%E3%82%A6%2025th%20psa10&order=asc&price_min=35000&sort=price&status=on_sale
Tue Mar 31 07:34:47 JST 2026: Current lowest PSA10 (Mercari) = ¥44999 (prev: 44999)
✅ Sent via Slack. Message ID: 1774910089.891599
Tue Mar 31 07:34:50 JST 2026: Posted to Slack: ¥44999
navigated to https://jp.mercari.com/search?keyword=%E3%83%9F%E3%83%A5%E3%82%A6%2025th%20psa10&order=asc&price_min=35000&sort=price&status=on_sale
Tue Mar 31 08:04:56 JST 2026: Current lowest PSA10 (Mercari) = ¥44999 (prev: 44999)
✅ Sent via Slack. Message ID: 1774911898.709849
Tue Mar 31 08:04:58 JST 2026: Posted to Slack: ¥44999
navigated to https://jp.mercari.com/search?keyword=%E3%83%9F%E3%83%A5%E3%82%A6%2025th%20psa10&order=asc&price_min=35000&sort=price&status=on_sale
Tue Mar 31 08:35:05 JST 2026: Current lowest PSA10 (Mercari) = ¥44999 (prev: 44999)
✅ Sent via Slack. Message ID: 1774913707.645079
Tue Mar 31 08:35:07 JST 2026: Posted to Slack: ¥44999
navigated to https://jp.mercari.com/search?keyword=%E3%83%9F%E3%83%A5%E3%82%A6%2025th%20psa10&order=asc&price_min=35000&sort=price&status=on_sale
Tue Mar 31 09:05:13 JST 2026: Current lowest PSA10 (Mercari) = ¥44999 (prev: 44999)
✅ Sent via Slack. Message ID: 1774915515.498129
Tue Mar 31 09:05:15 JST 2026: Posted to Slack: ¥44999
navigated to https://jp.mercari.com/search?keyword=%E3%83%9F%E3%83%A5%E3%82%A6%2025th%20psa10&order=asc&price_min=35000&sort=price&status=on_sale
Tue Mar 31 09:35:22 JST 2026: Current lowest PSA10 (Mercari) = ¥44999 (prev: 44999)
✅ Sent via Slack. Message ID: 1774917324.740059
Tue Mar 31 09:35:24 JST 2026: Posted to Slack: ¥44999
navigated to https://jp.mercari.com/search?keyword=%E3%83%9F%E3%83%A5%E3%82%A6%2025th%20psa10&order=asc&price_min=35000&sort=price&status=on_sale
Tue Mar 31 10:05:31 JST 2026: Current lowest PSA10 (Mercari) = ¥44999 (prev: 44999)
✅ Sent via Slack. Message ID: 1774919133.841049
Tue Mar 31 10:05:34 JST 2026: Posted to Slack: ¥44999
navigated to https://jp.mercari.com/search?keyword=%E3%83%9F%E3%83%A5%E3%82%A6%2025th%20psa10&order=asc&price_min=35000&sort=price&status=on_sale
Tue Mar 31 10:35:40 JST 2026: Current lowest PSA10 (Mercari) = ¥44999 (prev: 44999)
✅ Sent via Slack. Message ID: 1774920943.025249
Tue Mar 31 10:35:43 JST 2026: Posted to Slack: ¥44999
navigated to https://jp.mercari.com/search?keyword=%E3%83%9F%E3%83%A5%E3%82%A6%2025th%20psa10&order=asc&price_min=35000&sort=price&status=on_sale
Tue Mar 31 11:05:48 JST 2026: Current lowest PSA10 (Mercari) = ¥44999 (prev: 44999)
✅ Sent via Slack. Message ID: 1774922751.228229
Tue Mar 31 11:05:51 JST 2026: Posted to Slack: ¥44999
navigated to https://jp.mercari.com/search?keyword=%E3%83%9F%E3%83%A5%E3%82%A6%2025th%20psa10&order=asc&price_min=35000&sort=price&status=on_sale
Tue Mar 31 11:35:58 JST 2026: Current lowest PSA10 (Mercari) = ¥44999 (prev: 44999)
✅ Sent via Slack. Message ID: 1774924560.703599
Tue Mar 31 11:36:00 JST 2026: Posted to Slack: ¥44999
navigated to https://jp.mercari.com/search?keyword=%E3%83%9F%E3%83%A5%E3%82%A6%2025th%20psa10&order=asc&price_min=35000&sort=price&status=on_sale
Tue Mar 31 12:06:07 JST 2026: Current lowest PSA10 (Mercari) = ¥44999 (prev: 44999)
✅ Sent via Slack. Message ID: 1774926369.619279
Tue Mar 31 12:06:09 JST 2026: Posted to Slack: ¥44999
navigated to https://jp.mercari.com/search?keyword=%E3%83%9F%E3%83%A5%E3%82%A6%2025th%20psa10&order=asc&price_min=35000&sort=price&status=on_sale
Tue Mar 31 12:36:16 JST 2026: Current lowest PSA10 (Mercari) = ¥44999 (prev: 44999)
✅ Sent via Slack. Message ID: 1774928178.989669
Tue Mar 31 12:36:19 JST 2026: Posted to Slack: ¥44999
navigated to https://jp.mercari.com/search?keyword=%E3%83%9F%E3%83%A5%E3%82%A6%2025th%20psa10&order=asc&price_min=35000&sort=price&status=on_sale
Tue Mar 31 13:06:25 JST 2026: Current lowest PSA10 (Mercari) = ¥44999 (prev: 44999)
✅ Sent via Slack. Message ID: 1774929987.750919
Tue Mar 31 13:06:27 JST 2026: Posted to Slack: ¥44999
navigated to https://jp.mercari.com/search?keyword=%E3%83%9F%E3%83%A5%E3%82%A6%2025th%20psa10&order=asc&price_min=35000&sort=price&status=on_sale
Tue Mar 31 13:36:34 JST 2026: Current lowest PSA10 (Mercari) = ¥44999 (prev: 44999)
✅ Sent via Slack. Message ID: 1774931796.956009
Tue Mar 31 13:36:37 JST 2026: Posted to Slack: ¥44999
navigated to https://jp.mercari.com/search?keyword=%E3%83%9F%E3%83%A5%E3%82%A6%2025th%20psa10&order=asc&price_min=35000&sort=price&status=on_sale
Tue Mar 31 14:06:43 JST 2026: Current lowest PSA10 (Mercari) = ¥44999 (prev: 44999)
✅ Sent via Slack. Message ID: 1774933605.637469
Tue Mar 31 14:06:45 JST 2026: Posted to Slack: ¥44999
navigated to https://jp.mercari.com/search?keyword=%E3%83%9F%E3%83%A5%E3%82%A6%2025th%20psa10&order=asc&price_min=35000&sort=price&status=on_sale
Tue Mar 31 14:36:52 JST 2026: Current lowest PSA10 (Mercari) = ¥44999 (prev: 44999)
✅ Sent via Slack. Message ID: 1774935414.515869
Tue Mar 31 14:36:54 JST 2026: Posted to Slack: ¥44999
navigated to https://jp.mercari.com/search?keyword=%E3%83%9F%E3%83%A5%E3%82%A6%2025th%20psa10&order=asc&price_min=35000&sort=price&status=on_sale
Tue Mar 31 15:06:59 JST 2026: Current lowest PSA10 (Mercari) = ¥44999 (prev: 44999)
✅ Sent via Slack. Message ID: 1774937222.432769
Tue Mar 31 15:07:02 JST 2026: Posted to Slack: ¥44999
navigated to https://jp.mercari.com/search?keyword=%E3%83%9F%E3%83%A5%E3%82%A6%2025th%20psa10&order=asc&price_min=35000&sort=price&status=on_sale
Tue Mar 31 15:37:09 JST 2026: Current lowest PSA10 (Mercari) = ¥44999 (prev: 44999)
✅ Sent via Slack. Message ID: 1774939031.857829
Tue Mar 31 15:37:12 JST 2026: Posted to Slack: ¥44999
navigated to https://jp.mercari.com/search?keyword=%E3%83%9F%E3%83%A5%E3%82%A6%2025th%20psa10&order=asc&price_min=35000&sort=price&status=on_sale
Tue Mar 31 16:07:18 JST 2026: Current lowest PSA10 (Mercari) = ¥44999 (prev: 44999)
✅ Sent via Slack. Message ID: 1774940840.689719
Tue Mar 31 16:07:20 JST 2026: Posted to Slack: ¥44999
navigated to https://jp.mercari.com/search?keyword=%E3%83%9F%E3%83%A5%E3%82%A6%2025th%20psa10&order=asc&price_min=35000&sort=price&status=on_sale
Tue Mar 31 16:37:27 JST 2026: Current lowest PSA10 (Mercari) = ¥44999 (prev: 44999)
✅ Sent via Slack. Message ID: 1774942649.791869
Tue Mar 31 16:37:29 JST 2026: Posted to Slack: ¥44999
navigated to https://jp.mercari.com/search?keyword=%E3%83%9F%E3%83%A5%E3%82%A6%2025th%20psa10&order=asc&price_min=35000&sort=price&status=on_sale
Tue Mar 31 17:07:36 JST 2026: Current lowest PSA10 (Mercari) = ¥44999 (prev: 44999)
✅ Sent via Slack. Message ID: 1774944459.531379
Tue Mar 31 17:07:39 JST 2026: Posted to Slack: ¥44999
navigated to https://jp.mercari.com/search?keyword=%E3%83%9F%E3%83%A5%E3%82%A6%2025th%20psa10&order=asc&price_min=35000&sort=price&status=on_sale
Tue Mar 31 17:37:46 JST 2026: Current lowest PSA10 (Mercari) = ¥44999 (prev: 44999)
✅ Sent via Slack. Message ID: 1774946268.691529
Tue Mar 31 17:37:48 JST 2026: Posted to Slack: ¥44999
navigated to https://jp.mercari.com/search?keyword=%E3%83%9F%E3%83%A5%E3%82%A6%2025th%20psa10&order=asc&price_min=35000&sort=price&status=on_sale
Tue Mar 31 18:07:55 JST 2026: Current lowest PSA10 (Mercari) = ¥44999 (prev: 44999)
✅ Sent via Slack. Message ID: 1774948105.632409
Tue Mar 31 18:08:25 JST 2026: Posted to Slack: ¥44999
navigated to https://jp.mercari.com/search?keyword=%E3%83%9F%E3%83%A5%E3%82%A6%2025th%20psa10&order=asc&price_min=35000&sort=price&status=on_sale
Tue Mar 31 18:38:32 JST 2026: Current lowest PSA10 (Mercari) = ¥40000 (prev: 44999)
✅ Sent via Slack. Message ID: 1774949914.558259
Tue Mar 31 18:38:34 JST 2026: Posted to Slack: ¥40000
navigated to https://jp.mercari.com/search?keyword=%E3%83%9F%E3%83%A5%E3%82%A6%2025th%20psa10&order=asc&price_min=35000&sort=price&status=on_sale
Tue Mar 31 19:08:39 JST 2026: Current lowest PSA10 (Mercari) = ¥40100 (prev: 40000)
✅ Sent via Slack. Message ID: 1774951722.048419
Tue Mar 31 19:08:42 JST 2026: Posted to Slack: ¥40100
navigated to https://jp.mercari.com/search?keyword=%E3%83%9F%E3%83%A5%E3%82%A6%2025th%20psa10&order=asc&price_min=35000&sort=price&status=on_sale
Tue Mar 31 19:38:48 JST 2026: Current lowest PSA10 (Mercari) = ¥40100 (prev: 40100)
✅ Sent via Slack. Message ID: 1774953531.295779
Tue Mar 31 19:38:51 JST 2026: Posted to Slack: ¥40100
navigated to https://jp.mercari.com/search?keyword=%E3%83%9F%E3%83%A5%E3%82%A6%2025th%20psa10&order=asc&price_min=35000&sort=price&status=on_sale
Tue Mar 31 20:08:57 JST 2026: Current lowest PSA10 (Mercari) = ¥40200 (prev: 40100)
✅ Sent via Slack. Message ID: 1774955340.340219
Tue Mar 31 20:09:00 JST 2026: Posted to Slack: ¥40200
navigated to https://jp.mercari.com/search?keyword=%E3%83%9F%E3%83%A5%E3%82%A6%2025th%20psa10&order=asc&price_min=35000&sort=price&status=on_sale
Tue Mar 31 20:39:07 JST 2026: Current lowest PSA10 (Mercari) = ¥40200 (prev: 40200)
✅ Sent via Slack. Message ID: 1774957149.594829
Tue Mar 31 20:39:09 JST 2026: Posted to Slack: ¥40200
navigated to https://jp.mercari.com/search?keyword=%E3%83%9F%E3%83%A5%E3%82%A6%2025th%20psa10&order=asc&price_min=35000&sort=price&status=on_sale
Tue Mar 31 21:09:16 JST 2026: Current lowest PSA10 (Mercari) = ¥40200 (prev: 40200)
✅ Sent via Slack. Message ID: 1774958958.898869
Tue Mar 31 21:09:19 JST 2026: Posted to Slack: ¥40200
navigated to https://jp.mercari.com/search?keyword=%E3%83%9F%E3%83%A5%E3%82%A6%2025th%20psa10&order=asc&price_min=35000&sort=price&status=on_sale
Tue Mar 31 21:39:25 JST 2026: Current lowest PSA10 (Mercari) = ¥40200 (prev: 40200)
✅ Sent via Slack. Message ID: 1774960767.970339
Tue Mar 31 21:39:28 JST 2026: Posted to Slack: ¥40200
navigated to https://jp.mercari.com/search?keyword=%E3%83%9F%E3%83%A5%E3%82%A6%2025th%20psa10&order=asc&price_min=35000&sort=price&status=on_sale
Tue Mar 31 22:09:34 JST 2026: Current lowest PSA10 (Mercari) = ¥40200 (prev: 40200)
✅ Sent via Slack. Message ID: 1774962576.997709
Tue Mar 31 22:09:37 JST 2026: Posted to Slack: ¥40200
navigated to https://jp.mercari.com/search?keyword=%E3%83%9F%E3%83%A5%E3%82%A6%2025th%20psa10&order=asc&price_min=35000&sort=price&status=on_sale
Tue Mar 31 22:39:43 JST 2026: Current lowest PSA10 (Mercari) = ¥38999 (prev: 40200)
✅ Sent via Slack. Message ID: 1774964386.537119
Tue Mar 31 22:39:46 JST 2026: Posted to Slack: ¥38999
navigated to https://jp.mercari.com/search?keyword=%E3%83%9F%E3%83%A5%E3%82%A6%2025th%20psa10&order=asc&price_min=35000&sort=price&status=on_sale
Tue Mar 31 23:09:53 JST 2026: Current lowest PSA10 (Mercari) = ¥38999 (prev: 38999)
✅ Sent via Slack. Message ID: 1774966195.358699
Tue Mar 31 23:09:55 JST 2026: Posted to Slack: ¥38999
navigated to https://jp.mercari.com/search?keyword=%E3%83%9F%E3%83%A5%E3%82%A6%2025th%20psa10&order=asc&price_min=35000&sort=price&status=on_sale
Tue Mar 31 23:40:01 JST 2026: Current lowest PSA10 (Mercari) = ¥38999 (prev: 38999)
✅ Sent via Slack. Message ID: 1774968004.255919
Tue Mar 31 23:40:04 JST 2026: Posted to Slack: ¥38999
navigated to https://jp.mercari.com/search?keyword=%E3%83%9F%E3%83%A5%E3%82%A6%2025th%20psa10&order=asc&price_min=35000&sort=price&status=on_sale
Wed Apr  1 00:10:10 JST 2026: Current lowest PSA10 (Mercari) = ¥36300 (prev: 38999)
✅ Sent via Slack. Message ID: 1774969813.158369
Wed Apr  1 00:10:13 JST 2026: Posted to Slack: ¥36300
navigated to https://jp.mercari.com/search?keyword=%E3%83%9F%E3%83%A5%E3%82%A6%2025th%20psa10&order=asc&price_min=35000&sort=price&status=on_sale
Wed Apr  1 00:40:18 JST 2026: Current lowest PSA10 (Mercari) = ¥38999 (prev: 36300)
✅ Sent via Slack. Message ID: 1774971621.463129
Wed Apr  1 00:40:21 JST 2026: Posted to Slack: ¥38999
navigated to https://jp.mercari.com/search?keyword=%E3%83%9F%E3%83%A5%E3%82%A6%2025th%20psa10&order=asc&price_min=35000&sort=price&status=on_sale
Wed Apr  1 01:10:27 JST 2026: Current lowest PSA10 (Mercari) = ¥38999 (prev: 38999)
✅ Sent via Slack. Message ID: 1774973430.296299
Wed Apr  1 01:10:30 JST 2026: Posted to Slack: ¥38999
navigated to https://jp.mercari.com/search?keyword=%E3%83%9F%E3%83%A5%E3%82%A6%2025th%20psa10&order=asc&price_min=35000&sort=price&status=on_sale
Wed Apr  1 01:40:37 JST 2026: Current lowest PSA10 (Mercari) = ¥38999 (prev: 38999)
✅ Sent via Slack. Message ID: 1774975239.826809
Wed Apr  1 01:40:39 JST 2026: Posted to Slack: ¥38999
navigated to https://jp.mercari.com/search?keyword=%E3%83%9F%E3%83%A5%E3%82%A6%2025th%20psa10&order=asc&price_min=35000&sort=price&status=on_sale
Wed Apr  1 02:10:46 JST 2026: Current lowest PSA10 (Mercari) = ¥38999 (prev: 38999)
✅ Sent via Slack. Message ID: 1774977048.918569
Wed Apr  1 02:10:49 JST 2026: Posted to Slack: ¥38999
navigated to https://jp.mercari.com/search?keyword=%E3%83%9F%E3%83%A5%E3%82%A6%2025th%20psa10&order=asc&price_min=35000&sort=price&status=on_sale
Wed Apr  1 02:40:55 JST 2026: Current lowest PSA10 (Mercari) = ¥38999 (prev: 38999)
✅ Sent via Slack. Message ID: 1774978858.123949
Wed Apr  1 02:40:58 JST 2026: Posted to Slack: ¥38999
navigated to https://jp.mercari.com/search?keyword=%E3%83%9F%E3%83%A5%E3%82%A6%2025th%20psa10&order=asc&price_min=35000&sort=price&status=on_sale
Wed Apr  1 03:11:03 JST 2026: Current lowest PSA10 (Mercari) = ¥38999 (prev: 38999)
✅ Sent via Slack. Message ID: 1774980666.027699
Wed Apr  1 03:11:06 JST 2026: Posted to Slack: ¥38999
navigated to https://jp.mercari.com/search?keyword=%E3%83%9F%E3%83%A5%E3%82%A6%2025th%20psa10&order=asc&price_min=35000&sort=price&status=on_sale
Wed Apr  1 03:41:13 JST 2026: Current lowest PSA10 (Mercari) = ¥38999 (prev: 38999)
✅ Sent via Slack. Message ID: 1774982475.552719
Wed Apr  1 03:41:15 JST 2026: Posted to Slack: ¥38999
navigated to https://jp.mercari.com/search?keyword=%E3%83%9F%E3%83%A5%E3%82%A6%2025th%20psa10&order=asc&price_min=35000&sort=price&status=on_sale
Wed Apr  1 04:11:21 JST 2026: Current lowest PSA10 (Mercari) = ¥39999 (prev: 38999)
✅ Sent via Slack. Message ID: 1774984284.440929
Wed Apr  1 04:11:24 JST 2026: Posted to Slack: ¥39999
navigated to https://jp.mercari.com/search?keyword=%E3%83%9F%E3%83%A5%E3%82%A6%2025th%20psa10&order=asc&price_min=35000&sort=price&status=on_sale
Wed Apr  1 04:41:31 JST 2026: Current lowest PSA10 (Mercari) = ¥39999 (prev: 39999)
✅ Sent via Slack. Message ID: 1774986093.659899
Wed Apr  1 04:41:33 JST 2026: Posted to Slack: ¥39999
navigated to https://jp.mercari.com/search?keyword=%E3%83%9F%E3%83%A5%E3%82%A6%2025th%20psa10&order=asc&price_min=35000&sort=price&status=on_sale
Wed Apr  1 05:11:38 JST 2026: Current lowest PSA10 (Mercari) = ¥39999 (prev: 39999)
✅ Sent via Slack. Message ID: 1774987901.459719
Wed Apr  1 05:11:41 JST 2026: Posted to Slack: ¥39999
navigated to https://jp.mercari.com/search?keyword=%E3%83%9F%E3%83%A5%E3%82%A6%2025th%20psa10&order=asc&price_min=35000&sort=price&status=on_sale
Wed Apr  1 05:41:48 JST 2026: Current lowest PSA10 (Mercari) = ¥39999 (prev: 39999)
✅ Sent via Slack. Message ID: 1774989710.598259
Wed Apr  1 05:41:50 JST 2026: Posted to Slack: ¥39999
navigated to https://jp.mercari.com/search?keyword=%E3%83%9F%E3%83%A5%E3%82%A6%2025th%20psa10&order=asc&price_min=35000&sort=price&status=on_sale
Wed Apr  1 06:11:57 JST 2026: Current lowest PSA10 (Mercari) = ¥39999 (prev: 39999)
✅ Sent via Slack. Message ID: 1774991519.344659
Wed Apr  1 06:11:59 JST 2026: Posted to Slack: ¥39999
navigated to https://jp.mercari.com/search?keyword=%E3%83%9F%E3%83%A5%E3%82%A6%2025th%20psa10&order=asc&price_min=35000&sort=price&status=on_sale
Wed Apr  1 06:42:06 JST 2026: Current lowest PSA10 (Mercari) = ¥39999 (prev: 39999)
✅ Sent via Slack. Message ID: 1774993328.675809
Wed Apr  1 06:42:08 JST 2026: Posted to Slack: ¥39999
navigated to https://jp.mercari.com/search?keyword=%E3%83%9F%E3%83%A5%E3%82%A6%2025th%20psa10&order=asc&price_min=35000&sort=price&status=on_sale
Wed Apr  1 07:12:14 JST 2026: Current lowest PSA10 (Mercari) = ¥39500 (prev: 39999)
✅ Sent via Slack. Message ID: 1774995137.236519
Wed Apr  1 07:12:17 JST 2026: Posted to Slack: ¥39500
navigated to https://jp.mercari.com/search?keyword=%E3%83%9F%E3%83%A5%E3%82%A6%2025th%20psa10&order=asc&price_min=35000&sort=price&status=on_sale
Wed Apr  1 07:42:25 JST 2026: Current lowest PSA10 (Mercari) = ¥39500 (prev: 39500)
✅ Sent via Slack. Message ID: 1774996948.254569
Wed Apr  1 07:42:28 JST 2026: Posted to Slack: ¥39500
navigated to https://jp.mercari.com/search?keyword=%E3%83%9F%E3%83%A5%E3%82%A6%2025th%20psa10&order=asc&price_min=35000&sort=price&status=on_sale
Wed Apr  1 08:12:34 JST 2026: Current lowest PSA10 (Mercari) = ¥39500 (prev: 39500)
✅ Sent via Slack. Message ID: 1774998756.826239
Wed Apr  1 08:12:36 JST 2026: Posted to Slack: ¥39500
navigated to https://jp.mercari.com/search?keyword=%E3%83%9F%E3%83%A5%E3%82%A6%2025th%20psa10&order=asc&price_min=35000&sort=price&status=on_sale
Wed Apr  1 08:42:42 JST 2026: Current lowest PSA10 (Mercari) = ¥38999 (prev: 39500)
✅ Sent via Slack. Message ID: 1775000565.246949
Wed Apr  1 08:42:45 JST 2026: Posted to Slack: ¥38999
navigated to https://jp.mercari.com/search?keyword=%E3%83%9F%E3%83%A5%E3%82%A6%2025th%20psa10&order=asc&price_min=35000&sort=price&status=on_sale
Wed Apr  1 09:12:51 JST 2026: Current lowest PSA10 (Mercari) = ¥38999 (prev: 38999)
✅ Sent via Slack. Message ID: 1775002373.974389
Wed Apr  1 09:12:54 JST 2026: Posted to Slack: ¥38999
navigated to https://jp.mercari.com/search?keyword=%E3%83%9F%E3%83%A5%E3%82%A6%2025th%20psa10&order=asc&price_min=35000&sort=price&status=on_sale
Wed Apr  1 09:43:00 JST 2026: Current lowest PSA10 (Mercari) = ¥38000 (prev: 38999)
✅ Sent via Slack. Message ID: 1775004183.002449
Wed Apr  1 09:43:03 JST 2026: Posted to Slack: ¥38000
navigated to https://jp.mercari.com/search?keyword=%E3%83%9F%E3%83%A5%E3%82%A6%2025th%20psa10&order=asc&price_min=35000&sort=price&status=on_sale
Wed Apr  1 10:13:09 JST 2026: Current lowest PSA10 (Mercari) = ¥38000 (prev: 38000)
✅ Sent via Slack. Message ID: 1775005991.833099
Wed Apr  1 10:13:11 JST 2026: Posted to Slack: ¥38000
navigated to https://jp.mercari.com/search?keyword=%E3%83%9F%E3%83%A5%E3%82%A6%2025th%20psa10&order=asc&price_min=35000&sort=price&status=on_sale
Wed Apr  1 10:43:18 JST 2026: Current lowest PSA10 (Mercari) = ¥37000 (prev: 38000)
✅ Sent via Slack. Message ID: 1775007801.083719
Wed Apr  1 10:43:21 JST 2026: Posted to Slack: ¥37000
navigated to https://jp.mercari.com/search?keyword=%E3%83%9F%E3%83%A5%E3%82%A6%2025th%20psa10&order=asc&price_min=35000&sort=price&status=on_sale
Wed Apr  1 11:13:26 JST 2026: Current lowest PSA10 (Mercari) = ¥36500 (prev: 37000)
✅ Sent via Slack. Message ID: 1775009608.816399
Wed Apr  1 11:13:29 JST 2026: Posted to Slack: ¥36500
navigated to https://jp.mercari.com/search?keyword=%E3%83%9F%E3%83%A5%E3%82%A6%2025th%20psa10&order=asc&price_min=35000&sort=price&status=on_sale
Wed Apr  1 11:43:35 JST 2026: Current lowest PSA10 (Mercari) = ¥39000 (prev: 36500)
✅ Sent via Slack. Message ID: 1775011417.735089
Wed Apr  1 11:43:37 JST 2026: Posted to Slack: ¥39000
navigated to https://jp.mercari.com/search?keyword=%E3%83%9F%E3%83%A5%E3%82%A6%2025th%20psa10&order=asc&price_min=35000&sort=price&status=on_sale
Wed Apr  1 12:13:44 JST 2026: Current lowest PSA10 (Mercari) = ¥39000 (prev: 39000)
✅ Sent via Slack. Message ID: 1775013226.717639
Wed Apr  1 12:13:46 JST 2026: Posted to Slack: ¥39000
navigated to https://jp.mercari.com/search?keyword=%E3%83%9F%E3%83%A5%E3%82%A6%2025th%20psa10&order=asc&price_min=35000&sort=price&status=on_sale
Wed Apr  1 12:43:53 JST 2026: Current lowest PSA10 (Mercari) = ¥39500 (prev: 39000)
✅ Sent via Slack. Message ID: 1775015035.489579
Wed Apr  1 12:43:55 JST 2026: Posted to Slack: ¥39500
navigated to https://jp.mercari.com/search?keyword=%E3%83%9F%E3%83%A5%E3%82%A6%2025th%20psa10&order=asc&price_min=35000&sort=price&status=on_sale
Wed Apr  1 13:14:02 JST 2026: Current lowest PSA10 (Mercari) = ¥39500 (prev: 39500)
✅ Sent via Slack. Message ID: 1775016845.098349
Wed Apr  1 13:14:05 JST 2026: Posted to Slack: ¥39500
navigated to https://jp.mercari.com/search?keyword=%E3%83%9F%E3%83%A5%E3%82%A6%2025th%20psa10&order=asc&price_min=35000&sort=price&status=on_sale
Wed Apr  1 13:44:11 JST 2026: Current lowest PSA10 (Mercari) = ¥39500 (prev: 39500)
✅ Sent via Slack. Message ID: 1775018654.245179
Wed Apr  1 13:44:14 JST 2026: Posted to Slack: ¥39500
navigated to https://jp.mercari.com/search?keyword=%E3%83%9F%E3%83%A5%E3%82%A6%2025th%20psa10&order=asc&price_min=35000&sort=price&status=on_sale
Wed Apr  1 14:14:20 JST 2026: Current lowest PSA10 (Mercari) = ¥39500 (prev: 39500)
✅ Sent via Slack. Message ID: 1775020462.573939
Wed Apr  1 14:14:22 JST 2026: Posted to Slack: ¥39500
navigated to https://jp.mercari.com/search?keyword=%E3%83%9F%E3%83%A5%E3%82%A6%2025th%20psa10&order=asc&price_min=35000&sort=price&status=on_sale
Wed Apr  1 14:44:29 JST 2026: Current lowest PSA10 (Mercari) = ¥39500 (prev: 39500)
✅ Sent via Slack. Message ID: 1775022272.329819
Wed Apr  1 14:44:32 JST 2026: Posted to Slack: ¥39500
navigated to https://jp.mercari.com/search?keyword=%E3%83%9F%E3%83%A5%E3%82%A6%2025th%20psa10&order=asc&price_min=35000&sort=price&status=on_sale
Wed Apr  1 15:14:39 JST 2026: Current lowest PSA10 (Mercari) = ¥40600 (prev: 39500)
✅ Sent via Slack. Message ID: 1775024081.840669
Wed Apr  1 15:14:41 JST 2026: Posted to Slack: ¥40600
navigated to https://jp.mercari.com/search?keyword=%E3%83%9F%E3%83%A5%E3%82%A6%2025th%20psa10&order=asc&price_min=35000&sort=price&status=on_sale
Wed Apr  1 15:44:48 JST 2026: Current lowest PSA10 (Mercari) = ¥40600 (prev: 40600)
✅ Sent via Slack. Message ID: 1775025890.982609
Wed Apr  1 15:44:51 JST 2026: Posted to Slack: ¥40600
navigated to https://jp.mercari.com/search?keyword=%E3%83%9F%E3%83%A5%E3%82%A6%2025th%20psa10&order=asc&price_min=35000&sort=price&status=on_sale
Wed Apr  1 16:14:57 JST 2026: Current lowest PSA10 (Mercari) = ¥40600 (prev: 40600)
✅ Sent via Slack. Message ID: 1775027699.999449
Wed Apr  1 16:15:00 JST 2026: Posted to Slack: ¥40600
navigated to https://jp.mercari.com/search?keyword=%E3%83%9F%E3%83%A5%E3%82%A6%2025th%20psa10&order=asc&price_min=35000&sort=price&status=on_sale
Wed Apr  1 16:45:07 JST 2026: Current lowest PSA10 (Mercari) = ¥40600 (prev: 40600)
✅ Sent via Slack. Message ID: 1775029509.921909
Wed Apr  1 16:45:10 JST 2026: Posted to Slack: ¥40600
navigated to https://jp.mercari.com/search?keyword=%E3%83%9F%E3%83%A5%E3%82%A6%2025th%20psa10&order=asc&price_min=35000&sort=price&status=on_sale
Wed Apr  1 17:15:16 JST 2026: Current lowest PSA10 (Mercari) = ¥38999 (prev: 40600)
✅ Sent via Slack. Message ID: 1775031319.355529
Wed Apr  1 17:15:19 JST 2026: Posted to Slack: ¥38999
navigated to https://jp.mercari.com/search?keyword=%E3%83%9F%E3%83%A5%E3%82%A6%2025th%20psa10&order=asc&price_min=35000&sort=price&status=on_sale
Wed Apr  1 17:45:26 JST 2026: Current lowest PSA10 (Mercari) = ¥38999 (prev: 38999)
✅ Sent via Slack. Message ID: 1775033129.400529
Wed Apr  1 17:45:29 JST 2026: Posted to Slack: ¥38999
navigated to https://jp.mercari.com/search?keyword=%E3%83%9F%E3%83%A5%E3%82%A6%2025th%20psa10&order=asc&price_min=35000&sort=price&status=on_sale
Wed Apr  1 18:15:36 JST 2026: Current lowest PSA10 (Mercari) = ¥38999 (prev: 38999)
✅ Sent via Slack. Message ID: 1775034938.505309
Wed Apr  1 18:15:38 JST 2026: Posted to Slack: ¥38999
navigated to https://jp.mercari.com/search?keyword=%E3%83%9F%E3%83%A5%E3%82%A6%2025th%20psa10&order=asc&price_min=35000&sort=price&status=on_sale
Wed Apr  1 18:45:45 JST 2026: Current lowest PSA10 (Mercari) = ¥38999 (prev: 38999)
✅ Sent via Slack. Message ID: 1775036747.898439
Wed Apr  1 18:45:48 JST 2026: Posted to Slack: ¥38999
navigated to https://jp.mercari.com/search?keyword=%E3%83%9F%E3%83%A5%E3%82%A6%2025th%20psa10&order=asc&price_min=35000&sort=price&status=on_sale
Wed Apr  1 19:15:54 JST 2026: Current lowest PSA10 (Mercari) = ¥38999 (prev: 38999)
✅ Sent via Slack. Message ID: 1775038556.741719
Wed Apr  1 19:15:56 JST 2026: Posted to Slack: ¥38999
navigated to https://jp.mercari.com/search?keyword=%E3%83%9F%E3%83%A5%E3%82%A6%2025th%20psa10&order=asc&price_min=35000&sort=price&status=on_sale
Wed Apr  1 19:46:03 JST 2026: Current lowest PSA10 (Mercari) = ¥38999 (prev: 38999)
✅ Sent via Slack. Message ID: 1775040365.811389
Wed Apr  1 19:46:06 JST 2026: Posted to Slack: ¥38999
navigated to https://jp.mercari.com/search?keyword=%E3%83%9F%E3%83%A5%E3%82%A6%2025th%20psa10&order=asc&price_min=35000&sort=price&status=on_sale
Wed Apr  1 20:16:12 JST 2026: Current lowest PSA10 (Mercari) = ¥38999 (prev: 38999)
✅ Sent via Slack. Message ID: 1775042174.724619
Wed Apr  1 20:16:14 JST 2026: Posted to Slack: ¥38999
navigated to https://jp.mercari.com/search?keyword=%E3%83%9F%E3%83%A5%E3%82%A6%2025th%20psa10&order=asc&price_min=35000&sort=price&status=on_sale
Wed Apr  1 20:46:21 JST 2026: Current lowest PSA10 (Mercari) = ¥37800 (prev: 38999)
✅ Sent via Slack. Message ID: 1775043984.481889
Wed Apr  1 20:46:24 JST 2026: Posted to Slack: ¥37800
navigated to https://jp.mercari.com/search?keyword=%E3%83%9F%E3%83%A5%E3%82%A6%2025th%20psa10&order=asc&price_min=35000&sort=price&status=on_sale
Wed Apr  1 21:16:31 JST 2026: Current lowest PSA10 (Mercari) = ¥37800 (prev: 37800)
✅ Sent via Slack. Message ID: 1775045793.937099
Wed Apr  1 21:16:34 JST 2026: Posted to Slack: ¥37800
navigated to https://jp.mercari.com/search?keyword=%E3%83%9F%E3%83%A5%E3%82%A6%2025th%20psa10&order=asc&price_min=35000&sort=price&status=on_sale
Wed Apr  1 21:46:40 JST 2026: Current lowest PSA10 (Mercari) = ¥37800 (prev: 37800)
✅ Sent via Slack. Message ID: 1775047603.428349
Wed Apr  1 21:46:43 JST 2026: Posted to Slack: ¥37800
navigated to https://jp.mercari.com/search?keyword=%E3%83%9F%E3%83%A5%E3%82%A6%2025th%20psa10&order=asc&price_min=35000&sort=price&status=on_sale
Wed Apr  1 22:16:49 JST 2026: Current lowest PSA10 (Mercari) = ¥37800 (prev: 37800)
✅ Sent via Slack. Message ID: 1775049412.215729
Wed Apr  1 22:16:52 JST 2026: Posted to Slack: ¥37800
navigated to https://jp.mercari.com/search?keyword=%E3%83%9F%E3%83%A5%E3%82%A6%2025th%20psa10&order=asc&price_min=35000&sort=price&status=on_sale
Wed Apr  1 22:46:58 JST 2026: Current lowest PSA10 (Mercari) = ¥37800 (prev: 37800)
✅ Sent via Slack. Message ID: 1775051221.653569
Wed Apr  1 22:47:01 JST 2026: Posted to Slack: ¥37800
navigated to https://jp.mercari.com/search?keyword=%E3%83%9F%E3%83%A5%E3%82%A6%2025th%20psa10&order=asc&price_min=35000&sort=price&status=on_sale
Wed Apr  1 23:17:10 JST 2026: Current lowest PSA10 (Mercari) = ¥37800 (prev: 37800)
✅ Sent via Slack. Message ID: 1775053032.776029
Wed Apr  1 23:17:13 JST 2026: Posted to Slack: ¥37800
navigated to https://jp.mercari.com/search?keyword=%E3%83%9F%E3%83%A5%E3%82%A6%2025th%20psa10&order=asc&price_min=35000&sort=price&status=on_sale
Wed Apr  1 23:47:19 JST 2026: Current lowest PSA10 (Mercari) = ¥37800 (prev: 37800)
✅ Sent via Slack. Message ID: 1775054842.039829
Wed Apr  1 23:47:22 JST 2026: Posted to Slack: ¥37800
navigated to https://jp.mercari.com/search?keyword=%E3%83%9F%E3%83%A5%E3%82%A6%2025th%20psa10&order=asc&price_min=35000&sort=price&status=on_sale
Thu Apr  2 00:17:28 JST 2026: Current lowest PSA10 (Mercari) = ¥37800 (prev: 37800)
✅ Sent via Slack. Message ID: 1775056651.062789
Thu Apr  2 00:17:31 JST 2026: Posted to Slack: ¥37800
navigated to https://jp.mercari.com/search?keyword=%E3%83%9F%E3%83%A5%E3%82%A6%2025th%20psa10&order=asc&price_min=35000&sort=price&status=on_sale
Thu Apr  2 00:47:37 JST 2026: Current lowest PSA10 (Mercari) = ¥36700 (prev: 37800)
✅ Sent via Slack. Message ID: 1775058460.446639
Thu Apr  2 00:47:40 JST 2026: Posted to Slack: ¥36700
navigated to https://jp.mercari.com/search?keyword=%E3%83%9F%E3%83%A5%E3%82%A6%2025th%20psa10&order=asc&price_min=35000&sort=price&status=on_sale
Thu Apr  2 01:17:47 JST 2026: Current lowest PSA10 (Mercari) = ¥36700 (prev: 36700)
✅ Sent via Slack. Message ID: 1775060269.936429
Thu Apr  2 01:17:50 JST 2026: Posted to Slack: ¥36700
navigated to https://jp.mercari.com/search?keyword=%E3%83%9F%E3%83%A5%E3%82%A6%2025th%20psa10&order=asc&price_min=35000&sort=price&status=on_sale
Thu Apr  2 01:47:55 JST 2026: Current lowest PSA10 (Mercari) = ¥36700 (prev: 36700)
✅ Sent via Slack. Message ID: 1775062078.103049
Thu Apr  2 01:47:58 JST 2026: Posted to Slack: ¥36700
navigated to https://jp.mercari.com/search?keyword=%E3%83%9F%E3%83%A5%E3%82%A6%2025th%20psa10&order=asc&price_min=35000&sort=price&status=on_sale
Thu Apr  2 02:18:04 JST 2026: Current lowest PSA10 (Mercari) = ¥36700 (prev: 36700)
✅ Sent via Slack. Message ID: 1775063887.387419
Thu Apr  2 02:18:07 JST 2026: Posted to Slack: ¥36700
navigated to https://jp.mercari.com/search?keyword=%E3%83%9F%E3%83%A5%E3%82%A6%2025th%20psa10&order=asc&price_min=35000&sort=price&status=on_sale
Thu Apr  2 02:48:14 JST 2026: Current lowest PSA10 (Mercari) = ¥36700 (prev: 36700)
✅ Sent via Slack. Message ID: 1775065696.503239
Thu Apr  2 02:48:16 JST 2026: Posted to Slack: ¥36700
navigated to https://jp.mercari.com/search?keyword=%E3%83%9F%E3%83%A5%E3%82%A6%2025th%20psa10&order=asc&price_min=35000&sort=price&status=on_sale
Thu Apr  2 03:18:23 JST 2026: Current lowest PSA10 (Mercari) = ¥36700 (prev: 36700)
✅ Sent via Slack. Message ID: 1775067505.774729
Thu Apr  2 03:18:25 JST 2026: Posted to Slack: ¥36700
navigated to https://jp.mercari.com/search?keyword=%E3%83%9F%E3%83%A5%E3%82%A6%2025th%20psa10&order=asc&price_min=35000&sort=price&status=on_sale
Thu Apr  2 03:48:32 JST 2026: Current lowest PSA10 (Mercari) = ¥38000 (prev: 36700)
✅ Sent via Slack. Message ID: 1775069315.008389
Thu Apr  2 03:48:35 JST 2026: Posted to Slack: ¥38000
navigated to https://jp.mercari.com/search?keyword=%E3%83%9F%E3%83%A5%E3%82%A6%2025th%20psa10&order=asc&price_min=35000&sort=price&status=on_sale
Thu Apr  2 04:18:41 JST 2026: Current lowest PSA10 (Mercari) = ¥38000 (prev: 38000)
✅ Sent via Slack. Message ID: 1775071124.100149
Thu Apr  2 04:18:44 JST 2026: Posted to Slack: ¥38000
navigated to https://jp.mercari.com/search?keyword=%E3%83%9F%E3%83%A5%E3%82%A6%2025th%20psa10&order=asc&price_min=35000&sort=price&status=on_sale
Thu Apr  2 04:48:50 JST 2026: Current lowest PSA10 (Mercari) = ¥38000 (prev: 38000)
✅ Sent via Slack. Message ID: 1775072933.311999
Thu Apr  2 04:48:53 JST 2026: Posted to Slack: ¥38000
navigated to https://jp.mercari.com/search?keyword=%E3%83%9F%E3%83%A5%E3%82%A6%2025th%20psa10&order=asc&price_min=35000&sort=price&status=on_sale
Thu Apr  2 05:18:59 JST 2026: Current lowest PSA10 (Mercari) = ¥38000 (prev: 38000)
✅ Sent via Slack. Message ID: 1775074741.877179
Thu Apr  2 05:19:02 JST 2026: Posted to Slack: ¥38000
navigated to https://jp.mercari.com/search?keyword=%E3%83%9F%E3%83%A5%E3%82%A6%2025th%20psa10&order=asc&price_min=35000&sort=price&status=on_sale
Thu Apr  2 05:49:08 JST 2026: Current lowest PSA10 (Mercari) = ¥38000 (prev: 38000)
✅ Sent via Slack. Message ID: 1775076551.290949
Thu Apr  2 05:49:11 JST 2026: Posted to Slack: ¥38000
navigated to https://jp.mercari.com/search?keyword=%E3%83%9F%E3%83%A5%E3%82%A6%2025th%20psa10&order=asc&price_min=35000&sort=price&status=on_sale
Thu Apr  2 06:19:18 JST 2026: Current lowest PSA10 (Mercari) = ¥38000 (prev: 38000)
✅ Sent via Slack. Message ID: 1775078360.711619
Thu Apr  2 06:19:20 JST 2026: Posted to Slack: ¥38000
navigated to https://jp.mercari.com/search?keyword=%E3%83%9F%E3%83%A5%E3%82%A6%2025th%20psa10&order=asc&price_min=35000&sort=price&status=on_sale
Thu Apr  2 06:49:27 JST 2026: Current lowest PSA10 (Mercari) = ¥38000 (prev: 38000)
✅ Sent via Slack. Message ID: 1775080170.351719
Thu Apr  2 06:49:30 JST 2026: Posted to Slack: ¥38000
navigated to https://jp.mercari.com/search?keyword=%E3%83%9F%E3%83%A5%E3%82%A6%2025th%20psa10&order=asc&price_min=35000&sort=price&status=on_sale
Thu Apr  2 07:19:37 JST 2026: Current lowest PSA10 (Mercari) = ¥38000 (prev: 38000)
✅ Sent via Slack. Message ID: 1775081979.307589
Thu Apr  2 07:19:39 JST 2026: Posted to Slack: ¥38000
navigated to https://jp.mercari.com/search?keyword=%E3%83%9F%E3%83%A5%E3%82%A6%2025th%20psa10&order=asc&price_min=35000&sort=price&status=on_sale
Thu Apr  2 07:49:46 JST 2026: Current lowest PSA10 (Mercari) = ¥38000 (prev: 38000)
✅ Sent via Slack. Message ID: 1775083788.255789
Thu Apr  2 07:49:48 JST 2026: Posted to Slack: ¥38000
navigated to https://jp.mercari.com/search?keyword=%E3%83%9F%E3%83%A5%E3%82%A6%2025th%20psa10&order=asc&price_min=35000&sort=price&status=on_sale
Thu Apr  2 08:19:54 JST 2026: Current lowest PSA10 (Mercari) = ¥38000 (prev: 38000)
✅ Sent via Slack. Message ID: 1775085597.485119
Thu Apr  2 08:19:57 JST 2026: Posted to Slack: ¥38000
navigated to https://jp.mercari.com/search?keyword=%E3%83%9F%E3%83%A5%E3%82%A6%2025th%20psa10&order=asc&price_min=35000&sort=price&status=on_sale
Thu Apr  2 08:50:04 JST 2026: Current lowest PSA10 (Mercari) = ¥38000 (prev: 38000)
✅ Sent via Slack. Message ID: 1775087406.851939
Thu Apr  2 08:50:07 JST 2026: Posted to Slack: ¥38000
navigated to https://jp.mercari.com/search?keyword=%E3%83%9F%E3%83%A5%E3%82%A6%2025th%20psa10&order=asc&price_min=35000&sort=price&status=on_sale
Thu Apr  2 09:20:13 JST 2026: Current lowest PSA10 (Mercari) = ¥38000 (prev: 38000)
✅ Sent via Slack. Message ID: 1775089215.735699
Thu Apr  2 09:20:15 JST 2026: Posted to Slack: ¥38000
navigated to https://jp.mercari.com/search?keyword=%E3%83%9F%E3%83%A5%E3%82%A6%2025th%20psa10&order=asc&price_min=35000&sort=price&status=on_sale
Thu Apr  2 09:50:22 JST 2026: Current lowest PSA10 (Mercari) = ¥38000 (prev: 38000)
✅ Sent via Slack. Message ID: 1775091024.922279
Thu Apr  2 09:50:25 JST 2026: Posted to Slack: ¥38000
navigated to https://jp.mercari.com/search?keyword=%E3%83%9F%E3%83%A5%E3%82%A6%2025th%20psa10&order=asc&price_min=35000&sort=price&status=on_sale
Thu Apr  2 10:20:31 JST 2026: Current lowest PSA10 (Mercari) = ¥38000 (prev: 38000)
✅ Sent via Slack. Message ID: 1775092834.250109
Thu Apr  2 10:20:34 JST 2026: Posted to Slack: ¥38000
navigated to https://jp.mercari.com/search?keyword=%E3%83%9F%E3%83%A5%E3%82%A6%2025th%20psa10&order=asc&price_min=35000&sort=price&status=on_sale
Thu Apr  2 10:50:41 JST 2026: Current lowest PSA10 (Mercari) = ¥38000 (prev: 38000)
✅ Sent via Slack. Message ID: 1775094643.854279
Thu Apr  2 10:50:44 JST 2026: Posted to Slack: ¥38000
navigated to https://jp.mercari.com/search?keyword=%E3%83%9F%E3%83%A5%E3%82%A6%2025th%20psa10&order=asc&price_min=35000&sort=price&status=on_sale
Thu Apr  2 11:20:50 JST 2026: Current lowest PSA10 (Mercari) = ¥38000 (prev: 38000)
✅ Sent via Slack. Message ID: 1775096453.237259
Thu Apr  2 11:20:53 JST 2026: Posted to Slack: ¥38000
navigated to https://jp.mercari.com/search?keyword=%E3%83%9F%E3%83%A5%E3%82%A6%2025th%20psa10&order=asc&price_min=35000&sort=price&status=on_sale
Thu Apr  2 11:50:59 JST 2026: Current lowest PSA10 (Mercari) = ¥38000 (prev: 38000)
✅ Sent via Slack. Message ID: 1775098262.467079
Thu Apr  2 11:51:02 JST 2026: Posted to Slack: ¥38000
navigated to https://jp.mercari.com/search?keyword=%E3%83%9F%E3%83%A5%E3%82%A6%2025th%20psa10&order=asc&price_min=35000&sort=price&status=on_sale
Thu Apr  2 12:21:09 JST 2026: Current lowest PSA10 (Mercari) = ¥38000 (prev: 38000)
✅ Sent via Slack. Message ID: 1775100071.673339
Thu Apr  2 12:21:11 JST 2026: Posted to Slack: ¥38000
navigated to https://jp.mercari.com/search?keyword=%E3%83%9F%E3%83%A5%E3%82%A6%2025th%20psa10&order=asc&price_min=35000&sort=price&status=on_sale
Thu Apr  2 12:51:18 JST 2026: Current lowest PSA10 (Mercari) = ¥38000 (prev: 38000)
✅ Sent via Slack. Message ID: 1775101880.493489
Thu Apr  2 12:51:20 JST 2026: Posted to Slack: ¥38000
navigated to https://jp.mercari.com/search?keyword=%E3%83%9F%E3%83%A5%E3%82%A6%2025th%20psa10&order=asc&price_min=35000&sort=price&status=on_sale
Thu Apr  2 13:21:27 JST 2026: Current lowest PSA10 (Mercari) = ¥38000 (prev: 38000)
✅ Sent via Slack. Message ID: 1775103690.483299
Thu Apr  2 13:21:30 JST 2026: Posted to Slack: ¥38000
navigated to https://jp.mercari.com/search?keyword=%E3%83%9F%E3%83%A5%E3%82%A6%2025th%20psa10&order=asc&price_min=35000&sort=price&status=on_sale
Thu Apr  2 13:51:37 JST 2026: Current lowest PSA10 (Mercari) = ¥38000 (prev: 38000)
✅ Sent via Slack. Message ID: 1775105500.059409
Thu Apr  2 13:51:40 JST 2026: Posted to Slack: ¥38000
navigated to https://jp.mercari.com/search?keyword=%E3%83%9F%E3%83%A5%E3%82%A6%2025th%20psa10&order=asc&price_min=35000&sort=price&status=on_sale
Thu Apr  2 14:21:47 JST 2026: Current lowest PSA10 (Mercari) = ¥38000 (prev: 38000)
✅ Sent via Slack. Message ID: 1775107309.705679
Thu Apr  2 14:21:49 JST 2026: Posted to Slack: ¥38000
navigated to https://jp.mercari.com/search?keyword=%E3%83%9F%E3%83%A5%E3%82%A6%2025th%20psa10&order=asc&price_min=35000&sort=price&status=on_sale
Thu Apr  2 14:51:56 JST 2026: Current lowest PSA10 (Mercari) = ¥38000 (prev: 38000)
✅ Sent via Slack. Message ID: 1775109118.950289
Thu Apr  2 14:51:59 JST 2026: Posted to Slack: ¥38000
navigated to https://jp.mercari.com/search?keyword=%E3%83%9F%E3%83%A5%E3%82%A6%2025th%20psa10&order=asc&price_min=35000&sort=price&status=on_sale
Thu Apr  2 15:22:05 JST 2026: Current lowest PSA10 (Mercari) = ¥38000 (prev: 38000)
✅ Sent via Slack. Message ID: 1775110928.214699
Thu Apr  2 15:22:08 JST 2026: Posted to Slack: ¥38000
navigated to https://jp.mercari.com/search?keyword=%E3%83%9F%E3%83%A5%E3%82%A6%2025th%20psa10&order=asc&price_min=35000&sort=price&status=on_sale
Thu Apr  2 15:52:14 JST 2026: Current lowest PSA10 (Mercari) = ¥38000 (prev: 38000)
✅ Sent via Slack. Message ID: 1775112737.465019
Thu Apr  2 15:52:17 JST 2026: Posted to Slack: ¥38000
navigated to https://jp.mercari.com/search?keyword=%E3%83%9F%E3%83%A5%E3%82%A6%2025th%20psa10&order=asc&price_min=35000&sort=price&status=on_sale
Thu Apr  2 16:22:24 JST 2026: Current lowest PSA10 (Mercari) = ¥38000 (prev: 38000)
✅ Sent via Slack. Message ID: 1775114547.380749
Thu Apr  2 16:22:27 JST 2026: Posted to Slack: ¥38000
navigated to https://jp.mercari.com/search?keyword=%E3%83%9F%E3%83%A5%E3%82%A6%2025th%20psa10&order=asc&price_min=35000&sort=price&status=on_sale
Thu Apr  2 16:52:34 JST 2026: Current lowest PSA10 (Mercari) = ¥38000 (prev: 38000)
✅ Sent via Slack. Message ID: 1775116356.622969
Thu Apr  2 16:52:36 JST 2026: Posted to Slack: ¥38000
navigated to https://jp.mercari.com/search?keyword=%E3%83%9F%E3%83%A5%E3%82%A6%2025th%20psa10&order=asc&price_min=35000&sort=price&status=on_sale
Thu Apr  2 17:22:43 JST 2026: Current lowest PSA10 (Mercari) = ¥38000 (prev: 38000)
✅ Sent via Slack. Message ID: 1775118166.285629
Thu Apr  2 17:22:46 JST 2026: Posted to Slack: ¥38000
navigated to https://jp.mercari.com/search?keyword=%E3%83%9F%E3%83%A5%E3%82%A6%2025th%20psa10&order=asc&price_min=35000&sort=price&status=on_sale
Thu Apr  2 17:52:52 JST 2026: Current lowest PSA10 (Mercari) = ¥37777 (prev: 38000)
✅ Sent via Slack. Message ID: 1775119975.216189
Thu Apr  2 17:52:55 JST 2026: Posted to Slack: ¥37777
navigated to https://jp.mercari.com/search?keyword=%E3%83%9F%E3%83%A5%E3%82%A6%2025th%20psa10&order=asc&price_min=35000&sort=price&status=on_sale
Thu Apr  2 18:23:01 JST 2026: Current lowest PSA10 (Mercari) = ¥37777 (prev: 37777)
✅ Sent via Slack. Message ID: 1775121784.660519
Thu Apr  2 18:23:04 JST 2026: Posted to Slack: ¥37777
navigated to https://jp.mercari.com/search?keyword=%E3%83%9F%E3%83%A5%E3%82%A6%2025th%20psa10&order=asc&price_min=35000&sort=price&status=on_sale
Thu Apr  2 18:53:11 JST 2026: Current lowest PSA10 (Mercari) = ¥37777 (prev: 37777)
✅ Sent via Slack. Message ID: 1775123593.740639
Thu Apr  2 18:53:13 JST 2026: Posted to Slack: ¥37777
navigated to https://jp.mercari.com/search?keyword=%E3%83%9F%E3%83%A5%E3%82%A6%2025th%20psa10&order=asc&price_min=35000&sort=price&status=on_sale
Thu Apr  2 19:23:20 JST 2026: Current lowest PSA10 (Mercari) = ¥37999 (prev: 37777)
✅ Sent via Slack. Message ID: 1775125402.947169
Thu Apr  2 19:23:23 JST 2026: Posted to Slack: ¥37999
navigated to https://jp.mercari.com/search?keyword=%E3%83%9F%E3%83%A5%E3%82%A6%2025th%20psa10&order=asc&price_min=35000&sort=price&status=on_sale
Thu Apr  2 19:53:30 JST 2026: Current lowest PSA10 (Mercari) = ¥37999 (prev: 37999)
✅ Sent via Slack. Message ID: 1775127212.666619
Thu Apr  2 19:53:32 JST 2026: Posted to Slack: ¥37999
navigated to https://jp.mercari.com/search?keyword=%E3%83%9F%E3%83%A5%E3%82%A6%2025th%20psa10&order=asc&price_min=35000&sort=price&status=on_sale
Thu Apr  2 20:23:39 JST 2026: Current lowest PSA10 (Mercari) = ¥35800 (prev: 37999)
✅ Sent via Slack. Message ID: 1775129021.947289
Thu Apr  2 20:23:42 JST 2026: Posted to Slack: ¥35800
navigated to https://jp.mercari.com/search?keyword=%E3%83%9F%E3%83%A5%E3%82%A6%2025th%20psa10&order=asc&price_min=35000&sort=price&status=on_sale
Thu Apr  2 20:53:48 JST 2026: Current lowest PSA10 (Mercari) = ¥35800 (prev: 35800)
✅ Sent via Slack. Message ID: 1775130831.758679
Thu Apr  2 20:53:51 JST 2026: Posted to Slack: ¥35800
navigated to https://jp.mercari.com/search?keyword=%E3%83%9F%E3%83%A5%E3%82%A6%2025th%20psa10&order=asc&price_min=35000&sort=price&status=on_sale
Thu Apr  2 21:23:58 JST 2026: Current lowest PSA10 (Mercari) = ¥35800 (prev: 35800)
✅ Sent via Slack. Message ID: 1775132640.822569
Thu Apr  2 21:24:01 JST 2026: Posted to Slack: ¥35800
navigated to https://jp.mercari.com/search?keyword=%E3%83%9F%E3%83%A5%E3%82%A6%2025th%20psa10&order=asc&price_min=35000&sort=price&status=on_sale
Thu Apr  2 21:54:07 JST 2026: Current lowest PSA10 (Mercari) = ¥35800 (prev: 35800)
✅ Sent via Slack. Message ID: 1775134450.179459
Thu Apr  2 21:54:10 JST 2026: Posted to Slack: ¥35800
navigated to https://jp.mercari.com/search?keyword=%E3%83%9F%E3%83%A5%E3%82%A6%2025th%20psa10&order=asc&price_min=35000&sort=price&status=on_sale
Thu Apr  2 22:24:17 JST 2026: Current lowest PSA10 (Mercari) = ¥35000 (prev: 35800)
✅ Sent via Slack. Message ID: 1775136259.455889
Thu Apr  2 22:24:19 JST 2026: Posted to Slack: ¥35000
navigated to https://jp.mercari.com/search?keyword=%E3%83%9F%E3%83%A5%E3%82%A6%2025th%20psa10&order=asc&price_min=35000&sort=price&status=on_sale
Thu Apr  2 22:54:26 JST 2026: Current lowest PSA10 (Mercari) = ¥35000 (prev: 35000)
✅ Sent via Slack. Message ID: 1775138068.898379
Thu Apr  2 22:54:29 JST 2026: Posted to Slack: ¥35000
navigated to https://jp.mercari.com/search?keyword=%E3%83%9F%E3%83%A5%E3%82%A6%2025th%20psa10&order=asc&price_min=35000&sort=price&status=on_sale
Thu Apr  2 23:24:35 JST 2026: Current lowest PSA10 (Mercari) = ¥35000 (prev: 35000)
✅ Sent via Slack. Message ID: 1775139877.769679
Thu Apr  2 23:24:37 JST 2026: Posted to Slack: ¥35000
navigated to https://jp.mercari.com/search?keyword=%E3%83%9F%E3%83%A5%E3%82%A6%2025th%20psa10&order=asc&price_min=35000&sort=price&status=on_sale
Thu Apr  2 23:54:44 JST 2026: Current lowest PSA10 (Mercari) = ¥35000 (prev: 35000)
✅ Sent via Slack. Message ID: 1775141687.217589
Thu Apr  2 23:54:47 JST 2026: Posted to Slack: ¥35000
navigated to https://jp.mercari.com/search?keyword=%E3%83%9F%E3%83%A5%E3%82%A6%2025th%20psa10&order=asc&price_min=35000&sort=price&status=on_sale
Fri Apr  3 00:24:53 JST 2026: Current lowest PSA10 (Mercari) = ¥35000 (prev: 35000)
✅ Sent via Slack. Message ID: 1775143496.553439
Fri Apr  3 00:24:56 JST 2026: Posted to Slack: ¥35000
navigated to https://jp.mercari.com/search?keyword=%E3%83%9F%E3%83%A5%E3%82%A6%2025th%20psa10&order=asc&price_min=35000&sort=price&status=on_sale
Fri Apr  3 00:55:03 JST 2026: Current lowest PSA10 (Mercari) = ¥35000 (prev: 35000)
✅ Sent via Slack. Message ID: 1775145305.998399
Fri Apr  3 00:55:06 JST 2026: Posted to Slack: ¥35000
navigated to https://jp.mercari.com/search?keyword=%E3%83%9F%E3%83%A5%E3%82%A6%2025th%20psa10&order=asc&price_min=35000&sort=price&status=on_sale
Fri Apr  3 01:25:12 JST 2026: Current lowest PSA10 (Mercari) = ¥35000 (prev: 35000)
✅ Sent via Slack. Message ID: 1775147115.504219
Fri Apr  3 01:25:15 JST 2026: Posted to Slack: ¥35000
navigated to https://jp.mercari.com/search?keyword=%E3%83%9F%E3%83%A5%E3%82%A6%2025th%20psa10&order=asc&price_min=35000&sort=price&status=on_sale
Fri Apr  3 01:55:24 JST 2026: Current lowest PSA10 (Mercari) = ¥35000 (prev: 35000)
✅ Sent via Slack. Message ID: 1775148926.648059
Fri Apr  3 01:55:26 JST 2026: Posted to Slack: ¥35000
navigated to https://jp.mercari.com/search?keyword=%E3%83%9F%E3%83%A5%E3%82%A6%2025th%20psa10&order=asc&price_min=35000&sort=price&status=on_sale
Fri Apr  3 02:25:33 JST 2026: Current lowest PSA10 (Mercari) = ¥35000 (prev: 35000)
✅ Sent via Slack. Message ID: 1775150735.885529
Fri Apr  3 02:25:35 JST 2026: Posted to Slack: ¥35000
navigated to https://jp.mercari.com/search?keyword=%E3%83%9F%E3%83%A5%E3%82%A6%2025th%20psa10&order=asc&price_min=35000&sort=price&status=on_sale
Fri Apr  3 02:55:42 JST 2026: Current lowest PSA10 (Mercari) = ¥35000 (prev: 35000)
✅ Sent via Slack. Message ID: 1775152545.208089
Fri Apr  3 02:55:45 JST 2026: Posted to Slack: ¥35000
navigated to https://jp.mercari.com/search?keyword=%E3%83%9F%E3%83%A5%E3%82%A6%2025th%20psa10&order=asc&price_min=35000&sort=price&status=on_sale
Fri Apr  3 03:25:51 JST 2026: Current lowest PSA10 (Mercari) = ¥35000 (prev: 35000)
✅ Sent via Slack. Message ID: 1775154354.447139
Fri Apr  3 03:25:54 JST 2026: Posted to Slack: ¥35000
navigated to https://jp.mercari.com/search?keyword=%E3%83%9F%E3%83%A5%E3%82%A6%2025th%20psa10&order=asc&price_min=35000&sort=price&status=on_sale
Fri Apr  3 03:56:01 JST 2026: Current lowest PSA10 (Mercari) = ¥35000 (prev: 35000)
✅ Sent via Slack. Message ID: 1775156164.095879
Fri Apr  3 03:56:04 JST 2026: Posted to Slack: ¥35000
navigated to https://jp.mercari.com/search?keyword=%E3%83%9F%E3%83%A5%E3%82%A6%2025th%20psa10&order=asc&price_min=35000&sort=price&status=on_sale
Fri Apr  3 04:26:11 JST 2026: Current lowest PSA10 (Mercari) = ¥35000 (prev: 35000)
✅ Sent via Slack. Message ID: 1775157973.400329
Fri Apr  3 04:26:13 JST 2026: Posted to Slack: ¥35000
navigated to https://jp.mercari.com/search?keyword=%E3%83%9F%E3%83%A5%E3%82%A6%2025th%20psa10&order=asc&price_min=35000&sort=price&status=on_sale
Fri Apr  3 04:56:20 JST 2026: Current lowest PSA10 (Mercari) = ¥35000 (prev: 35000)
✅ Sent via Slack. Message ID: 1775159782.822719
Fri Apr  3 04:56:22 JST 2026: Posted to Slack: ¥35000
navigated to https://jp.mercari.com/search?keyword=%E3%83%9F%E3%83%A5%E3%82%A6%2025th%20psa10&order=asc&price_min=35000&sort=price&status=on_sale
Fri Apr  3 05:26:29 JST 2026: Current lowest PSA10 (Mercari) = ¥35000 (prev: 35000)
✅ Sent via Slack. Message ID: 1775161592.369979
Fri Apr  3 05:26:32 JST 2026: Posted to Slack: ¥35000
navigated to https://jp.mercari.com/search?keyword=%E3%83%9F%E3%83%A5%E3%82%A6%2025th%20psa10&order=asc&price_min=35000&sort=price&status=on_sale
Fri Apr  3 05:56:39 JST 2026: Current lowest PSA10 (Mercari) = ¥35000 (prev: 35000)
✅ Sent via Slack. Message ID: 1775163401.801309
Fri Apr  3 05:56:41 JST 2026: Posted to Slack: ¥35000
navigated to https://jp.mercari.com/search?keyword=%E3%83%9F%E3%83%A5%E3%82%A6%2025th%20psa10&order=asc&price_min=35000&sort=price&status=on_sale
Fri Apr  3 06:26:48 JST 2026: Current lowest PSA10 (Mercari) = ¥35000 (prev: 35000)
✅ Sent via Slack. Message ID: 1775165213.983569
Fri Apr  3 06:26:54 JST 2026: Posted to Slack: ¥35000
navigated to https://jp.mercari.com/search?keyword=%E3%83%9F%E3%83%A5%E3%82%A6%2025th%20psa10&order=asc&price_min=35000&sort=price&status=on_sale
Fri Apr  3 06:57:01 JST 2026: Current lowest PSA10 (Mercari) = ¥35000 (prev: 35000)
✅ Sent via Slack. Message ID: 1775167023.439969
Fri Apr  3 06:57:03 JST 2026: Posted to Slack: ¥35000
navigated to https://jp.mercari.com/search?keyword=%E3%83%9F%E3%83%A5%E3%82%A6%2025th%20psa10&order=asc&price_min=35000&sort=price&status=on_sale
Fri Apr  3 07:27:10 JST 2026: Current lowest PSA10 (Mercari) = ¥35000 (prev: 35000)
✅ Sent via Slack. Message ID: 1775168832.510209
Fri Apr  3 07:27:12 JST 2026: Posted to Slack: ¥35000
navigated to https://jp.mercari.com/search?keyword=%E3%83%9F%E3%83%A5%E3%82%A6%2025th%20psa10&order=asc&price_min=35000&sort=price&status=on_sale
Fri Apr  3 07:57:19 JST 2026: Current lowest PSA10 (Mercari) = ¥35000 (prev: 35000)
✅ Sent via Slack. Message ID: 1775170641.858049
Fri Apr  3 07:57:22 JST 2026: Posted to Slack: ¥35000
navigated to https://jp.mercari.com/search?keyword=%E3%83%9F%E3%83%A5%E3%82%A6%2025th%20psa10&order=asc&price_min=35000&sort=price&status=on_sale
Fri Apr  3 08:27:28 JST 2026: Current lowest PSA10 (Mercari) = ¥35800 (prev: 35000)
✅ Sent via Slack. Message ID: 1775172451.273399
Fri Apr  3 08:27:31 JST 2026: Posted to Slack: ¥35800
navigated to https://jp.mercari.com/search?keyword=%E3%83%9F%E3%83%A5%E3%82%A6%2025th%20psa10&order=asc&price_min=35000&sort=price&status=on_sale
Fri Apr  3 08:57:38 JST 2026: Current lowest PSA10 (Mercari) = ¥35800 (prev: 35800)
✅ Sent via Slack. Message ID: 1775174260.593709
Fri Apr  3 08:57:40 JST 2026: Posted to Slack: ¥35800
navigated to https://jp.mercari.com/search?keyword=%E3%83%9F%E3%83%A5%E3%82%A6%2025th%20psa10&order=asc&price_min=35000&sort=price&status=on_sale
Fri Apr  3 09:27:47 JST 2026: Current lowest PSA10 (Mercari) = ¥35800 (prev: 35800)
✅ Sent via Slack. Message ID: 1775176069.653849
Fri Apr  3 09:27:49 JST 2026: Posted to Slack: ¥35800
navigated to https://jp.mercari.com/search?keyword=%E3%83%9F%E3%83%A5%E3%82%A6%2025th%20psa10&order=asc&price_min=35000&sort=price&status=on_sale
Fri Apr  3 09:57:56 JST 2026: Current lowest PSA10 (Mercari) = ¥35800 (prev: 35800)
✅ Sent via Slack. Message ID: 1775177879.033619
Fri Apr  3 09:57:59 JST 2026: Posted to Slack: ¥35800
navigated to https://jp.mercari.com/search?keyword=%E3%83%9F%E3%83%A5%E3%82%A6%2025th%20psa10&order=asc&price_min=35000&sort=price&status=on_sale
Fri Apr  3 10:28:06 JST 2026: Current lowest PSA10 (Mercari) = ¥35800 (prev: 35800)
✅ Sent via Slack. Message ID: 1775179702.949549
Fri Apr  3 10:28:23 JST 2026: Posted to Slack: ¥35800
navigated to https://jp.mercari.com/search?keyword=%E3%83%9F%E3%83%A5%E3%82%A6%2025th%20psa10&order=asc&price_min=35000&sort=price&status=on_sale
Fri Apr  3 10:58:30 JST 2026: Current lowest PSA10 (Mercari) = ¥35800 (prev: 35800)
✅ Sent via Slack. Message ID: 1775181512.525189
Fri Apr  3 10:58:32 JST 2026: Posted to Slack: ¥35800
navigated to https://jp.mercari.com/search?keyword=%E3%83%9F%E3%83%A5%E3%82%A6%2025th%20psa10&order=asc&price_min=35000&sort=price&status=on_sale
Fri Apr  3 11:28:39 JST 2026: Current lowest PSA10 (Mercari) = ¥35800 (prev: 35800)
✅ Sent via Slack. Message ID: 1775183321.556739
Fri Apr  3 11:28:41 JST 2026: Posted to Slack: ¥35800
navigated to https://jp.mercari.com/search?keyword=%E3%83%9F%E3%83%A5%E3%82%A6%2025th%20psa10&order=asc&price_min=35000&sort=price&status=on_sale
Fri Apr  3 11:58:49 JST 2026: Current lowest PSA10 (Mercari) = ¥35800 (prev: 35800)
✅ Sent via Slack. Message ID: 1775185160.306519
Fri Apr  3 11:59:20 JST 2026: Posted to Slack: ¥35800
navigated to https://jp.mercari.com/search?keyword=%E3%83%9F%E3%83%A5%E3%82%A6%2025th%20psa10&order=asc&price_min=35000&sort=price&status=on_sale
Fri Apr  3 12:29:26 JST 2026: Current lowest PSA10 (Mercari) = ¥35800 (prev: 35800)
✅ Sent via Slack. Message ID: 1775186969.434979
Fri Apr  3 12:29:29 JST 2026: Posted to Slack: ¥35800
navigated to https://jp.mercari.com/search?keyword=%E3%83%9F%E3%83%A5%E3%82%A6%2025th%20psa10&order=asc&price_min=35000&sort=price&status=on_sale
Fri Apr  3 12:59:35 JST 2026: Current lowest PSA10 (Mercari) = ¥35800 (prev: 35800)
✅ Sent via Slack. Message ID: 1775188778.275589
Fri Apr  3 12:59:38 JST 2026: Posted to Slack: ¥35800
navigated to https://jp.mercari.com/search?keyword=%E3%83%9F%E3%83%A5%E3%82%A6%2025th%20psa10&order=asc&price_min=35000&sort=price&status=on_sale
Fri Apr  3 13:29:40 JST 2026: Current lowest PSA10 (Mercari) = ¥35800 (prev: 35800)
✅ Sent via Slack. Message ID: 1775190587.686679
Fri Apr  3 13:29:43 JST 2026: Posted to Slack: ¥35800
navigated to https://jp.mercari.com/search?keyword=%E3%83%9F%E3%83%A5%E3%82%A6%2025th%20psa10&order=asc&price_min=35000&sort=price&status=on_sale
Fri Apr  3 13:59:54 JST 2026: Current lowest PSA10 (Mercari) = ¥35800 (prev: 35800)
✅ Sent via Slack. Message ID: 1775192396.998709
Fri Apr  3 13:59:57 JST 2026: Posted to Slack: ¥35800
navigated to https://jp.mercari.com/search?keyword=%E3%83%9F%E3%83%A5%E3%82%A6%2025th%20psa10&order=asc&price_min=35000&sort=price&status=on_sale
Fri Apr  3 14:30:04 JST 2026: Current lowest PSA10 (Mercari) = ¥35800 (prev: 35800)
✅ Sent via Slack. Message ID: 1775194206.808169
Fri Apr  3 14:30:07 JST 2026: Posted to Slack: ¥35800
navigated to https://jp.mercari.com/search?keyword=%E3%83%9F%E3%83%A5%E3%82%A6%2025th%20psa10&order=asc&price_min=35000&sort=price&status=on_sale
Fri Apr  3 15:00:14 JST 2026: Current lowest PSA10 (Mercari) = ¥35800 (prev: 35800)
✅ Sent via Slack. Message ID: 1775196016.846969
Fri Apr  3 15:00:16 JST 2026: Posted to Slack: ¥35800
navigated to https://jp.mercari.com/search?keyword=%E3%83%9F%E3%83%A5%E3%82%A6%2025th%20psa10&order=asc&price_min=35000&sort=price&status=on_sale
Fri Apr  3 15:30:23 JST 2026: Current lowest PSA10 (Mercari) = ¥35800 (prev: 35800)
✅ Sent via Slack. Message ID: 1775197825.972949
Fri Apr  3 15:30:26 JST 2026: Posted to Slack: ¥35800
navigated to https://jp.mercari.com/search?keyword=%E3%83%9F%E3%83%A5%E3%82%A6%2025th%20psa10&order=asc&price_min=35000&sort=price&status=on_sale
Fri Apr  3 16:00:33 JST 2026: Current lowest PSA10 (Mercari) = ¥35800 (prev: 35800)
✅ Sent via Slack. Message ID: 1775199636.155089
Fri Apr  3 16:00:36 JST 2026: Posted to Slack: ¥35800
navigated to https://jp.mercari.com/search?keyword=%E3%83%9F%E3%83%A5%E3%82%A6%2025th%20psa10&order=asc&price_min=35000&sort=price&status=on_sale
Fri Apr  3 16:30:42 JST 2026: Current lowest PSA10 (Mercari) = ¥35800 (prev: 35800)
✅ Sent via Slack. Message ID: 1775201445.158549
Fri Apr  3 16:30:45 JST 2026: Posted to Slack: ¥35800
navigated to https://jp.mercari.com/search?keyword=%E3%83%9F%E3%83%A5%E3%82%A6%2025th%20psa10&order=asc&price_min=35000&sort=price&status=on_sale
Fri Apr  3 17:00:52 JST 2026: Current lowest PSA10 (Mercari) = ¥35800 (prev: 35800)
✅ Sent via Slack. Message ID: 1775203254.390799
Fri Apr  3 17:00:54 JST 2026: Posted to Slack: ¥35800
navigated to https://jp.mercari.com/search?keyword=%E3%83%9F%E3%83%A5%E3%82%A6%2025th%20psa10&order=asc&price_min=35000&sort=price&status=on_sale
Fri Apr  3 17:31:00 JST 2026: Current lowest PSA10 (Mercari) = ¥35800 (prev: 35800)
✅ Sent via Slack. Message ID: 1775205063.391309
Fri Apr  3 17:31:03 JST 2026: Posted to Slack: ¥35800
navigated to https://jp.mercari.com/search?keyword=%E3%83%9F%E3%83%A5%E3%82%A6%2025th%20psa10&order=asc&price_min=35000&sort=price&status=on_sale
Fri Apr  3 18:01:10 JST 2026: Current lowest PSA10 (Mercari) = ¥35800 (prev: 35800)
✅ Sent via Slack. Message ID: 1775206873.036629
Fri Apr  3 18:01:13 JST 2026: Posted to Slack: ¥35800
navigated to https://jp.mercari.com/search?keyword=%E3%83%9F%E3%83%A5%E3%82%A6%2025th%20psa10&order=asc&price_min=35000&sort=price&status=on_sale
Fri Apr  3 18:31:19 JST 2026: Current lowest PSA10 (Mercari) = ¥35800 (prev: 35800)
✅ Sent via Slack. Message ID: 1775208682.372019
Fri Apr  3 18:31:22 JST 2026: Posted to Slack: ¥35800
navigated to https://jp.mercari.com/search?keyword=%E3%83%9F%E3%83%A5%E3%82%A6%2025th%20psa10&order=asc&price_min=35000&sort=price&status=on_sale
Fri Apr  3 19:01:29 JST 2026: Current lowest PSA10 (Mercari) = ¥35800 (prev: 35800)
✅ Sent via Slack. Message ID: 1775210491.559339
Fri Apr  3 19:01:31 JST 2026: Posted to Slack: ¥35800
navigated to https://jp.mercari.com/search?keyword=%E3%83%9F%E3%83%A5%E3%82%A6%2025th%20psa10&order=asc&price_min=35000&sort=price&status=on_sale
Fri Apr  3 19:31:38 JST 2026: Current lowest PSA10 (Mercari) = ¥35800 (prev: 35800)
✅ Sent via Slack. Message ID: 1775212300.463129
Fri Apr  3 19:31:40 JST 2026: Posted to Slack: ¥35800
navigated to https://jp.mercari.com/search?keyword=%E3%83%9F%E3%83%A5%E3%82%A6%2025th%20psa10&order=asc&price_min=35000&sort=price&status=on_sale
Fri Apr  3 20:01:47 JST 2026: Current lowest PSA10 (Mercari) = ¥35800 (prev: 35800)
✅ Sent via Slack. Message ID: 1775214110.017429
Fri Apr  3 20:01:50 JST 2026: Posted to Slack: ¥35800
navigated to https://jp.mercari.com/search?keyword=%E3%83%9F%E3%83%A5%E3%82%A6%2025th%20psa10&order=asc&price_min=35000&sort=price&status=on_sale
Fri Apr  3 20:31:56 JST 2026: Current lowest PSA10 (Mercari) = ¥35800 (prev: 35800)
✅ Sent via Slack. Message ID: 1775215919.333119
Fri Apr  3 20:31:59 JST 2026: Posted to Slack: ¥35800
navigated to https://jp.mercari.com/search?keyword=%E3%83%9F%E3%83%A5%E3%82%A6%2025th%20psa10&order=asc&price_min=35000&sort=price&status=on_sale
Fri Apr  3 21:02:06 JST 2026: Current lowest PSA10 (Mercari) = ¥35800 (prev: 35800)
✅ Sent via Slack. Message ID: 1775217728.444539
Fri Apr  3 21:02:08 JST 2026: Posted to Slack: ¥35800
navigated to https://jp.mercari.com/search?keyword=%E3%83%9F%E3%83%A5%E3%82%A6%2025th%20psa10&order=asc&price_min=35000&sort=price&status=on_sale
Fri Apr  3 21:32:15 JST 2026: Current lowest PSA10 (Mercari) = ¥35800 (prev: 35800)
✅ Sent via Slack. Message ID: 1775219538.076009
Fri Apr  3 21:32:18 JST 2026: Posted to Slack: ¥35800
navigated to https://jp.mercari.com/search?keyword=%E3%83%9F%E3%83%A5%E3%82%A6%2025th%20psa10&order=asc&price_min=35000&sort=price&status=on_sale
Fri Apr  3 22:02:25 JST 2026: Current lowest PSA10 (Mercari) = ¥35800 (prev: 35800)
✅ Sent via Slack. Message ID: 1775221348.028579
Fri Apr  3 22:02:28 JST 2026: Posted to Slack: ¥35800
navigated to https://jp.mercari.com/search?keyword=%E3%83%9F%E3%83%A5%E3%82%A6%2025th%20psa10&order=asc&price_min=35000&sort=price&status=on_sale
Fri Apr  3 22:32:34 JST 2026: Current lowest PSA10 (Mercari) = ¥35800 (prev: 35800)
✅ Sent via Slack. Message ID: 1775223157.010739
Fri Apr  3 22:32:37 JST 2026: Posted to Slack: ¥35800
navigated to https://jp.mercari.com/search?keyword=%E3%83%9F%E3%83%A5%E3%82%A6%2025th%20psa10&order=asc&price_min=35000&sort=price&status=on_sale
Fri Apr  3 23:02:45 JST 2026: Current lowest PSA10 (Mercari) = ¥35800 (prev: 35800)
✅ Sent via Slack. Message ID: 1775224968.540179
Fri Apr  3 23:02:48 JST 2026: Posted to Slack: ¥35800
navigated to https://jp.mercari.com/search?keyword=%E3%83%9F%E3%83%A5%E3%82%A6%2025th%20psa10&order=asc&price_min=35000&sort=price&status=on_sale
Fri Apr  3 23:32:54 JST 2026: Current lowest PSA10 (Mercari) = ¥35800 (prev: 35800)
✅ Sent via Slack. Message ID: 1775226777.346389
Fri Apr  3 23:32:57 JST 2026: Posted to Slack: ¥35800
navigated to https://jp.mercari.com/search?keyword=%E3%83%9F%E3%83%A5%E3%82%A6%2025th%20psa10&order=asc&price_min=35000&sort=price&status=on_sale
Sat Apr  4 00:03:03 JST 2026: Current lowest PSA10 (Mercari) = ¥35800 (prev: 35800)
✅ Sent via Slack. Message ID: 1775228586.142389
Sat Apr  4 00:03:06 JST 2026: Posted to Slack: ¥35800
navigated to https://jp.mercari.com/search?keyword=%E3%83%9F%E3%83%A5%E3%82%A6%2025th%20psa10&order=asc&price_min=35000&sort=price&status=on_sale
Sat Apr  4 00:33:12 JST 2026: Current lowest PSA10 (Mercari) = ¥35800 (prev: 35800)
✅ Sent via Slack. Message ID: 1775230394.856879
Sat Apr  4 00:33:15 JST 2026: Posted to Slack: ¥35800
navigated to https://jp.mercari.com/search?keyword=%E3%83%9F%E3%83%A5%E3%82%A6%2025th%20psa10&order=asc&price_min=35000&sort=price&status=on_sale
Sat Apr  4 01:03:21 JST 2026: Current lowest PSA10 (Mercari) = ¥35800 (prev: 35800)
✅ Sent via Slack. Message ID: 1775232204.423639
Sat Apr  4 01:03:24 JST 2026: Posted to Slack: ¥35800
navigated to https://jp.mercari.com/search?keyword=%E3%83%9F%E3%83%A5%E3%82%A6%2025th%20psa10&order=asc&price_min=35000&sort=price&status=on_sale
Sat Apr  4 01:33:33 JST 2026: Current lowest PSA10 (Mercari) = ¥35800 (prev: 35800)
✅ Sent via Slack. Message ID: 1775234016.017509
Sat Apr  4 01:33:36 JST 2026: Posted to Slack: ¥35800
navigated to https://jp.mercari.com/search?keyword=%E3%83%9F%E3%83%A5%E3%82%A6%2025th%20psa10&order=asc&price_min=35000&sort=price&status=on_sale
Sat Apr  4 02:03:42 JST 2026: Current lowest PSA10 (Mercari) = ¥35800 (prev: 35800)
✅ Sent via Slack. Message ID: 1775235825.058119
Sat Apr  4 02:03:45 JST 2026: Posted to Slack: ¥35800
navigated to https://jp.mercari.com/search?keyword=%E3%83%9F%E3%83%A5%E3%82%A6%2025th%20psa10&order=asc&price_min=35000&sort=price&status=on_sale
Sat Apr  4 02:33:51 JST 2026: Current lowest PSA10 (Mercari) = ¥35800 (prev: 35800)
✅ Sent via Slack. Message ID: 1775237634.060349
Sat Apr  4 02:33:54 JST 2026: Posted to Slack: ¥35800
navigated to https://jp.mercari.com/search?keyword=%E3%83%9F%E3%83%A5%E3%82%A6%2025th%20psa10&order=asc&price_min=35000&sort=price&status=on_sale
Sat Apr  4 03:04:00 JST 2026: Current lowest PSA10 (Mercari) = ¥35800 (prev: 35800)
✅ Sent via Slack. Message ID: 1775239443.324459
Sat Apr  4 03:04:03 JST 2026: Posted to Slack: ¥35800
navigated to https://jp.mercari.com/search?keyword=%E3%83%9F%E3%83%A5%E3%82%A6%2025th%20psa10&order=asc&price_min=35000&sort=price&status=on_sale
Sat Apr  4 03:34:08 JST 2026: Current lowest PSA10 (Mercari) = ¥35800 (prev: 35800)
✅ Sent via Slack. Message ID: 1775241251.215559
Sat Apr  4 03:34:11 JST 2026: Posted to Slack: ¥35800
navigated to https://jp.mercari.com/search?keyword=%E3%83%9F%E3%83%A5%E3%82%A6%2025th%20psa10&order=asc&price_min=35000&sort=price&status=on_sale
Sat Apr  4 04:04:17 JST 2026: Current lowest PSA10 (Mercari) = ¥35800 (prev: 35800)
✅ Sent via Slack. Message ID: 1775243060.330959
Sat Apr  4 04:04:20 JST 2026: Posted to Slack: ¥35800
navigated to https://jp.mercari.com/search?keyword=%E3%83%9F%E3%83%A5%E3%82%A6%2025th%20psa10&order=asc&price_min=35000&sort=price&status=on_sale
Sat Apr  4 04:34:25 JST 2026: Current lowest PSA10 (Mercari) = ¥35800 (prev: 35800)
✅ Sent via Slack. Message ID: 1775244867.975129
Sat Apr  4 04:34:28 JST 2026: Posted to Slack: ¥35800
navigated to https://jp.mercari.com/search?keyword=%E3%83%9F%E3%83%A5%E3%82%A6%2025th%20psa10&order=asc&price_min=35000&sort=price&status=on_sale
Sat Apr  4 05:04:34 JST 2026: Current lowest PSA10 (Mercari) = ¥35800 (prev: 35800)
✅ Sent via Slack. Message ID: 1775246677.158279
Sat Apr  4 05:04:37 JST 2026: Posted to Slack: ¥35800
navigated to https://jp.mercari.com/search?keyword=%E3%83%9F%E3%83%A5%E3%82%A6%2025th%20psa10&order=asc&price_min=35000&sort=price&status=on_sale
Sat Apr  4 05:34:42 JST 2026: Current lowest PSA10 (Mercari) = ¥35800 (prev: 35800)
✅ Sent via Slack. Message ID: 1775248486.276559
Sat Apr  4 05:34:46 JST 2026: Posted to Slack: ¥35800
navigated to https://jp.mercari.com/search?keyword=%E3%83%9F%E3%83%A5%E3%82%A6%2025th%20psa10&order=asc&price_min=35000&sort=price&status=on_sale
Sat Apr  4 06:04:52 JST 2026: Current lowest PSA10 (Mercari) = ¥35800 (prev: 35800)
✅ Sent via Slack. Message ID: 1775250295.480479
Sat Apr  4 06:04:55 JST 2026: Posted to Slack: ¥35800
navigated to https://jp.mercari.com/search?keyword=%E3%83%9F%E3%83%A5%E3%82%A6%2025th%20psa10&order=asc&price_min=35000&sort=price&status=on_sale
Sat Apr  4 06:35:01 JST 2026: Current lowest PSA10 (Mercari) = ¥35800 (prev: 35800)
✅ Sent via Slack. Message ID: 1775252104.463269
Sat Apr  4 06:35:04 JST 2026: Posted to Slack: ¥35800
navigated to https://jp.mercari.com/search?keyword=%E3%83%9F%E3%83%A5%E3%82%A6%2025th%20psa10&order=asc&price_min=35000&sort=price&status=on_sale
Sat Apr  4 07:05:11 JST 2026: Current lowest PSA10 (Mercari) = ¥35800 (prev: 35800)
✅ Sent via Slack. Message ID: 1775253913.827829
Sat Apr  4 07:05:14 JST 2026: Posted to Slack: ¥35800
navigated to https://jp.mercari.com/search?keyword=%E3%83%9F%E3%83%A5%E3%82%A6%2025th%20psa10&order=asc&price_min=35000&sort=price&status=on_sale
Sat Apr  4 07:35:20 JST 2026: Current lowest PSA10 (Mercari) = ¥35800 (prev: 35800)
✅ Sent via Slack. Message ID: 1775255722.724779
Sat Apr  4 07:35:22 JST 2026: Posted to Slack: ¥35800
navigated to https://jp.mercari.com/search?keyword=%E3%83%9F%E3%83%A5%E3%82%A6%2025th%20psa10&order=asc&price_min=35000&sort=price&status=on_sale
Sat Apr  4 08:05:29 JST 2026: Current lowest PSA10 (Mercari) = ¥35800 (prev: 35800)
✅ Sent via Slack. Message ID: 1775257531.747409
Sat Apr  4 08:05:31 JST 2026: Posted to Slack: ¥35800
navigated to https://jp.mercari.com/search?keyword=%E3%83%9F%E3%83%A5%E3%82%A6%2025th%20psa10&order=asc&price_min=35000&sort=price&status=on_sale
Sat Apr  4 08:35:38 JST 2026: Current lowest PSA10 (Mercari) = ¥35800 (prev: 35800)
✅ Sent via Slack. Message ID: 1775259340.408999
Sat Apr  4 08:35:40 JST 2026: Posted to Slack: ¥35800
navigated to https://jp.mercari.com/search?keyword=%E3%83%9F%E3%83%A5%E3%82%A6%2025th%20psa10&order=asc&price_min=35000&sort=price&status=on_sale
Sat Apr  4 09:05:47 JST 2026: Current lowest PSA10 (Mercari) = ¥35800 (prev: 35800)
✅ Sent via Slack. Message ID: 1775261149.705249
Sat Apr  4 09:05:49 JST 2026: Posted to Slack: ¥35800
navigated to https://jp.mercari.com/search?keyword=%E3%83%9F%E3%83%A5%E3%82%A6%2025th%20psa10&order=asc&price_min=35000&sort=price&status=on_sale
Sat Apr  4 09:35:55 JST 2026: Current lowest PSA10 (Mercari) = ¥35800 (prev: 35800)
✅ Sent via Slack. Message ID: 1775262958.371569
Sat Apr  4 09:35:58 JST 2026: Posted to Slack: ¥35800
navigated to https://jp.mercari.com/search?keyword=%E3%83%9F%E3%83%A5%E3%82%A6%2025th%20psa10&order=asc&price_min=35000&sort=price&status=on_sale
Sat Apr  4 10:06:05 JST 2026: Current lowest PSA10 (Mercari) = ¥35800 (prev: 35800)
✅ Sent via Slack. Message ID: 1775264767.346909
Sat Apr  4 10:06:07 JST 2026: Posted to Slack: ¥35800
