Sat Mar  7 22:25:13 JST 2026: Current lowest PSA10 = ¥37000 (prev: 35999)
env: node: No such file or directory
Sat Mar  7 22:25:13 JST 2026: Notified Slack
Sat Mar  7 22:25:58 JST 2026: Current lowest PSA10 = ¥37000 (prev: )
Error: Unknown target "C02ETSXK33J" for slack.
Sat Mar  7 22:26:01 JST 2026: Notified Slack
Sat Mar  7 22:56:01 JST 2026: Current lowest PSA10 = ¥37000 (prev: 37000)
Sat Mar  7 23:51:13 JST 2026: Current lowest PSA10 = ¥37000 (prev: 37000)
Error: Unknown target "C0AKK0V9JUR" for slack.
Sat Mar  7 23:51:16 JST 2026: Posted to Slack: ¥37000
Sun Mar  8 00:21:16 JST 2026: Current lowest PSA10 = ¥37000 (prev: 37000)
Error: Unknown target "C0AKK0V9JUR" for slack.
Sun Mar  8 00:21:19 JST 2026: Posted to Slack: ¥37000
Sun Mar  8 00:51:20 JST 2026: Current lowest PSA10 = ¥37000 (prev: 37000)
Error: Unknown target "C0AKK0V9JUR" for slack.
Sun Mar  8 00:51:23 JST 2026: Posted to Slack: ¥37000
Sun Mar  8 01:21:23 JST 2026: Current lowest PSA10 = ¥37000 (prev: 37000)
Error: Unknown target "C0AKK0V9JUR" for slack.
Sun Mar  8 01:21:26 JST 2026: Posted to Slack: ¥37000
Sun Mar  8 01:51:26 JST 2026: Current lowest PSA10 = ¥37000 (prev: 37000)
Error: Unknown target "C0AKK0V9JUR" for slack.
Sun Mar  8 01:51:29 JST 2026: Posted to Slack: ¥37000
Sun Mar  8 02:21:29 JST 2026: Current lowest PSA10 = ¥37000 (prev: 37000)
Error: Unknown target "C0AKK0V9JUR" for slack.
Sun Mar  8 02:21:32 JST 2026: Posted to Slack: ¥37000
Sun Mar  8 02:51:33 JST 2026: Current lowest PSA10 = ¥37000 (prev: 37000)
Error: Unknown target "C0AKK0V9JUR" for slack.
Sun Mar  8 02:51:36 JST 2026: Posted to Slack: ¥37000
Sun Mar  8 03:21:36 JST 2026: Current lowest PSA10 = ¥37000 (prev: 37000)
Error: Unknown target "C0AKK0V9JUR" for slack.
Sun Mar  8 03:21:39 JST 2026: Posted to Slack: ¥37000
Sun Mar  8 03:51:39 JST 2026: Current lowest PSA10 = ¥37000 (prev: 37000)
Error: Unknown target "C0AKK0V9JUR" for slack.
Sun Mar  8 03:51:42 JST 2026: Posted to Slack: ¥37000
Sun Mar  8 04:21:42 JST 2026: Current lowest PSA10 = ¥37000 (prev: 37000)
Error: Unknown target "C0AKK0V9JUR" for slack.
Sun Mar  8 04:21:45 JST 2026: Posted to Slack: ¥37000
Sun Mar  8 04:51:45 JST 2026: Current lowest PSA10 = ¥37000 (prev: 37000)
Error: Unknown target "C0AKK0V9JUR" for slack.
Sun Mar  8 04:51:48 JST 2026: Posted to Slack: ¥37000
Sun Mar  8 05:21:48 JST 2026: Current lowest PSA10 = ¥37000 (prev: 37000)
Error: Unknown target "C0AKK0V9JUR" for slack.
Sun Mar  8 05:21:51 JST 2026: Posted to Slack: ¥37000
Sun Mar  8 05:51:52 JST 2026: Current lowest PSA10 = ¥37000 (prev: 37000)
Error: Unknown target "C0AKK0V9JUR" for slack.
Sun Mar  8 05:51:55 JST 2026: Posted to Slack: ¥37000
Sun Mar  8 06:21:55 JST 2026: Current lowest PSA10 = ¥37000 (prev: 37000)
Error: Unknown target "C0AKK0V9JUR" for slack.
Sun Mar  8 06:21:58 JST 2026: Posted to Slack: ¥37000
Sun Mar  8 06:51:58 JST 2026: Current lowest PSA10 = ¥37000 (prev: 37000)
Error: Unknown target "C0AKK0V9JUR" for slack.
Sun Mar  8 06:52:01 JST 2026: Posted to Slack: ¥37000
Sun Mar  8 07:22:01 JST 2026: Current lowest PSA10 = ¥37000 (prev: 37000)
Error: Unknown target "C0AKK0V9JUR" for slack.
Sun Mar  8 07:22:04 JST 2026: Posted to Slack: ¥37000
Sun Mar  8 07:52:05 JST 2026: Current lowest PSA10 = ¥37000 (prev: 37000)
Error: Unknown target "C0AKK0V9JUR" for slack.
Sun Mar  8 07:52:08 JST 2026: Posted to Slack: ¥37000
Sun Mar  8 08:22:08 JST 2026: Current lowest PSA10 = ¥37000 (prev: 37000)
Error: Unknown target "C0AKK0V9JUR" for slack.
Sun Mar  8 08:22:11 JST 2026: Posted to Slack: ¥37000
Sun Mar  8 08:52:11 JST 2026: Current lowest PSA10 = ¥37000 (prev: 37000)
Error: Unknown target "C0AKK0V9JUR" for slack.
Sun Mar  8 08:52:14 JST 2026: Posted to Slack: ¥37000
Sun Mar  8 09:22:14 JST 2026: Current lowest PSA10 = ¥36666 (prev: 37000)
Error: Unknown target "C0AKK0V9JUR" for slack.
Sun Mar  8 09:22:17 JST 2026: Posted to Slack: ¥36666
Sun Mar  8 09:52:17 JST 2026: Current lowest PSA10 = ¥36666 (prev: 36666)
Error: Unknown target "C0AKK0V9JUR" for slack.
Sun Mar  8 09:52:21 JST 2026: Posted to Slack: ¥36666
Sun Mar  8 10:22:21 JST 2026: Current lowest PSA10 = ¥36666 (prev: 36666)
Error: Unknown target "C0AKK0V9JUR" for slack.
Sun Mar  8 10:22:24 JST 2026: Posted to Slack: ¥36666
Sun Mar  8 10:52:24 JST 2026: Current lowest PSA10 = ¥36666 (prev: 36666)
Error: Unknown target "C0AKK0V9JUR" for slack.
Sun Mar  8 10:52:27 JST 2026: Posted to Slack: ¥36666
Sun Mar  8 11:22:27 JST 2026: Current lowest PSA10 = ¥36666 (prev: 36666)
Error: Unknown target "C0AKK0V9JUR" for slack.
Sun Mar  8 11:22:30 JST 2026: Posted to Slack: ¥36666
Sun Mar  8 11:52:31 JST 2026: Current lowest PSA10 = ¥36666 (prev: 36666)
Error: Unknown target "C0AKK0V9JUR" for slack.
Sun Mar  8 11:52:34 JST 2026: Posted to Slack: ¥36666
Sun Mar  8 12:22:34 JST 2026: Current lowest PSA10 = ¥36500 (prev: 36666)
Error: Unknown target "C0AKK0V9JUR" for slack.
Sun Mar  8 12:22:37 JST 2026: Posted to Slack: ¥36500
Sun Mar  8 12:52:37 JST 2026: Current lowest PSA10 = ¥36500 (prev: 36500)
Error: Unknown target "C0AKK0V9JUR" for slack.
Sun Mar  8 12:52:40 JST 2026: Posted to Slack: ¥36500
Sun Mar  8 13:22:40 JST 2026: Current lowest PSA10 = ¥36500 (prev: 36500)
Error: Unknown target "C0AKK0V9JUR" for slack.
Sun Mar  8 13:22:43 JST 2026: Posted to Slack: ¥36500
Sun Mar  8 13:52:44 JST 2026: Current lowest PSA10 = ¥36500 (prev: 36500)
Error: Unknown target "C0AKK0V9JUR" for slack.
Sun Mar  8 13:52:47 JST 2026: Posted to Slack: ¥36500
Sun Mar  8 14:22:47 JST 2026: Current lowest PSA10 = ¥36500 (prev: 36500)
Error: Unknown target "C0AKK0V9JUR" for slack.
Sun Mar  8 14:22:50 JST 2026: Posted to Slack: ¥36500
Sun Mar  8 14:52:50 JST 2026: Current lowest PSA10 = ¥36000 (prev: 36500)
Error: Unknown target "C0AKK0V9JUR" for slack.
Sun Mar  8 14:52:53 JST 2026: Posted to Slack: ¥36000
Sun Mar  8 15:33:39 JST 2026: Current lowest PSA10 = ¥36000 (prev: 36000)
✅ Sent via Slack. Message ID: 1772951622.298109
Sun Mar  8 15:33:42 JST 2026: Posted to Slack: ¥36000
Sun Mar  8 16:03:42 JST 2026: Current lowest PSA10 = ¥35000 (prev: 36000)
✅ Sent via Slack. Message ID: 1772953426.021769
Sun Mar  8 16:03:46 JST 2026: Posted to Slack: ¥35000
Sun Mar  8 16:33:46 JST 2026: Current lowest PSA10 = ¥36000 (prev: 35000)
✅ Sent via Slack. Message ID: 1772955229.928149
Sun Mar  8 16:33:50 JST 2026: Posted to Slack: ¥36000
Sun Mar  8 17:03:50 JST 2026: Current lowest PSA10 = ¥36000 (prev: 36000)
✅ Sent via Slack. Message ID: 1772957033.526579
Sun Mar  8 17:03:53 JST 2026: Posted to Slack: ¥36000
Sun Mar  8 17:33:53 JST 2026: Current lowest PSA10 = ¥36000 (prev: 36000)
✅ Sent via Slack. Message ID: 1772958837.858419
Sun Mar  8 17:33:58 JST 2026: Posted to Slack: ¥36000
Sun Mar  8 18:03:58 JST 2026: Current lowest PSA10 = ¥36000 (prev: 36000)
✅ Sent via Slack. Message ID: 1772960641.542079
Sun Mar  8 18:04:01 JST 2026: Posted to Slack: ¥36000
Sun Mar  8 18:34:02 JST 2026: Current lowest PSA10 = ¥36000 (prev: 36000)
✅ Sent via Slack. Message ID: 1772962445.261999
Sun Mar  8 18:34:05 JST 2026: Posted to Slack: ¥36000
Sun Mar  8 19:04:05 JST 2026: Current lowest PSA10 = ¥36000 (prev: 36000)
✅ Sent via Slack. Message ID: 1772964249.039609
Sun Mar  8 19:04:09 JST 2026: Posted to Slack: ¥36000
Sun Mar  8 19:34:09 JST 2026: Current lowest PSA10 = ¥36000 (prev: 36000)
✅ Sent via Slack. Message ID: 1772966052.598639
Sun Mar  8 19:34:12 JST 2026: Posted to Slack: ¥36000
Sun Mar  8 20:04:12 JST 2026: Current lowest PSA10 = ¥35800 (prev: 36000)
✅ Sent via Slack. Message ID: 1772967856.504139
Sun Mar  8 20:04:16 JST 2026: Posted to Slack: ¥35800
Sun Mar  8 20:34:16 JST 2026: Current lowest PSA10 = ¥35800 (prev: 35800)
✅ Sent via Slack. Message ID: 1772969660.215469
Sun Mar  8 20:34:20 JST 2026: Posted to Slack: ¥35800
Sun Mar  8 21:04:20 JST 2026: Current lowest PSA10 = ¥35000 (prev: 35800)
✅ Sent via Slack. Message ID: 1772971463.872509
Sun Mar  8 21:04:24 JST 2026: Posted to Slack: ¥35000
Sun Mar  8 21:34:24 JST 2026: Current lowest PSA10 = ¥35799 (prev: 35000)
✅ Sent via Slack. Message ID: 1772973267.440299
Sun Mar  8 21:34:27 JST 2026: Posted to Slack: ¥35799
Sun Mar  8 22:04:27 JST 2026: Current lowest PSA10 = ¥35799 (prev: 35799)
✅ Sent via Slack. Message ID: 1772975071.232979
Sun Mar  8 22:04:31 JST 2026: Posted to Slack: ¥35799
Sun Mar  8 22:34:31 JST 2026: Current lowest PSA10 = ¥35799 (prev: 35799)
✅ Sent via Slack. Message ID: 1772976874.928789
Sun Mar  8 22:34:35 JST 2026: Posted to Slack: ¥35799
Sun Mar  8 23:04:35 JST 2026: Current lowest PSA10 = ¥37000 (prev: 35799)
✅ Sent via Slack. Message ID: 1772978678.750989
Sun Mar  8 23:04:38 JST 2026: Posted to Slack: ¥37000
Sun Mar  8 23:34:39 JST 2026: Current lowest PSA10 = ¥37000 (prev: 37000)
✅ Sent via Slack. Message ID: 1772980482.492729
Sun Mar  8 23:34:42 JST 2026: Posted to Slack: ¥37000
Mon Mar  9 00:04:42 JST 2026: Current lowest PSA10 = ¥37000 (prev: 37000)
✅ Sent via Slack. Message ID: 1772982286.339949
Mon Mar  9 00:04:46 JST 2026: Posted to Slack: ¥37000
Mon Mar  9 00:34:46 JST 2026: Current lowest PSA10 = ¥37000 (prev: 37000)
✅ Sent via Slack. Message ID: 1772984090.048309
Mon Mar  9 00:34:50 JST 2026: Posted to Slack: ¥37000
Mon Mar  9 01:04:50 JST 2026: Current lowest PSA10 = ¥37000 (prev: 37000)
✅ Sent via Slack. Message ID: 1772985893.726299
Mon Mar  9 01:04:53 JST 2026: Posted to Slack: ¥37000
Mon Mar  9 01:34:54 JST 2026: Current lowest PSA10 = ¥37000 (prev: 37000)
✅ Sent via Slack. Message ID: 1772987697.502809
Mon Mar  9 01:34:57 JST 2026: Posted to Slack: ¥37000
Mon Mar  9 02:04:58 JST 2026: Current lowest PSA10 = ¥37000 (prev: 37000)
✅ Sent via Slack. Message ID: 1772989501.291089
Mon Mar  9 02:05:01 JST 2026: Posted to Slack: ¥37000
Mon Mar  9 02:35:01 JST 2026: Current lowest PSA10 = ¥37000 (prev: 37000)
✅ Sent via Slack. Message ID: 1772991305.102889
Mon Mar  9 02:35:05 JST 2026: Posted to Slack: ¥37000
Mon Mar  9 03:05:05 JST 2026: Current lowest PSA10 = ¥37000 (prev: 37000)
✅ Sent via Slack. Message ID: 1772993108.869849
Mon Mar  9 03:05:09 JST 2026: Posted to Slack: ¥37000
Mon Mar  9 03:35:09 JST 2026: Current lowest PSA10 = ¥36000 (prev: 37000)
✅ Sent via Slack. Message ID: 1772994912.718869
Mon Mar  9 03:35:12 JST 2026: Posted to Slack: ¥36000
Mon Mar  9 04:05:13 JST 2026: Current lowest PSA10 = ¥36000 (prev: 36000)
✅ Sent via Slack. Message ID: 1772996716.378569
Mon Mar  9 04:05:16 JST 2026: Posted to Slack: ¥36000
Mon Mar  9 04:35:16 JST 2026: Current lowest PSA10 = ¥36000 (prev: 36000)
✅ Sent via Slack. Message ID: 1772998520.267419
Mon Mar  9 04:35:20 JST 2026: Posted to Slack: ¥36000
Mon Mar  9 05:05:20 JST 2026: Current lowest PSA10 = ¥36000 (prev: 36000)
✅ Sent via Slack. Message ID: 1773000324.216389
Mon Mar  9 05:05:24 JST 2026: Posted to Slack: ¥36000
Mon Mar  9 05:35:24 JST 2026: Current lowest PSA10 = ¥36000 (prev: 36000)
✅ Sent via Slack. Message ID: 1773002127.817079
Mon Mar  9 05:35:27 JST 2026: Posted to Slack: ¥36000
Mon Mar  9 06:05:28 JST 2026: Current lowest PSA10 = ¥36000 (prev: 36000)
✅ Sent via Slack. Message ID: 1773003931.618489
Mon Mar  9 06:05:31 JST 2026: Posted to Slack: ¥36000
Mon Mar  9 06:35:32 JST 2026: Current lowest PSA10 = ¥36000 (prev: 36000)
✅ Sent via Slack. Message ID: 1773005735.080009
Mon Mar  9 06:35:35 JST 2026: Posted to Slack: ¥36000
Mon Mar  9 07:05:35 JST 2026: Current lowest PSA10 = ¥36000 (prev: 36000)
✅ Sent via Slack. Message ID: 1773007538.728259
Mon Mar  9 07:05:39 JST 2026: Posted to Slack: ¥36000
Mon Mar  9 07:35:39 JST 2026: Current lowest PSA10 = ¥36000 (prev: 36000)
✅ Sent via Slack. Message ID: 1773009342.423629
Mon Mar  9 07:35:42 JST 2026: Posted to Slack: ¥36000
Mon Mar  9 08:05:42 JST 2026: Current lowest PSA10 = ¥36000 (prev: 36000)
✅ Sent via Slack. Message ID: 1773011145.794459
Mon Mar  9 08:05:45 JST 2026: Posted to Slack: ¥36000
Mon Mar  9 08:35:46 JST 2026: Current lowest PSA10 = ¥36000 (prev: 36000)
✅ Sent via Slack. Message ID: 1773012949.252499
Mon Mar  9 08:35:49 JST 2026: Posted to Slack: ¥36000
Mon Mar  9 09:05:49 JST 2026: Current lowest PSA10 = ¥36200 (prev: 36000)
✅ Sent via Slack. Message ID: 1773014752.826399
Mon Mar  9 09:05:52 JST 2026: Posted to Slack: ¥36200
Mon Mar  9 09:35:53 JST 2026: Current lowest PSA10 = ¥36200 (prev: 36200)
✅ Sent via Slack. Message ID: 1773016556.274039
Mon Mar  9 09:35:56 JST 2026: Posted to Slack: ¥36200
Mon Mar  9 10:05:56 JST 2026: Current lowest PSA10 = ¥36200 (prev: 36200)
✅ Sent via Slack. Message ID: 1773018360.105119
Mon Mar  9 10:06:00 JST 2026: Posted to Slack: ¥36200
Mon Mar  9 10:36:00 JST 2026: Current lowest PSA10 = ¥36200 (prev: 36200)
✅ Sent via Slack. Message ID: 1773020163.720309
Mon Mar  9 10:36:03 JST 2026: Posted to Slack: ¥36200
Mon Mar  9 11:06:04 JST 2026: Current lowest PSA10 = ¥36200 (prev: 36200)
✅ Sent via Slack. Message ID: 1773021967.075719
Mon Mar  9 11:06:07 JST 2026: Posted to Slack: ¥36200
Mon Mar  9 11:36:07 JST 2026: Current lowest PSA10 = ¥36200 (prev: 36200)
✅ Sent via Slack. Message ID: 1773023770.441809
Mon Mar  9 11:36:10 JST 2026: Posted to Slack: ¥36200
Mon Mar  9 12:06:10 JST 2026: Current lowest PSA10 = ¥36200 (prev: 36200)
✅ Sent via Slack. Message ID: 1773025573.930769
Mon Mar  9 12:06:14 JST 2026: Posted to Slack: ¥36200
Mon Mar  9 12:36:14 JST 2026: Current lowest PSA10 = ¥36000 (prev: 36200)
✅ Sent via Slack. Message ID: 1773027377.239639
Mon Mar  9 12:36:17 JST 2026: Posted to Slack: ¥36000
Mon Mar  9 13:06:17 JST 2026: Current lowest PSA10 = ¥36000 (prev: 36000)
✅ Sent via Slack. Message ID: 1773029180.767789
Mon Mar  9 13:06:20 JST 2026: Posted to Slack: ¥36000
Mon Mar  9 13:36:21 JST 2026: Current lowest PSA10 = ¥36200 (prev: 36000)
✅ Sent via Slack. Message ID: 1773030984.335229
Mon Mar  9 13:36:24 JST 2026: Posted to Slack: ¥36200
Mon Mar  9 14:06:24 JST 2026: Current lowest PSA10 = ¥36200 (prev: 36200)
✅ Sent via Slack. Message ID: 1773032787.833509
Mon Mar  9 14:06:28 JST 2026: Posted to Slack: ¥36200
Mon Mar  9 14:36:28 JST 2026: Current lowest PSA10 = ¥36100 (prev: 36200)
✅ Sent via Slack. Message ID: 1773034591.446059
Mon Mar  9 14:36:31 JST 2026: Posted to Slack: ¥36100
Mon Mar  9 15:06:32 JST 2026: Current lowest PSA10 = ¥36900 (prev: 36100)
✅ Sent via Slack. Message ID: 1773036396.031909
Mon Mar  9 15:06:36 JST 2026: Posted to Slack: ¥36900
Mon Mar  9 15:36:36 JST 2026: Current lowest PSA10 = ¥36900 (prev: 36900)
✅ Sent via Slack. Message ID: 1773038199.690609
Mon Mar  9 15:36:39 JST 2026: Posted to Slack: ¥36900
Mon Mar  9 16:06:40 JST 2026: Current lowest PSA10 = ¥36900 (prev: 36900)
✅ Sent via Slack. Message ID: 1773040003.327179
Mon Mar  9 16:06:43 JST 2026: Posted to Slack: ¥36900
Mon Mar  9 16:36:43 JST 2026: Current lowest PSA10 = ¥36900 (prev: 36900)
✅ Sent via Slack. Message ID: 1773041806.899909
Mon Mar  9 16:36:47 JST 2026: Posted to Slack: ¥36900
Mon Mar  9 17:06:47 JST 2026: Current lowest PSA10 = ¥36500 (prev: 36900)
✅ Sent via Slack. Message ID: 1773043610.305649
Mon Mar  9 17:06:50 JST 2026: Posted to Slack: ¥36500
Mon Mar  9 17:36:50 JST 2026: Current lowest PSA10 = ¥36500 (prev: 36500)
✅ Sent via Slack. Message ID: 1773045414.000289
Mon Mar  9 17:36:54 JST 2026: Posted to Slack: ¥36500
Mon Mar  9 18:06:54 JST 2026: Current lowest PSA10 = ¥36500 (prev: 36500)
✅ Sent via Slack. Message ID: 1773047217.431349
Mon Mar  9 18:06:57 JST 2026: Posted to Slack: ¥36500
Mon Mar  9 18:36:57 JST 2026: Current lowest PSA10 = ¥36500 (prev: 36500)
✅ Sent via Slack. Message ID: 1773049020.960229
Mon Mar  9 18:37:01 JST 2026: Posted to Slack: ¥36500
Mon Mar  9 19:07:01 JST 2026: Current lowest PSA10 = ¥36500 (prev: 36500)
✅ Sent via Slack. Message ID: 1773050824.402419
Mon Mar  9 19:07:04 JST 2026: Posted to Slack: ¥36500
Mon Mar  9 19:37:04 JST 2026: Current lowest PSA10 = ¥36500 (prev: 36500)
✅ Sent via Slack. Message ID: 1773052627.932239
Mon Mar  9 19:37:08 JST 2026: Posted to Slack: ¥36500
Mon Mar  9 20:07:08 JST 2026: Current lowest PSA10 = ¥36500 (prev: 36500)
✅ Sent via Slack. Message ID: 1773054431.480949
Mon Mar  9 20:07:11 JST 2026: Posted to Slack: ¥36500
Mon Mar  9 20:37:11 JST 2026: Current lowest PSA10 = ¥36500 (prev: 36500)
✅ Sent via Slack. Message ID: 1773056235.081589
Mon Mar  9 20:37:15 JST 2026: Posted to Slack: ¥36500
Mon Mar  9 21:07:15 JST 2026: Current lowest PSA10 = ¥36500 (prev: 36500)
✅ Sent via Slack. Message ID: 1773058038.513889
Mon Mar  9 21:07:18 JST 2026: Posted to Slack: ¥36500
Mon Mar  9 21:37:19 JST 2026: Current lowest PSA10 = ¥36500 (prev: 36500)
✅ Sent via Slack. Message ID: 1773059842.074039
Mon Mar  9 21:37:22 JST 2026: Posted to Slack: ¥36500
Mon Mar  9 22:07:22 JST 2026: Current lowest PSA10 = ¥36500 (prev: 36500)
✅ Sent via Slack. Message ID: 1773061645.613429
Mon Mar  9 22:07:25 JST 2026: Posted to Slack: ¥36500
Mon Mar  9 22:37:25 JST 2026: Current lowest PSA10 = ¥36400 (prev: 36500)
✅ Sent via Slack. Message ID: 1773063449.184259
Mon Mar  9 22:37:29 JST 2026: Posted to Slack: ¥36400
Mon Mar  9 23:07:29 JST 2026: Current lowest PSA10 = ¥36400 (prev: 36400)
✅ Sent via Slack. Message ID: 1773065252.818059
Mon Mar  9 23:07:32 JST 2026: Posted to Slack: ¥36400
Mon Mar  9 23:37:33 JST 2026: Current lowest PSA10 = ¥36400 (prev: 36400)
✅ Sent via Slack. Message ID: 1773067056.469249
Mon Mar  9 23:37:36 JST 2026: Posted to Slack: ¥36400
Tue Mar 10 00:07:36 JST 2026: Current lowest PSA10 = ¥36000 (prev: 36400)
✅ Sent via Slack. Message ID: 1773068860.030679
Tue Mar 10 00:07:40 JST 2026: Posted to Slack: ¥36000
Tue Mar 10 00:37:40 JST 2026: Current lowest PSA10 = ¥36000 (prev: 36000)
✅ Sent via Slack. Message ID: 1773070663.695759
Tue Mar 10 00:37:44 JST 2026: Posted to Slack: ¥36000
Tue Mar 10 01:07:44 JST 2026: Current lowest PSA10 = ¥36000 (prev: 36000)
✅ Sent via Slack. Message ID: 1773072467.393469
Tue Mar 10 01:07:47 JST 2026: Posted to Slack: ¥36000
Tue Mar 10 01:37:47 JST 2026: Current lowest PSA10 = ¥36000 (prev: 36000)
✅ Sent via Slack. Message ID: 1773074270.852729
Tue Mar 10 01:37:50 JST 2026: Posted to Slack: ¥36000
Tue Mar 10 02:07:51 JST 2026: Current lowest PSA10 = ¥36400 (prev: 36000)
✅ Sent via Slack. Message ID: 1773076074.388109
Tue Mar 10 02:07:54 JST 2026: Posted to Slack: ¥36400
Tue Mar 10 02:37:54 JST 2026: Current lowest PSA10 = ¥36400 (prev: 36400)
✅ Sent via Slack. Message ID: 1773077877.771009
Tue Mar 10 02:37:57 JST 2026: Posted to Slack: ¥36400
Tue Mar 10 03:07:58 JST 2026: Current lowest PSA10 = ¥36400 (prev: 36400)
✅ Sent via Slack. Message ID: 1773079681.385059
Tue Mar 10 03:08:01 JST 2026: Posted to Slack: ¥36400
Tue Mar 10 03:38:01 JST 2026: Current lowest PSA10 = ¥36400 (prev: 36400)
✅ Sent via Slack. Message ID: 1773081484.961829
Tue Mar 10 03:38:05 JST 2026: Posted to Slack: ¥36400
Tue Mar 10 04:08:05 JST 2026: Current lowest PSA10 = ¥36400 (prev: 36400)
✅ Sent via Slack. Message ID: 1773083288.707739
Tue Mar 10 04:08:08 JST 2026: Posted to Slack: ¥36400
Tue Mar 10 04:38:09 JST 2026: Current lowest PSA10 = ¥36400 (prev: 36400)
✅ Sent via Slack. Message ID: 1773085092.388459
Tue Mar 10 04:38:12 JST 2026: Posted to Slack: ¥36400
Tue Mar 10 05:08:12 JST 2026: Current lowest PSA10 = ¥36400 (prev: 36400)
✅ Sent via Slack. Message ID: 1773086895.956109
Tue Mar 10 05:08:16 JST 2026: Posted to Slack: ¥36400
Tue Mar 10 05:38:16 JST 2026: Current lowest PSA10 = ¥36400 (prev: 36400)
✅ Sent via Slack. Message ID: 1773088699.679849
Tue Mar 10 05:38:19 JST 2026: Posted to Slack: ¥36400
Tue Mar 10 06:08:20 JST 2026: Current lowest PSA10 = ¥36400 (prev: 36400)
✅ Sent via Slack. Message ID: 1773090503.515759
Tue Mar 10 06:08:23 JST 2026: Posted to Slack: ¥36400
Tue Mar 10 06:38:23 JST 2026: Current lowest PSA10 = ¥36400 (prev: 36400)
✅ Sent via Slack. Message ID: 1773092306.935619
Tue Mar 10 06:38:27 JST 2026: Posted to Slack: ¥36400
Tue Mar 10 07:08:27 JST 2026: Current lowest PSA10 = ¥36400 (prev: 36400)
✅ Sent via Slack. Message ID: 1773094110.387599
Tue Mar 10 07:08:30 JST 2026: Posted to Slack: ¥36400
Tue Mar 10 07:38:30 JST 2026: Current lowest PSA10 = ¥36400 (prev: 36400)
✅ Sent via Slack. Message ID: 1773095913.952019
Tue Mar 10 07:38:34 JST 2026: Posted to Slack: ¥36400
Tue Mar 10 08:08:34 JST 2026: Current lowest PSA10 = ¥36400 (prev: 36400)
✅ Sent via Slack. Message ID: 1773097717.506719
Tue Mar 10 08:08:37 JST 2026: Posted to Slack: ¥36400
Tue Mar 10 08:38:37 JST 2026: Current lowest PSA10 = ¥36399 (prev: 36400)
✅ Sent via Slack. Message ID: 1773099521.119259
Tue Mar 10 08:38:41 JST 2026: Posted to Slack: ¥36399
Tue Mar 10 09:08:41 JST 2026: Current lowest PSA10 = ¥36399 (prev: 36399)
✅ Sent via Slack. Message ID: 1773101324.615829
Tue Mar 10 09:08:44 JST 2026: Posted to Slack: ¥36399
Tue Mar 10 09:38:45 JST 2026: Current lowest PSA10 = ¥36399 (prev: 36399)
✅ Sent via Slack. Message ID: 1773103128.099349
Tue Mar 10 09:38:48 JST 2026: Posted to Slack: ¥36399
Tue Mar 10 10:08:48 JST 2026: Current lowest PSA10 = ¥35999 (prev: 36399)
✅ Sent via Slack. Message ID: 1773104931.688159
Tue Mar 10 10:08:51 JST 2026: Posted to Slack: ¥35999
Tue Mar 10 10:38:52 JST 2026: Current lowest PSA10 = ¥35999 (prev: 35999)
✅ Sent via Slack. Message ID: 1773106735.354759
Tue Mar 10 10:38:55 JST 2026: Posted to Slack: ¥35999
Tue Mar 10 11:08:55 JST 2026: Current lowest PSA10 = ¥36399 (prev: 35999)
✅ Sent via Slack. Message ID: 1773108538.884289
Tue Mar 10 11:08:59 JST 2026: Posted to Slack: ¥36399
Tue Mar 10 11:38:59 JST 2026: Current lowest PSA10 = ¥36399 (prev: 36399)
✅ Sent via Slack. Message ID: 1773110342.400409
Tue Mar 10 11:39:02 JST 2026: Posted to Slack: ¥36399
Tue Mar 10 12:09:02 JST 2026: Current lowest PSA10 = ¥36000 (prev: 36399)
✅ Sent via Slack. Message ID: 1773112145.984409
Tue Mar 10 12:09:05 JST 2026: Posted to Slack: ¥36000
Tue Mar 10 12:39:06 JST 2026: Current lowest PSA10 = ¥36000 (prev: 36000)
✅ Sent via Slack. Message ID: 1773113949.426619
Tue Mar 10 12:39:09 JST 2026: Posted to Slack: ¥36000
Tue Mar 10 13:09:09 JST 2026: Current lowest PSA10 = ¥36000 (prev: 36000)
✅ Sent via Slack. Message ID: 1773115752.951769
Tue Mar 10 13:09:13 JST 2026: Posted to Slack: ¥36000
Tue Mar 10 13:39:13 JST 2026: Current lowest PSA10 = ¥36000 (prev: 36000)
✅ Sent via Slack. Message ID: 1773117556.494319
Tue Mar 10 13:39:16 JST 2026: Posted to Slack: ¥36000
Tue Mar 10 14:09:16 JST 2026: Current lowest PSA10 = ¥35999 (prev: 36000)
✅ Sent via Slack. Message ID: 1773119360.020729
Tue Mar 10 14:09:20 JST 2026: Posted to Slack: ¥35999
Tue Mar 10 14:39:20 JST 2026: Current lowest PSA10 = ¥35999 (prev: 35999)
✅ Sent via Slack. Message ID: 1773121163.556479
Tue Mar 10 14:39:23 JST 2026: Posted to Slack: ¥35999
Tue Mar 10 15:09:24 JST 2026: Current lowest PSA10 = ¥36000 (prev: 35999)
✅ Sent via Slack. Message ID: 1773122967.169249
Tue Mar 10 15:09:27 JST 2026: Posted to Slack: ¥36000
Tue Mar 10 15:39:27 JST 2026: Current lowest PSA10 = ¥35999 (prev: 36000)
✅ Sent via Slack. Message ID: 1773124770.733049
Tue Mar 10 15:39:30 JST 2026: Posted to Slack: ¥35999
Tue Mar 10 16:09:31 JST 2026: Current lowest PSA10 = ¥35999 (prev: 35999)
✅ Sent via Slack. Message ID: 1773126574.165079
Tue Mar 10 16:09:34 JST 2026: Posted to Slack: ¥35999
Tue Mar 10 16:39:34 JST 2026: Current lowest PSA10 = ¥35999 (prev: 35999)
✅ Sent via Slack. Message ID: 1773128377.703309
Tue Mar 10 16:39:37 JST 2026: Posted to Slack: ¥35999
Tue Mar 10 17:09:38 JST 2026: Current lowest PSA10 = ¥35999 (prev: 35999)
✅ Sent via Slack. Message ID: 1773130181.416859
Tue Mar 10 17:09:41 JST 2026: Posted to Slack: ¥35999
Tue Mar 10 17:39:41 JST 2026: Current lowest PSA10 = ¥35999 (prev: 35999)
✅ Sent via Slack. Message ID: 1773131984.980039
Tue Mar 10 17:39:45 JST 2026: Posted to Slack: ¥35999
Tue Mar 10 18:09:45 JST 2026: Current lowest PSA10 = ¥35999 (prev: 35999)
✅ Sent via Slack. Message ID: 1773133788.489179
Tue Mar 10 18:09:48 JST 2026: Posted to Slack: ¥35999
Tue Mar 10 18:39:48 JST 2026: Current lowest PSA10 = ¥35999 (prev: 35999)
✅ Sent via Slack. Message ID: 1773135591.956309
Tue Mar 10 18:39:52 JST 2026: Posted to Slack: ¥35999
Tue Mar 10 19:09:52 JST 2026: Current lowest PSA10 = ¥35999 (prev: 35999)
✅ Sent via Slack. Message ID: 1773137395.847129
Tue Mar 10 19:09:56 JST 2026: Posted to Slack: ¥35999
Tue Mar 10 19:39:56 JST 2026: Current lowest PSA10 = ¥35999 (prev: 35999)
✅ Sent via Slack. Message ID: 1773139199.410679
Tue Mar 10 19:39:59 JST 2026: Posted to Slack: ¥35999
Tue Mar 10 20:09:59 JST 2026: Current lowest PSA10 = ¥35999 (prev: 35999)
✅ Sent via Slack. Message ID: 1773141002.950029
Tue Mar 10 20:10:03 JST 2026: Posted to Slack: ¥35999
Tue Mar 10 20:40:03 JST 2026: Current lowest PSA10 = ¥35999 (prev: 35999)
✅ Sent via Slack. Message ID: 1773142806.610749
Tue Mar 10 20:40:06 JST 2026: Posted to Slack: ¥35999
Tue Mar 10 21:10:07 JST 2026: Current lowest PSA10 = ¥35999 (prev: 35999)
✅ Sent via Slack. Message ID: 1773144610.167269
Tue Mar 10 21:10:10 JST 2026: Posted to Slack: ¥35999
Tue Mar 10 21:40:10 JST 2026: Current lowest PSA10 = ¥35999 (prev: 35999)
✅ Sent via Slack. Message ID: 1773146413.758009
Tue Mar 10 21:40:13 JST 2026: Posted to Slack: ¥35999
Tue Mar 10 22:10:14 JST 2026: Current lowest PSA10 = ¥35999 (prev: 35999)
✅ Sent via Slack. Message ID: 1773148217.439069
Tue Mar 10 22:10:17 JST 2026: Posted to Slack: ¥35999
Tue Mar 10 22:40:17 JST 2026: Current lowest PSA10 = ¥35999 (prev: 35999)
✅ Sent via Slack. Message ID: 1773150021.015319
Tue Mar 10 22:40:21 JST 2026: Posted to Slack: ¥35999
Tue Mar 10 23:10:21 JST 2026: Current lowest PSA10 = ¥35500 (prev: 35999)
✅ Sent via Slack. Message ID: 1773151824.507949
Tue Mar 10 23:10:24 JST 2026: Posted to Slack: ¥35500
Tue Mar 10 23:40:24 JST 2026: Current lowest PSA10 = ¥35999 (prev: 35500)
✅ Sent via Slack. Message ID: 1773153628.036319
Tue Mar 10 23:40:28 JST 2026: Posted to Slack: ¥35999
Wed Mar 11 00:10:28 JST 2026: Current lowest PSA10 = ¥35999 (prev: 35999)
✅ Sent via Slack. Message ID: 1773155431.464289
Wed Mar 11 00:10:31 JST 2026: Posted to Slack: ¥35999
Wed Mar 11 00:40:31 JST 2026: Current lowest PSA10 = ¥35990 (prev: 35999)
✅ Sent via Slack. Message ID: 1773157234.963269
Wed Mar 11 00:40:35 JST 2026: Posted to Slack: ¥35990
Wed Mar 11 01:10:36 JST 2026: Current lowest PSA10 = ¥35990 (prev: 35990)
✅ Sent via Slack. Message ID: 1773159039.982209
Wed Mar 11 01:10:40 JST 2026: Posted to Slack: ¥35990
Wed Mar 11 01:40:40 JST 2026: Current lowest PSA10 = ¥35990 (prev: 35990)
✅ Sent via Slack. Message ID: 1773160843.747499
Wed Mar 11 01:40:43 JST 2026: Posted to Slack: ¥35990
Wed Mar 11 02:10:44 JST 2026: Current lowest PSA10 = ¥35990 (prev: 35990)
✅ Sent via Slack. Message ID: 1773162647.321069
Wed Mar 11 02:10:47 JST 2026: Posted to Slack: ¥35990
Wed Mar 11 02:40:47 JST 2026: Current lowest PSA10 = ¥35990 (prev: 35990)
✅ Sent via Slack. Message ID: 1773164450.766559
Wed Mar 11 02:40:50 JST 2026: Posted to Slack: ¥35990
Wed Mar 11 03:10:51 JST 2026: Current lowest PSA10 = ¥35990 (prev: 35990)
✅ Sent via Slack. Message ID: 1773166254.460299
Wed Mar 11 03:10:54 JST 2026: Posted to Slack: ¥35990
Wed Mar 11 03:40:54 JST 2026: Current lowest PSA10 = ¥35990 (prev: 35990)
✅ Sent via Slack. Message ID: 1773168058.069039
Wed Mar 11 03:40:58 JST 2026: Posted to Slack: ¥35990
Wed Mar 11 04:10:58 JST 2026: Current lowest PSA10 = ¥35990 (prev: 35990)
✅ Sent via Slack. Message ID: 1773169861.770659
Wed Mar 11 04:11:01 JST 2026: Posted to Slack: ¥35990
Wed Mar 11 04:41:02 JST 2026: Current lowest PSA10 = ¥35990 (prev: 35990)
✅ Sent via Slack. Message ID: 1773171665.435609
Wed Mar 11 04:41:05 JST 2026: Posted to Slack: ¥35990
Wed Mar 11 05:11:05 JST 2026: Current lowest PSA10 = ¥35990 (prev: 35990)
✅ Sent via Slack. Message ID: 1773173469.220729
Wed Mar 11 05:11:09 JST 2026: Posted to Slack: ¥35990
Wed Mar 11 05:41:09 JST 2026: Current lowest PSA10 = ¥35990 (prev: 35990)
✅ Sent via Slack. Message ID: 1773175272.932349
Wed Mar 11 05:41:12 JST 2026: Posted to Slack: ¥35990
Wed Mar 11 06:11:13 JST 2026: Current lowest PSA10 = ¥35500 (prev: 35990)
✅ Sent via Slack. Message ID: 1773177076.695699
Wed Mar 11 06:11:16 JST 2026: Posted to Slack: ¥35500
Wed Mar 11 06:41:17 JST 2026: Current lowest PSA10 = ¥35500 (prev: 35500)
✅ Sent via Slack. Message ID: 1773178880.129299
Wed Mar 11 06:41:20 JST 2026: Posted to Slack: ¥35500
Wed Mar 11 07:11:20 JST 2026: Current lowest PSA10 = ¥35500 (prev: 35500)
✅ Sent via Slack. Message ID: 1773180683.501069
Wed Mar 11 07:11:23 JST 2026: Posted to Slack: ¥35500
Wed Mar 11 07:41:23 JST 2026: Current lowest PSA10 = ¥35500 (prev: 35500)
✅ Sent via Slack. Message ID: 1773182486.946509
Wed Mar 11 07:41:27 JST 2026: Posted to Slack: ¥35500
Wed Mar 11 08:11:27 JST 2026: Current lowest PSA10 = ¥35500 (prev: 35500)
✅ Sent via Slack. Message ID: 1773184290.452109
Wed Mar 11 08:11:30 JST 2026: Posted to Slack: ¥35500
Wed Mar 11 08:41:30 JST 2026: Current lowest PSA10 = ¥35500 (prev: 35500)
✅ Sent via Slack. Message ID: 1773186094.011899
Wed Mar 11 08:41:34 JST 2026: Posted to Slack: ¥35500
Wed Mar 11 09:11:34 JST 2026: Current lowest PSA10 = ¥35500 (prev: 35500)
✅ Sent via Slack. Message ID: 1773187897.578719
Wed Mar 11 09:11:37 JST 2026: Posted to Slack: ¥35500
Wed Mar 11 09:41:37 JST 2026: Current lowest PSA10 = ¥35500 (prev: 35500)
✅ Sent via Slack. Message ID: 1773189701.140979
Wed Mar 11 09:41:41 JST 2026: Posted to Slack: ¥35500
Wed Mar 11 10:11:41 JST 2026: Current lowest PSA10 = ¥35500 (prev: 35500)
✅ Sent via Slack. Message ID: 1773191504.707349
Wed Mar 11 10:11:44 JST 2026: Posted to Slack: ¥35500
Wed Mar 11 10:41:45 JST 2026: Current lowest PSA10 = ¥35500 (prev: 35500)
✅ Sent via Slack. Message ID: 1773193308.256649
Wed Mar 11 10:41:48 JST 2026: Posted to Slack: ¥35500
Wed Mar 11 11:11:48 JST 2026: Current lowest PSA10 = ¥35500 (prev: 35500)
✅ Sent via Slack. Message ID: 1773195111.826159
Wed Mar 11 11:11:51 JST 2026: Posted to Slack: ¥35500
Wed Mar 11 11:41:52 JST 2026: Current lowest PSA10 = ¥35500 (prev: 35500)
✅ Sent via Slack. Message ID: 1773196915.499269
Wed Mar 11 11:41:55 JST 2026: Posted to Slack: ¥35500
Wed Mar 11 12:11:55 JST 2026: Current lowest PSA10 = ¥35500 (prev: 35500)
✅ Sent via Slack. Message ID: 1773198718.968049
Wed Mar 11 12:11:59 JST 2026: Posted to Slack: ¥35500
Wed Mar 11 12:41:59 JST 2026: Current lowest PSA10 = ¥35500 (prev: 35500)
✅ Sent via Slack. Message ID: 1773200522.567959
Wed Mar 11 12:42:02 JST 2026: Posted to Slack: ¥35500
Wed Mar 11 13:12:03 JST 2026: Current lowest PSA10 = ¥35500 (prev: 35500)
✅ Sent via Slack. Message ID: 1773202326.117959
Wed Mar 11 13:12:06 JST 2026: Posted to Slack: ¥35500
Wed Mar 11 13:42:06 JST 2026: Current lowest PSA10 = ¥35500 (prev: 35500)
✅ Sent via Slack. Message ID: 1773204129.655819
Wed Mar 11 13:42:09 JST 2026: Posted to Slack: ¥35500
Wed Mar 11 14:12:09 JST 2026: Current lowest PSA10 = ¥35500 (prev: 35500)
✅ Sent via Slack. Message ID: 1773205933.079269
Wed Mar 11 14:12:13 JST 2026: Posted to Slack: ¥35500
Wed Mar 11 14:42:13 JST 2026: Current lowest PSA10 = ¥35500 (prev: 35500)
✅ Sent via Slack. Message ID: 1773207736.627429
Wed Mar 11 14:42:16 JST 2026: Posted to Slack: ¥35500
Wed Mar 11 15:12:17 JST 2026: Current lowest PSA10 = ¥35500 (prev: 35500)
✅ Sent via Slack. Message ID: 1773209540.244569
Wed Mar 11 15:12:20 JST 2026: Posted to Slack: ¥35500
Wed Mar 11 15:42:20 JST 2026: Current lowest PSA10 = ¥35500 (prev: 35500)
✅ Sent via Slack. Message ID: 1773211343.771539
Wed Mar 11 15:42:23 JST 2026: Posted to Slack: ¥35500
Wed Mar 11 16:12:24 JST 2026: Current lowest PSA10 = ¥35500 (prev: 35500)
✅ Sent via Slack. Message ID: 1773213147.365079
Wed Mar 11 16:12:27 JST 2026: Posted to Slack: ¥35500
Wed Mar 11 16:42:27 JST 2026: Current lowest PSA10 = ¥35500 (prev: 35500)
✅ Sent via Slack. Message ID: 1773214950.968339
Wed Mar 11 16:42:31 JST 2026: Posted to Slack: ¥35500
Wed Mar 11 17:12:31 JST 2026: Current lowest PSA10 = ¥35250 (prev: 35500)
✅ Sent via Slack. Message ID: 1773216754.580729
Wed Mar 11 17:12:34 JST 2026: Posted to Slack: ¥35250
Wed Mar 11 17:42:35 JST 2026: Current lowest PSA10 = ¥35250 (prev: 35250)
✅ Sent via Slack. Message ID: 1773218558.240529
Wed Mar 11 17:42:38 JST 2026: Posted to Slack: ¥35250
Wed Mar 11 18:12:38 JST 2026: Current lowest PSA10 = ¥35250 (prev: 35250)
✅ Sent via Slack. Message ID: 1773220361.915219
Wed Mar 11 18:12:41 JST 2026: Posted to Slack: ¥35250
Wed Mar 11 18:42:42 JST 2026: Current lowest PSA10 = ¥35250 (prev: 35250)
✅ Sent via Slack. Message ID: 1773222165.675459
Wed Mar 11 18:42:45 JST 2026: Posted to Slack: ¥35250
Wed Mar 11 19:12:46 JST 2026: Current lowest PSA10 = ¥35250 (prev: 35250)
✅ Sent via Slack. Message ID: 1773223969.246209
Wed Mar 11 19:12:49 JST 2026: Posted to Slack: ¥35250
Wed Mar 11 19:42:49 JST 2026: Current lowest PSA10 = ¥35000 (prev: 35250)
✅ Sent via Slack. Message ID: 1773225772.861609
Wed Mar 11 19:42:53 JST 2026: Posted to Slack: ¥35000
Wed Mar 11 20:12:53 JST 2026: Current lowest PSA10 = ¥34800 (prev: 35000)
✅ Sent via Slack. Message ID: 1773227576.423699
Wed Mar 11 20:12:56 JST 2026: Posted to Slack: ¥34800
Wed Mar 11 20:42:56 JST 2026: Current lowest PSA10 = ¥34300 (prev: 34800)
✅ Sent via Slack. Message ID: 1773229379.958769
Wed Mar 11 20:43:00 JST 2026: Posted to Slack: ¥34300
Wed Mar 11 21:13:00 JST 2026: Current lowest PSA10 = ¥33000 (prev: 34300)
✅ Sent via Slack. Message ID: 1773231183.515119
Wed Mar 11 21:13:03 JST 2026: Posted to Slack: ¥33000
Wed Mar 11 21:43:04 JST 2026: Current lowest PSA10 = ¥32980 (prev: 33000)
✅ Sent via Slack. Message ID: 1773232987.336839
Wed Mar 11 21:43:07 JST 2026: Posted to Slack: ¥32980
Wed Mar 11 22:13:07 JST 2026: Current lowest PSA10 = ¥32980 (prev: 32980)
✅ Sent via Slack. Message ID: 1773234791.097269
Wed Mar 11 22:13:11 JST 2026: Posted to Slack: ¥32980
Wed Mar 11 22:43:11 JST 2026: Current lowest PSA10 = ¥32980 (prev: 32980)
✅ Sent via Slack. Message ID: 1773236594.700919
Wed Mar 11 22:43:14 JST 2026: Posted to Slack: ¥32980
Wed Mar 11 23:13:15 JST 2026: Current lowest PSA10 = ¥32980 (prev: 32980)
✅ Sent via Slack. Message ID: 1773238399.064239
Wed Mar 11 23:13:19 JST 2026: Posted to Slack: ¥32980
Wed Mar 11 23:43:19 JST 2026: Current lowest PSA10 = ¥32980 (prev: 32980)
✅ Sent via Slack. Message ID: 1773240202.618899
Wed Mar 11 23:43:22 JST 2026: Posted to Slack: ¥32980
Thu Mar 12 00:13:23 JST 2026: Current lowest PSA10 = ¥32980 (prev: 32980)
✅ Sent via Slack. Message ID: 1773242006.091689
Thu Mar 12 00:13:26 JST 2026: Posted to Slack: ¥32980
Thu Mar 12 00:43:26 JST 2026: Current lowest PSA10 = ¥32980 (prev: 32980)
✅ Sent via Slack. Message ID: 1773243809.558519
Thu Mar 12 00:43:29 JST 2026: Posted to Slack: ¥32980
Thu Mar 12 01:13:30 JST 2026: Current lowest PSA10 = ¥32980 (prev: 32980)
✅ Sent via Slack. Message ID: 1773245613.007399
Thu Mar 12 01:13:33 JST 2026: Posted to Slack: ¥32980
Thu Mar 12 01:43:33 JST 2026: Current lowest PSA10 = ¥32980 (prev: 32980)
✅ Sent via Slack. Message ID: 1773247416.711519
Thu Mar 12 01:43:36 JST 2026: Posted to Slack: ¥32980
Thu Mar 12 02:13:37 JST 2026: Current lowest PSA10 = ¥32980 (prev: 32980)
✅ Sent via Slack. Message ID: 1773249220.378189
Thu Mar 12 02:13:40 JST 2026: Posted to Slack: ¥32980
Thu Mar 12 02:43:40 JST 2026: Current lowest PSA10 = ¥32980 (prev: 32980)
✅ Sent via Slack. Message ID: 1773251024.041439
Thu Mar 12 02:43:44 JST 2026: Posted to Slack: ¥32980
Thu Mar 12 03:13:44 JST 2026: Current lowest PSA10 = ¥32980 (prev: 32980)
✅ Sent via Slack. Message ID: 1773252827.879359
Thu Mar 12 03:13:48 JST 2026: Posted to Slack: ¥32980
Thu Mar 12 03:43:48 JST 2026: Current lowest PSA10 = ¥32980 (prev: 32980)
✅ Sent via Slack. Message ID: 1773254631.507759
Thu Mar 12 03:43:51 JST 2026: Posted to Slack: ¥32980
Thu Mar 12 04:13:51 JST 2026: Current lowest PSA10 = ¥32980 (prev: 32980)
✅ Sent via Slack. Message ID: 1773256435.421359
Thu Mar 12 04:13:55 JST 2026: Posted to Slack: ¥32980
Thu Mar 12 04:43:55 JST 2026: Current lowest PSA10 = ¥32980 (prev: 32980)
✅ Sent via Slack. Message ID: 1773258239.141029
Thu Mar 12 04:43:59 JST 2026: Posted to Slack: ¥32980
Thu Mar 12 05:13:59 JST 2026: Current lowest PSA10 = ¥32980 (prev: 32980)
✅ Sent via Slack. Message ID: 1773260042.920969
Thu Mar 12 05:14:03 JST 2026: Posted to Slack: ¥32980
Thu Mar 12 05:44:03 JST 2026: Current lowest PSA10 = ¥32980 (prev: 32980)
✅ Sent via Slack. Message ID: 1773261846.580059
Thu Mar 12 05:44:06 JST 2026: Posted to Slack: ¥32980
Thu Mar 12 06:14:07 JST 2026: Current lowest PSA10 = ¥32980 (prev: 32980)
✅ Sent via Slack. Message ID: 1773263650.383419
Thu Mar 12 06:14:10 JST 2026: Posted to Slack: ¥32980
Thu Mar 12 06:44:10 JST 2026: Current lowest PSA10 = ¥32980 (prev: 32980)
✅ Sent via Slack. Message ID: 1773265453.954149
Thu Mar 12 06:44:14 JST 2026: Posted to Slack: ¥32980
Thu Mar 12 07:14:14 JST 2026: Current lowest PSA10 = ¥32980 (prev: 32980)
✅ Sent via Slack. Message ID: 1773267257.331899
Thu Mar 12 07:14:17 JST 2026: Posted to Slack: ¥32980
Thu Mar 12 07:44:17 JST 2026: Current lowest PSA10 = ¥32980 (prev: 32980)
✅ Sent via Slack. Message ID: 1773269060.952669
Thu Mar 12 07:44:21 JST 2026: Posted to Slack: ¥32980
Thu Mar 12 08:14:21 JST 2026: Current lowest PSA10 = ¥32980 (prev: 32980)
✅ Sent via Slack. Message ID: 1773270864.431569
Thu Mar 12 08:14:24 JST 2026: Posted to Slack: ¥32980
Thu Mar 12 08:44:24 JST 2026: Current lowest PSA10 = ¥32900 (prev: 32980)
✅ Sent via Slack. Message ID: 1773272668.193089
Thu Mar 12 08:44:28 JST 2026: Posted to Slack: ¥32900
Thu Mar 12 09:14:28 JST 2026: Current lowest PSA10 = ¥35999 (prev: 32900)
✅ Sent via Slack. Message ID: 1773274471.888489
Thu Mar 12 09:14:32 JST 2026: Posted to Slack: ¥35999
Thu Mar 12 09:44:32 JST 2026: Current lowest PSA10 = ¥35999 (prev: 35999)
✅ Sent via Slack. Message ID: 1773276276.090249
Thu Mar 12 09:44:36 JST 2026: Posted to Slack: ¥35999
Thu Mar 12 10:14:36 JST 2026: Current lowest PSA10 = ¥35999 (prev: 35999)
✅ Sent via Slack. Message ID: 1773278079.799259
Thu Mar 12 10:14:39 JST 2026: Posted to Slack: ¥35999
Thu Mar 12 10:44:40 JST 2026: Current lowest PSA10 = ¥35999 (prev: 35999)
✅ Sent via Slack. Message ID: 1773279883.370209
Thu Mar 12 10:44:43 JST 2026: Posted to Slack: ¥35999
Thu Mar 12 11:14:43 JST 2026: Current lowest PSA10 = ¥35999 (prev: 35999)
✅ Sent via Slack. Message ID: 1773281686.781559
Thu Mar 12 11:14:46 JST 2026: Posted to Slack: ¥35999
Thu Mar 12 11:44:47 JST 2026: Current lowest PSA10 = ¥35999 (prev: 35999)
✅ Sent via Slack. Message ID: 1773283490.405559
Thu Mar 12 11:44:50 JST 2026: Posted to Slack: ¥35999
Thu Mar 12 12:14:51 JST 2026: Current lowest PSA10 = ¥35999 (prev: 35999)
✅ Sent via Slack. Message ID: 1773285294.651109
Thu Mar 12 12:14:54 JST 2026: Posted to Slack: ¥35999
Thu Mar 12 12:44:55 JST 2026: Current lowest PSA10 = ¥35999 (prev: 35999)
✅ Sent via Slack. Message ID: 1773287098.330719
Thu Mar 12 12:44:58 JST 2026: Posted to Slack: ¥35999
Thu Mar 12 13:14:58 JST 2026: Current lowest PSA10 = ¥35999 (prev: 35999)
✅ Sent via Slack. Message ID: 1773288902.791749
Thu Mar 12 13:15:02 JST 2026: Posted to Slack: ¥35999
Thu Mar 12 13:45:03 JST 2026: Current lowest PSA10 = ¥35999 (prev: 35999)
✅ Sent via Slack. Message ID: 1773290706.491499
Thu Mar 12 13:45:06 JST 2026: Posted to Slack: ¥35999
Thu Mar 12 14:15:06 JST 2026: Current lowest PSA10 = ¥35700 (prev: 35999)
✅ Sent via Slack. Message ID: 1773292510.163909
Thu Mar 12 14:15:10 JST 2026: Posted to Slack: ¥35700
Thu Mar 12 14:45:10 JST 2026: Current lowest PSA10 = ¥35600 (prev: 35700)
✅ Sent via Slack. Message ID: 1773294314.420529
Thu Mar 12 14:45:14 JST 2026: Posted to Slack: ¥35600
Thu Mar 12 15:15:14 JST 2026: Current lowest PSA10 = ¥35500 (prev: 35600)
✅ Sent via Slack. Message ID: 1773296118.513269
Thu Mar 12 15:15:18 JST 2026: Posted to Slack: ¥35500
Thu Mar 12 15:45:18 JST 2026: Current lowest PSA10 = ¥35500 (prev: 35500)
✅ Sent via Slack. Message ID: 1773297922.188199
Thu Mar 12 15:45:22 JST 2026: Posted to Slack: ¥35500
Thu Mar 12 16:15:22 JST 2026: Current lowest PSA10 = ¥35999 (prev: 35500)
✅ Sent via Slack. Message ID: 1773299726.166629
Thu Mar 12 16:15:26 JST 2026: Posted to Slack: ¥35999
Thu Mar 12 16:45:26 JST 2026: Current lowest PSA10 = ¥35999 (prev: 35999)
✅ Sent via Slack. Message ID: 1773301529.754379
Thu Mar 12 16:45:29 JST 2026: Posted to Slack: ¥35999
Thu Mar 12 17:20:32 JST 2026: Current lowest PSA10 = ¥35999 (prev: 35999)
✅ Sent via Slack. Message ID: 1773303641.360809
Thu Mar 12 17:20:41 JST 2026: Posted to Slack: ¥35999
Thu Mar 12 17:50:41 JST 2026: Current lowest PSA10 = ¥34000 (prev: 35999)
✅ Sent via Slack. Message ID: 1773305444.650669
Thu Mar 12 17:50:44 JST 2026: Posted to Slack: ¥34000
Thu Mar 12 18:20:44 JST 2026: Current lowest PSA10 = ¥34000 (prev: 34000)
✅ Sent via Slack. Message ID: 1773307247.064619
Thu Mar 12 18:20:47 JST 2026: Posted to Slack: ¥34000
Thu Mar 12 18:50:47 JST 2026: Current lowest PSA10 = ¥34000 (prev: 34000)
✅ Sent via Slack. Message ID: 1773309049.266139
Thu Mar 12 18:50:49 JST 2026: Posted to Slack: ¥34000
Thu Mar 12 19:20:49 JST 2026: Current lowest PSA10 = ¥34000 (prev: 34000)
✅ Sent via Slack. Message ID: 1773310851.560739
Thu Mar 12 19:20:51 JST 2026: Posted to Slack: ¥34000
Thu Mar 12 19:50:52 JST 2026: Current lowest PSA10 = ¥34000 (prev: 34000)
✅ Sent via Slack. Message ID: 1773312653.743159
Thu Mar 12 19:50:53 JST 2026: Posted to Slack: ¥34000
Thu Mar 12 20:20:54 JST 2026: Current lowest PSA10 = ¥34000 (prev: 34000)
✅ Sent via Slack. Message ID: 1773314456.021519
Thu Mar 12 20:20:56 JST 2026: Posted to Slack: ¥34000
Thu Mar 12 20:50:56 JST 2026: Current lowest PSA10 = ¥34000 (prev: 34000)
✅ Sent via Slack. Message ID: 1773316258.317999
Thu Mar 12 20:50:58 JST 2026: Posted to Slack: ¥34000
Thu Mar 12 21:20:58 JST 2026: Current lowest PSA10 = ¥34000 (prev: 34000)
✅ Sent via Slack. Message ID: 1773318060.623459
Thu Mar 12 21:21:00 JST 2026: Posted to Slack: ¥34000
Thu Mar 12 21:51:01 JST 2026: Current lowest PSA10 = ¥34000 (prev: 34000)
✅ Sent via Slack. Message ID: 1773319862.811499
Thu Mar 12 21:51:03 JST 2026: Posted to Slack: ¥34000
Thu Mar 12 22:21:03 JST 2026: Current lowest PSA10 = ¥34000 (prev: 34000)
✅ Sent via Slack. Message ID: 1773321665.090509
Thu Mar 12 22:21:05 JST 2026: Posted to Slack: ¥34000
Thu Mar 12 22:51:05 JST 2026: Current lowest PSA10 = ¥34000 (prev: 34000)
✅ Sent via Slack. Message ID: 1773323468.043109
Thu Mar 12 22:51:08 JST 2026: Posted to Slack: ¥34000
Thu Mar 12 23:21:08 JST 2026: Current lowest PSA10 = ¥34000 (prev: 34000)
✅ Sent via Slack. Message ID: 1773325271.044749
Thu Mar 12 23:21:11 JST 2026: Posted to Slack: ¥34000
Thu Mar 12 23:51:11 JST 2026: Current lowest PSA10 = ¥34000 (prev: 34000)
✅ Sent via Slack. Message ID: 1773327073.846949
Thu Mar 12 23:51:13 JST 2026: Posted to Slack: ¥34000
Fri Mar 13 00:21:14 JST 2026: Current lowest PSA10 = ¥33000 (prev: 34000)
✅ Sent via Slack. Message ID: 1773328876.299289
Fri Mar 13 00:21:16 JST 2026: Posted to Slack: ¥33000
Fri Mar 13 00:51:16 JST 2026: Current lowest PSA10 = ¥33000 (prev: 33000)
✅ Sent via Slack. Message ID: 1773330678.518349
Fri Mar 13 00:51:18 JST 2026: Posted to Slack: ¥33000
Fri Mar 13 01:21:18 JST 2026: Current lowest PSA10 = ¥33000 (prev: 33000)
✅ Sent via Slack. Message ID: 1773332481.501829
Fri Mar 13 01:21:21 JST 2026: Posted to Slack: ¥33000
Fri Mar 13 01:51:21 JST 2026: Current lowest PSA10 = ¥33000 (prev: 33000)
✅ Sent via Slack. Message ID: 1773334283.877619
Fri Mar 13 01:51:24 JST 2026: Posted to Slack: ¥33000
Fri Mar 13 02:21:24 JST 2026: Current lowest PSA10 = ¥33000 (prev: 33000)
✅ Sent via Slack. Message ID: 1773336086.116949
Fri Mar 13 02:21:26 JST 2026: Posted to Slack: ¥33000
Fri Mar 13 02:51:26 JST 2026: Current lowest PSA10 = ¥33000 (prev: 33000)
✅ Sent via Slack. Message ID: 1773337888.480619
Fri Mar 13 02:51:28 JST 2026: Posted to Slack: ¥33000
Fri Mar 13 03:21:28 JST 2026: Current lowest PSA10 = ¥33000 (prev: 33000)
✅ Sent via Slack. Message ID: 1773339690.660539
Fri Mar 13 03:21:30 JST 2026: Posted to Slack: ¥33000
Fri Mar 13 03:51:31 JST 2026: Current lowest PSA10 = ¥33000 (prev: 33000)
✅ Sent via Slack. Message ID: 1773341492.858069
Fri Mar 13 03:51:33 JST 2026: Posted to Slack: ¥33000
Fri Mar 13 04:21:33 JST 2026: Current lowest PSA10 = ¥33000 (prev: 33000)
✅ Sent via Slack. Message ID: 1773343295.148019
Fri Mar 13 04:21:35 JST 2026: Posted to Slack: ¥33000
Fri Mar 13 04:51:35 JST 2026: Current lowest PSA10 = ¥33000 (prev: 33000)
✅ Sent via Slack. Message ID: 1773345097.396199
Fri Mar 13 04:51:37 JST 2026: Posted to Slack: ¥33000
Fri Mar 13 05:21:37 JST 2026: Current lowest PSA10 = ¥33000 (prev: 33000)
✅ Sent via Slack. Message ID: 1773346899.516259
Fri Mar 13 05:21:39 JST 2026: Posted to Slack: ¥33000
Fri Mar 13 05:51:39 JST 2026: Current lowest PSA10 = ¥33000 (prev: 33000)
✅ Sent via Slack. Message ID: 1773348702.167809
Fri Mar 13 05:51:42 JST 2026: Posted to Slack: ¥33000
Fri Mar 13 06:21:42 JST 2026: Current lowest PSA10 = ¥33000 (prev: 33000)
✅ Sent via Slack. Message ID: 1773350505.307149
Fri Mar 13 06:21:45 JST 2026: Posted to Slack: ¥33000
Fri Mar 13 06:51:45 JST 2026: Current lowest PSA10 = ¥33000 (prev: 33000)
✅ Sent via Slack. Message ID: 1773352307.612139
Fri Mar 13 06:51:47 JST 2026: Posted to Slack: ¥33000
Fri Mar 13 07:21:47 JST 2026: Current lowest PSA10 = ¥33000 (prev: 33000)
✅ Sent via Slack. Message ID: 1773354109.574099
Fri Mar 13 07:21:49 JST 2026: Posted to Slack: ¥33000
Fri Mar 13 07:51:49 JST 2026: Current lowest PSA10 = ¥33000 (prev: 33000)
✅ Sent via Slack. Message ID: 1773355911.604379
Fri Mar 13 07:51:51 JST 2026: Posted to Slack: ¥33000
Fri Mar 13 08:21:52 JST 2026: Current lowest PSA10 = ¥33000 (prev: 33000)
✅ Sent via Slack. Message ID: 1773357713.602859
Fri Mar 13 08:21:53 JST 2026: Posted to Slack: ¥33000
Fri Mar 13 08:51:54 JST 2026: Current lowest PSA10 = ¥33000 (prev: 33000)
✅ Sent via Slack. Message ID: 1773359515.641769
Fri Mar 13 08:51:55 JST 2026: Posted to Slack: ¥33000
Fri Mar 13 09:21:56 JST 2026: Current lowest PSA10 = ¥33000 (prev: 33000)
✅ Sent via Slack. Message ID: 1773361317.703399
Fri Mar 13 09:21:57 JST 2026: Posted to Slack: ¥33000
Fri Mar 13 09:51:58 JST 2026: Current lowest PSA10 = ¥33000 (prev: 33000)
✅ Sent via Slack. Message ID: 1773363119.695969
Fri Mar 13 09:51:59 JST 2026: Posted to Slack: ¥33000
Fri Mar 13 10:22:00 JST 2026: Current lowest PSA10 = ¥33000 (prev: 33000)
✅ Sent via Slack. Message ID: 1773364921.780599
Fri Mar 13 10:22:01 JST 2026: Posted to Slack: ¥33000
Fri Mar 13 10:52:02 JST 2026: Current lowest PSA10 = ¥33000 (prev: 33000)
✅ Sent via Slack. Message ID: 1773366723.890529
Fri Mar 13 10:52:03 JST 2026: Posted to Slack: ¥33000
Fri Mar 13 11:22:04 JST 2026: Current lowest PSA10 = ¥33000 (prev: 33000)
✅ Sent via Slack. Message ID: 1773368525.877499
Fri Mar 13 11:22:06 JST 2026: Posted to Slack: ¥33000
Fri Mar 13 11:52:06 JST 2026: Current lowest PSA10 = ¥34000 (prev: 33000)
✅ Sent via Slack. Message ID: 1773370327.965099
Fri Mar 13 11:52:08 JST 2026: Posted to Slack: ¥34000
Fri Mar 13 12:22:08 JST 2026: Current lowest PSA10 = ¥34000 (prev: 34000)
✅ Sent via Slack. Message ID: 1773372129.991229
Fri Mar 13 12:22:10 JST 2026: Posted to Slack: ¥34000
Fri Mar 13 12:52:10 JST 2026: Current lowest PSA10 = ¥34000 (prev: 34000)
✅ Sent via Slack. Message ID: 1773373931.924699
Fri Mar 13 12:52:12 JST 2026: Posted to Slack: ¥34000
Fri Mar 13 13:22:12 JST 2026: Current lowest PSA10 = ¥34000 (prev: 34000)
✅ Sent via Slack. Message ID: 1773375733.850959
Fri Mar 13 13:22:14 JST 2026: Posted to Slack: ¥34000
Fri Mar 13 13:52:14 JST 2026: Current lowest PSA10 = ¥34000 (prev: 34000)
✅ Sent via Slack. Message ID: 1773377535.889409
Fri Mar 13 13:52:16 JST 2026: Posted to Slack: ¥34000
Fri Mar 13 14:22:16 JST 2026: Current lowest PSA10 = ¥34000 (prev: 34000)
✅ Sent via Slack. Message ID: 1773379337.962119
Fri Mar 13 14:22:18 JST 2026: Posted to Slack: ¥34000
Fri Mar 13 14:52:18 JST 2026: Current lowest PSA10 = ¥34000 (prev: 34000)
✅ Sent via Slack. Message ID: 1773381140.018849
Fri Mar 13 14:52:20 JST 2026: Posted to Slack: ¥34000
Fri Mar 13 15:22:20 JST 2026: Current lowest PSA10 = ¥34000 (prev: 34000)
✅ Sent via Slack. Message ID: 1773382942.004869
Fri Mar 13 15:22:22 JST 2026: Posted to Slack: ¥34000
Fri Mar 13 15:52:22 JST 2026: Current lowest PSA10 = ¥34000 (prev: 34000)
✅ Sent via Slack. Message ID: 1773384744.095909
Fri Mar 13 15:52:24 JST 2026: Posted to Slack: ¥34000
Fri Mar 13 16:22:24 JST 2026: Current lowest PSA10 = ¥34000 (prev: 34000)
✅ Sent via Slack. Message ID: 1773386546.386649
Fri Mar 13 16:22:26 JST 2026: Posted to Slack: ¥34000
Fri Mar 13 16:52:26 JST 2026: Current lowest PSA10 = ¥34000 (prev: 34000)
✅ Sent via Slack. Message ID: 1773388348.467469
Fri Mar 13 16:52:28 JST 2026: Posted to Slack: ¥34000
Fri Mar 13 17:22:28 JST 2026: Current lowest PSA10 = ¥34000 (prev: 34000)
✅ Sent via Slack. Message ID: 1773390150.828589
Fri Mar 13 17:22:31 JST 2026: Posted to Slack: ¥34000
Fri Mar 13 17:52:31 JST 2026: Current lowest PSA10 = ¥35600 (prev: 34000)
✅ Sent via Slack. Message ID: 1773391953.248509
Fri Mar 13 17:52:33 JST 2026: Posted to Slack: ¥35600
Fri Mar 13 18:22:33 JST 2026: Current lowest PSA10 = ¥35600 (prev: 35600)
✅ Sent via Slack. Message ID: 1773393755.499929
Fri Mar 13 18:22:35 JST 2026: Posted to Slack: ¥35600
Fri Mar 13 18:52:35 JST 2026: Current lowest PSA10 = ¥35600 (prev: 35600)
✅ Sent via Slack. Message ID: 1773395557.721249
Fri Mar 13 18:52:37 JST 2026: Posted to Slack: ¥35600
Fri Mar 13 19:22:38 JST 2026: Current lowest PSA10 = ¥35600 (prev: 35600)
✅ Sent via Slack. Message ID: 1773397360.071759
Fri Mar 13 19:22:40 JST 2026: Posted to Slack: ¥35600
Fri Mar 13 19:52:40 JST 2026: Current lowest PSA10 = ¥35600 (prev: 35600)
✅ Sent via Slack. Message ID: 1773399162.468989
Fri Mar 13 19:52:42 JST 2026: Posted to Slack: ¥35600
Fri Mar 13 20:22:42 JST 2026: Current lowest PSA10 = ¥35600 (prev: 35600)
✅ Sent via Slack. Message ID: 1773400964.835679
Fri Mar 13 20:22:45 JST 2026: Posted to Slack: ¥35600
Fri Mar 13 20:52:45 JST 2026: Current lowest PSA10 = ¥35600 (prev: 35600)
✅ Sent via Slack. Message ID: 1773402767.078499
Fri Mar 13 20:52:47 JST 2026: Posted to Slack: ¥35600
Fri Mar 13 21:22:47 JST 2026: Current lowest PSA10 = ¥35600 (prev: 35600)
✅ Sent via Slack. Message ID: 1773404569.400529
Fri Mar 13 21:22:49 JST 2026: Posted to Slack: ¥35600
Fri Mar 13 21:52:49 JST 2026: Current lowest PSA10 = ¥35600 (prev: 35600)
✅ Sent via Slack. Message ID: 1773406371.731919
Fri Mar 13 21:52:51 JST 2026: Posted to Slack: ¥35600
Fri Mar 13 22:22:52 JST 2026: Current lowest PSA10 = ¥35600 (prev: 35600)
✅ Sent via Slack. Message ID: 1773408173.976619
Fri Mar 13 22:22:54 JST 2026: Posted to Slack: ¥35600
Fri Mar 13 22:52:54 JST 2026: Current lowest PSA10 = ¥35000 (prev: 35600)
✅ Sent via Slack. Message ID: 1773409976.265359
Fri Mar 13 22:52:56 JST 2026: Posted to Slack: ¥35000
Fri Mar 13 23:22:56 JST 2026: Current lowest PSA10 = ¥35000 (prev: 35000)
✅ Sent via Slack. Message ID: 1773411779.195509
Fri Mar 13 23:22:59 JST 2026: Posted to Slack: ¥35000
Fri Mar 13 23:52:59 JST 2026: Current lowest PSA10 = ¥35000 (prev: 35000)
✅ Sent via Slack. Message ID: 1773413582.055679
Fri Mar 13 23:53:02 JST 2026: Posted to Slack: ¥35000
Sat Mar 14 00:23:02 JST 2026: Current lowest PSA10 = ¥35000 (prev: 35000)
✅ Sent via Slack. Message ID: 1773415384.930129
Sat Mar 14 00:23:05 JST 2026: Posted to Slack: ¥35000
Sat Mar 14 00:53:05 JST 2026: Current lowest PSA10 = ¥34800 (prev: 35000)
✅ Sent via Slack. Message ID: 1773417187.324859
Sat Mar 14 00:53:07 JST 2026: Posted to Slack: ¥34800
Sat Mar 14 01:23:07 JST 2026: Current lowest PSA10 = ¥34800 (prev: 34800)
✅ Sent via Slack. Message ID: 1773418989.553629
Sat Mar 14 01:23:09 JST 2026: Posted to Slack: ¥34800
Sat Mar 14 01:53:09 JST 2026: Current lowest PSA10 = ¥34800 (prev: 34800)
✅ Sent via Slack. Message ID: 1773420791.540499
Sat Mar 14 01:53:11 JST 2026: Posted to Slack: ¥34800
Sat Mar 14 02:23:11 JST 2026: Current lowest PSA10 = ¥34800 (prev: 34800)
✅ Sent via Slack. Message ID: 1773422593.880769
Sat Mar 14 02:23:14 JST 2026: Posted to Slack: ¥34800
Sat Mar 14 02:53:14 JST 2026: Current lowest PSA10 = ¥34800 (prev: 34800)
✅ Sent via Slack. Message ID: 1773424396.236149
Sat Mar 14 02:53:16 JST 2026: Posted to Slack: ¥34800
Sat Mar 14 03:23:16 JST 2026: Current lowest PSA10 = ¥34800 (prev: 34800)
✅ Sent via Slack. Message ID: 1773426198.375259
Sat Mar 14 03:23:18 JST 2026: Posted to Slack: ¥34800
Sat Mar 14 03:53:18 JST 2026: Current lowest PSA10 = ¥34800 (prev: 34800)
✅ Sent via Slack. Message ID: 1773428000.505809
Sat Mar 14 03:53:20 JST 2026: Posted to Slack: ¥34800
Sat Mar 14 04:23:20 JST 2026: Current lowest PSA10 = ¥34800 (prev: 34800)
✅ Sent via Slack. Message ID: 1773429802.702569
Sat Mar 14 04:23:22 JST 2026: Posted to Slack: ¥34800
Sat Mar 14 04:53:23 JST 2026: Current lowest PSA10 = ¥34800 (prev: 34800)
✅ Sent via Slack. Message ID: 1773431604.832969
Sat Mar 14 04:53:25 JST 2026: Posted to Slack: ¥34800
Sat Mar 14 05:23:25 JST 2026: Current lowest PSA10 = ¥34800 (prev: 34800)
✅ Sent via Slack. Message ID: 1773433407.064259
Sat Mar 14 05:23:27 JST 2026: Posted to Slack: ¥34800
Sat Mar 14 05:53:27 JST 2026: Current lowest PSA10 = ¥34800 (prev: 34800)
✅ Sent via Slack. Message ID: 1773435209.254519
Sat Mar 14 05:53:29 JST 2026: Posted to Slack: ¥34800
Sat Mar 14 06:23:29 JST 2026: Current lowest PSA10 = ¥34800 (prev: 34800)
✅ Sent via Slack. Message ID: 1773437011.533019
Sat Mar 14 06:23:31 JST 2026: Posted to Slack: ¥34800
Sat Mar 14 06:53:31 JST 2026: Current lowest PSA10 = ¥34800 (prev: 34800)
✅ Sent via Slack. Message ID: 1773438813.689589
Sat Mar 14 06:53:33 JST 2026: Posted to Slack: ¥34800
Sat Mar 14 07:23:34 JST 2026: Current lowest PSA10 = ¥34800 (prev: 34800)
✅ Sent via Slack. Message ID: 1773440615.653659
Sat Mar 14 07:23:35 JST 2026: Posted to Slack: ¥34800
Sat Mar 14 07:53:36 JST 2026: Current lowest PSA10 = ¥34800 (prev: 34800)
✅ Sent via Slack. Message ID: 1773442417.719039
Sat Mar 14 07:53:37 JST 2026: Posted to Slack: ¥34800
Sat Mar 14 08:23:38 JST 2026: Current lowest PSA10 = ¥34800 (prev: 34800)
✅ Sent via Slack. Message ID: 1773444219.999419
Sat Mar 14 08:23:40 JST 2026: Posted to Slack: ¥34800
Sat Mar 14 08:53:40 JST 2026: Current lowest PSA10 = ¥34000 (prev: 34800)
✅ Sent via Slack. Message ID: 1773446022.111299
Sat Mar 14 08:53:42 JST 2026: Posted to Slack: ¥34000
Sat Mar 14 09:23:42 JST 2026: Current lowest PSA10 = ¥34000 (prev: 34000)
✅ Sent via Slack. Message ID: 1773447824.152809
Sat Mar 14 09:23:44 JST 2026: Posted to Slack: ¥34000
Sat Mar 14 09:53:44 JST 2026: Current lowest PSA10 = ¥34000 (prev: 34000)
✅ Sent via Slack. Message ID: 1773449626.201159
Sat Mar 14 09:53:46 JST 2026: Posted to Slack: ¥34000
Sat Mar 14 10:23:46 JST 2026: Current lowest PSA10 = ¥34000 (prev: 34000)
✅ Sent via Slack. Message ID: 1773451429.119559
Sat Mar 14 10:23:49 JST 2026: Posted to Slack: ¥34000
Sat Mar 14 10:53:49 JST 2026: Current lowest PSA10 = ¥34000 (prev: 34000)
✅ Sent via Slack. Message ID: 1773453231.508979
Sat Mar 14 10:53:51 JST 2026: Posted to Slack: ¥34000
Sat Mar 14 11:23:51 JST 2026: Current lowest PSA10 = ¥34000 (prev: 34000)
✅ Sent via Slack. Message ID: 1773455033.654669
Sat Mar 14 11:23:53 JST 2026: Posted to Slack: ¥34000
Sat Mar 14 11:53:54 JST 2026: Current lowest PSA10 = ¥34000 (prev: 34000)
✅ Sent via Slack. Message ID: 1773456835.673659
Sat Mar 14 11:53:55 JST 2026: Posted to Slack: ¥34000
Sat Mar 14 12:23:56 JST 2026: Current lowest PSA10 = ¥33000 (prev: 34000)
✅ Sent via Slack. Message ID: 1773458637.771669
Sat Mar 14 12:23:57 JST 2026: Posted to Slack: ¥33000
Sat Mar 14 12:53:58 JST 2026: Current lowest PSA10 = ¥33000 (prev: 33000)
✅ Sent via Slack. Message ID: 1773460439.904759
Sat Mar 14 12:54:00 JST 2026: Posted to Slack: ¥33000
Sat Mar 14 13:24:00 JST 2026: Current lowest PSA10 = ¥33000 (prev: 33000)
✅ Sent via Slack. Message ID: 1773462242.115259
Sat Mar 14 13:24:02 JST 2026: Posted to Slack: ¥33000
Sat Mar 14 13:54:02 JST 2026: Current lowest PSA10 = ¥33000 (prev: 33000)
✅ Sent via Slack. Message ID: 1773464044.122129
Sat Mar 14 13:54:04 JST 2026: Posted to Slack: ¥33000
Sat Mar 14 14:24:04 JST 2026: Current lowest PSA10 = ¥33000 (prev: 33000)
✅ Sent via Slack. Message ID: 1773465846.209469
Sat Mar 14 14:24:06 JST 2026: Posted to Slack: ¥33000
Sat Mar 14 14:54:06 JST 2026: Current lowest PSA10 = ¥34700 (prev: 33000)
✅ Sent via Slack. Message ID: 1773467648.457959
Sat Mar 14 14:54:08 JST 2026: Posted to Slack: ¥34700
Sat Mar 14 15:24:08 JST 2026: Current lowest PSA10 = ¥34700 (prev: 34700)
✅ Sent via Slack. Message ID: 1773469450.526649
Sat Mar 14 15:24:10 JST 2026: Posted to Slack: ¥34700
Sat Mar 14 15:54:10 JST 2026: Current lowest PSA10 = ¥34700 (prev: 34700)
✅ Sent via Slack. Message ID: 1773471252.662939
Sat Mar 14 15:54:12 JST 2026: Posted to Slack: ¥34700
Sat Mar 14 16:24:13 JST 2026: Current lowest PSA10 = ¥34700 (prev: 34700)
✅ Sent via Slack. Message ID: 1773473054.765839
Sat Mar 14 16:24:14 JST 2026: Posted to Slack: ¥34700
Sat Mar 14 16:54:15 JST 2026: Current lowest PSA10 = ¥33500 (prev: 34700)
✅ Sent via Slack. Message ID: 1773474856.863339
Sat Mar 14 16:54:17 JST 2026: Posted to Slack: ¥33500
Sat Mar 14 17:24:17 JST 2026: Current lowest PSA10 = ¥33500 (prev: 33500)
✅ Sent via Slack. Message ID: 1773476660.128739
Sat Mar 14 17:24:20 JST 2026: Posted to Slack: ¥33500
Sat Mar 14 17:54:20 JST 2026: Current lowest PSA10 = ¥33500 (prev: 33500)
✅ Sent via Slack. Message ID: 1773478463.114869
Sat Mar 14 17:54:23 JST 2026: Posted to Slack: ¥33500
Sat Mar 14 18:24:23 JST 2026: Current lowest PSA10 = ¥33500 (prev: 33500)
✅ Sent via Slack. Message ID: 1773480266.146779
Sat Mar 14 18:24:26 JST 2026: Posted to Slack: ¥33500
Sat Mar 14 18:54:26 JST 2026: Current lowest PSA10 = ¥33500 (prev: 33500)
✅ Sent via Slack. Message ID: 1773482069.091669
Sat Mar 14 18:54:29 JST 2026: Posted to Slack: ¥33500
Sat Mar 14 19:24:29 JST 2026: Current lowest PSA10 = ¥33500 (prev: 33500)
✅ Sent via Slack. Message ID: 1773483872.142619
Sat Mar 14 19:24:32 JST 2026: Posted to Slack: ¥33500
Sat Mar 14 19:54:32 JST 2026: Current lowest PSA10 = ¥33500 (prev: 33500)
✅ Sent via Slack. Message ID: 1773485675.338849
Sat Mar 14 19:54:35 JST 2026: Posted to Slack: ¥33500
Sat Mar 14 20:24:35 JST 2026: Current lowest PSA10 = ¥33200 (prev: 33500)
✅ Sent via Slack. Message ID: 1773487478.420939
Sat Mar 14 20:24:38 JST 2026: Posted to Slack: ¥33200
Sat Mar 14 20:54:38 JST 2026: Current lowest PSA10 = ¥33200 (prev: 33200)
✅ Sent via Slack. Message ID: 1773489281.640359
Sat Mar 14 20:54:41 JST 2026: Posted to Slack: ¥33200
Sat Mar 14 21:24:42 JST 2026: Current lowest PSA10 = ¥33200 (prev: 33200)
✅ Sent via Slack. Message ID: 1773491084.763499
Sat Mar 14 21:24:44 JST 2026: Posted to Slack: ¥33200
Sat Mar 14 21:54:45 JST 2026: Current lowest PSA10 = ¥33200 (prev: 33200)
✅ Sent via Slack. Message ID: 1773492887.903369
Sat Mar 14 21:54:48 JST 2026: Posted to Slack: ¥33200
Sat Mar 14 22:24:48 JST 2026: Current lowest PSA10 = ¥33200 (prev: 33200)
✅ Sent via Slack. Message ID: 1773494690.857899
Sat Mar 14 22:24:51 JST 2026: Posted to Slack: ¥33200
Sat Mar 14 22:54:51 JST 2026: Current lowest PSA10 = ¥33200 (prev: 33200)
✅ Sent via Slack. Message ID: 1773496493.831849
Sat Mar 14 22:54:54 JST 2026: Posted to Slack: ¥33200
Sat Mar 14 23:24:54 JST 2026: Current lowest PSA10 = ¥33200 (prev: 33200)
✅ Sent via Slack. Message ID: 1773498297.042779
Sat Mar 14 23:24:57 JST 2026: Posted to Slack: ¥33200
Sat Mar 14 23:54:57 JST 2026: Current lowest PSA10 = ¥33000 (prev: 33200)
✅ Sent via Slack. Message ID: 1773500100.275949
Sat Mar 14 23:55:00 JST 2026: Posted to Slack: ¥33000
Sun Mar 15 00:25:00 JST 2026: Current lowest PSA10 = ¥33000 (prev: 33000)
✅ Sent via Slack. Message ID: 1773501903.350139
Sun Mar 15 00:25:03 JST 2026: Posted to Slack: ¥33000
Sun Mar 15 00:55:03 JST 2026: Current lowest PSA10 = ¥33000 (prev: 33000)
✅ Sent via Slack. Message ID: 1773503706.522949
Sun Mar 15 00:55:06 JST 2026: Posted to Slack: ¥33000
Sun Mar 15 01:25:06 JST 2026: Current lowest PSA10 = ¥33000 (prev: 33000)
✅ Sent via Slack. Message ID: 1773505509.606829
Sun Mar 15 01:25:09 JST 2026: Posted to Slack: ¥33000
Sun Mar 15 01:55:09 JST 2026: Current lowest PSA10 = ¥33000 (prev: 33000)
✅ Sent via Slack. Message ID: 1773507312.735309
Sun Mar 15 01:55:12 JST 2026: Posted to Slack: ¥33000
Sun Mar 15 02:25:13 JST 2026: Current lowest PSA10 = ¥33000 (prev: 33000)
✅ Sent via Slack. Message ID: 1773509115.799869
Sun Mar 15 02:25:15 JST 2026: Posted to Slack: ¥33000
Sun Mar 15 02:55:16 JST 2026: Current lowest PSA10 = ¥33000 (prev: 33000)
✅ Sent via Slack. Message ID: 1773510921.755339
Sun Mar 15 02:55:21 JST 2026: Posted to Slack: ¥33000
Sun Mar 15 03:25:22 JST 2026: Current lowest PSA10 = ¥33000 (prev: 33000)
✅ Sent via Slack. Message ID: 1773512724.881369
Sun Mar 15 03:25:25 JST 2026: Posted to Slack: ¥33000
Sun Mar 15 03:55:25 JST 2026: Current lowest PSA10 = ¥33000 (prev: 33000)
✅ Sent via Slack. Message ID: 1773514528.054379
Sun Mar 15 03:55:28 JST 2026: Posted to Slack: ¥33000
Sun Mar 15 04:25:28 JST 2026: Current lowest PSA10 = ¥33000 (prev: 33000)
✅ Sent via Slack. Message ID: 1773516331.084819
Sun Mar 15 04:25:31 JST 2026: Posted to Slack: ¥33000
Sun Mar 15 04:55:31 JST 2026: Current lowest PSA10 = ¥33000 (prev: 33000)
✅ Sent via Slack. Message ID: 1773518134.336839
Sun Mar 15 04:55:34 JST 2026: Posted to Slack: ¥33000
Sun Mar 15 05:25:34 JST 2026: Current lowest PSA10 = ¥33000 (prev: 33000)
✅ Sent via Slack. Message ID: 1773519937.369169
Sun Mar 15 05:25:37 JST 2026: Posted to Slack: ¥33000
Sun Mar 15 05:55:37 JST 2026: Current lowest PSA10 = ¥33000 (prev: 33000)
✅ Sent via Slack. Message ID: 1773521740.499489
Sun Mar 15 05:55:40 JST 2026: Posted to Slack: ¥33000
Sun Mar 15 06:25:40 JST 2026: Current lowest PSA10 = ¥33000 (prev: 33000)
✅ Sent via Slack. Message ID: 1773523543.503379
Sun Mar 15 06:25:43 JST 2026: Posted to Slack: ¥33000
Sun Mar 15 06:55:43 JST 2026: Current lowest PSA10 = ¥33000 (prev: 33000)
✅ Sent via Slack. Message ID: 1773525346.830389
Sun Mar 15 06:55:47 JST 2026: Posted to Slack: ¥33000
Sun Mar 15 07:25:47 JST 2026: Current lowest PSA10 = ¥33000 (prev: 33000)
✅ Sent via Slack. Message ID: 1773527150.049139
Sun Mar 15 07:25:50 JST 2026: Posted to Slack: ¥33000
Sun Mar 15 07:55:50 JST 2026: Current lowest PSA10 = ¥33000 (prev: 33000)
✅ Sent via Slack. Message ID: 1773528953.205409
Sun Mar 15 07:55:53 JST 2026: Posted to Slack: ¥33000
Sun Mar 15 08:25:53 JST 2026: Current lowest PSA10 = ¥32900 (prev: 33000)
✅ Sent via Slack. Message ID: 1773530756.326719
Sun Mar 15 08:25:56 JST 2026: Posted to Slack: ¥32900
Sun Mar 15 08:55:56 JST 2026: Current lowest PSA10 = ¥33000 (prev: 32900)
✅ Sent via Slack. Message ID: 1773532559.456929
Sun Mar 15 08:55:59 JST 2026: Posted to Slack: ¥33000
Sun Mar 15 09:25:59 JST 2026: Current lowest PSA10 = ¥33000 (prev: 33000)
✅ Sent via Slack. Message ID: 1773534362.538319
Sun Mar 15 09:26:02 JST 2026: Posted to Slack: ¥33000
Sun Mar 15 09:55:58 JST 2026: Current lowest PSA10 = ¥33000 (prev: 33000)
✅ Sent via Slack. Message ID: 1773536165.512289
Sun Mar 15 09:56:01 JST 2026: Posted to Slack: ¥33000
Sun Mar 15 10:26:05 JST 2026: Current lowest PSA10 = ¥33000 (prev: 33000)
✅ Sent via Slack. Message ID: 1773537968.481849
Sun Mar 15 10:26:08 JST 2026: Posted to Slack: ¥33000
Sun Mar 15 10:56:08 JST 2026: Current lowest PSA10 = ¥33000 (prev: 33000)
✅ Sent via Slack. Message ID: 1773539771.689089
Sun Mar 15 10:56:11 JST 2026: Posted to Slack: ¥33000
Sun Mar 15 11:26:12 JST 2026: Current lowest PSA10 = ¥33000 (prev: 33000)
✅ Sent via Slack. Message ID: 1773541574.765099
Sun Mar 15 11:26:14 JST 2026: Posted to Slack: ¥33000
Sun Mar 15 11:56:15 JST 2026: Current lowest PSA10 = ¥36000 (prev: 33000)
✅ Sent via Slack. Message ID: 1773543377.808029
Sun Mar 15 11:56:17 JST 2026: Posted to Slack: ¥36000
Sun Mar 15 12:26:18 JST 2026: Current lowest PSA10 = ¥37000 (prev: 36000)
✅ Sent via Slack. Message ID: 1773545180.822349
Sun Mar 15 12:26:20 JST 2026: Posted to Slack: ¥37000
Sun Mar 15 12:56:21 JST 2026: Current lowest PSA10 = ¥37000 (prev: 37000)
✅ Sent via Slack. Message ID: 1773546984.022959
Sun Mar 15 12:56:24 JST 2026: Posted to Slack: ¥37000
Sun Mar 15 13:26:24 JST 2026: Current lowest PSA10 = ¥37000 (prev: 37000)
✅ Sent via Slack. Message ID: 1773548787.045319
Sun Mar 15 13:26:27 JST 2026: Posted to Slack: ¥37000
Sun Mar 15 13:56:27 JST 2026: Current lowest PSA10 = ¥37000 (prev: 37000)
✅ Sent via Slack. Message ID: 1773550590.089089
Sun Mar 15 13:56:30 JST 2026: Posted to Slack: ¥37000
Sun Mar 15 14:26:30 JST 2026: Current lowest PSA10 = ¥37000 (prev: 37000)
✅ Sent via Slack. Message ID: 1773552393.166279
Sun Mar 15 14:26:33 JST 2026: Posted to Slack: ¥37000
Sun Mar 15 14:56:33 JST 2026: Current lowest PSA10 = ¥37000 (prev: 37000)
✅ Sent via Slack. Message ID: 1773554196.304509
Sun Mar 15 14:56:36 JST 2026: Posted to Slack: ¥37000
Sun Mar 15 15:26:36 JST 2026: Current lowest PSA10 = ¥45000 (prev: 37000)
✅ Sent via Slack. Message ID: 1773555999.454009
Sun Mar 15 15:26:39 JST 2026: Posted to Slack: ¥45000
Sun Mar 15 15:56:39 JST 2026: Current lowest PSA10 = ¥48500 (prev: 45000)
✅ Sent via Slack. Message ID: 1773557803.127029
Sun Mar 15 15:56:43 JST 2026: Posted to Slack: ¥48500
Sun Mar 15 16:26:43 JST 2026: Current lowest PSA10 = ¥45999 (prev: 48500)
✅ Sent via Slack. Message ID: 1773559606.297209
Sun Mar 15 16:26:46 JST 2026: Posted to Slack: ¥45999
Sun Mar 15 16:56:46 JST 2026: Current lowest PSA10 = ¥44000 (prev: 45999)
✅ Sent via Slack. Message ID: 1773561409.573199
Sun Mar 15 16:56:49 JST 2026: Posted to Slack: ¥44000
Sun Mar 15 17:26:49 JST 2026: Current lowest PSA10 = ¥47000 (prev: 44000)
✅ Sent via Slack. Message ID: 1773563212.577559
Sun Mar 15 17:26:52 JST 2026: Posted to Slack: ¥47000
Sun Mar 15 17:56:52 JST 2026: Current lowest PSA10 = ¥45999 (prev: 47000)
✅ Sent via Slack. Message ID: 1773565015.631269
Sun Mar 15 17:56:55 JST 2026: Posted to Slack: ¥45999
Sun Mar 15 18:26:56 JST 2026: Current lowest PSA10 = ¥45500 (prev: 45999)
✅ Sent via Slack. Message ID: 1773566818.757439
Sun Mar 15 18:26:58 JST 2026: Posted to Slack: ¥45500
Sun Mar 15 18:56:59 JST 2026: Current lowest PSA10 = ¥44500 (prev: 45500)
✅ Sent via Slack. Message ID: 1773568621.862119
Sun Mar 15 18:57:02 JST 2026: Posted to Slack: ¥44500
Sun Mar 15 19:27:02 JST 2026: Current lowest PSA10 = ¥44500 (prev: 44500)
✅ Sent via Slack. Message ID: 1773570426.250459
Sun Mar 15 19:27:06 JST 2026: Posted to Slack: ¥44500
Sun Mar 15 19:57:06 JST 2026: Current lowest PSA10 = ¥43000 (prev: 44500)
✅ Sent via Slack. Message ID: 1773572229.486089
Sun Mar 15 19:57:09 JST 2026: Posted to Slack: ¥43000
Sun Mar 15 20:27:09 JST 2026: Current lowest PSA10 = ¥44500 (prev: 43000)
✅ Sent via Slack. Message ID: 1773574032.560219
Sun Mar 15 20:27:12 JST 2026: Posted to Slack: ¥44500
Sun Mar 15 20:57:12 JST 2026: Current lowest PSA10 = ¥45000 (prev: 44500)
✅ Sent via Slack. Message ID: 1773575835.587349
Sun Mar 15 20:57:15 JST 2026: Posted to Slack: ¥45000
Sun Mar 15 21:27:15 JST 2026: Current lowest PSA10 = ¥45000 (prev: 45000)
✅ Sent via Slack. Message ID: 1773577638.659179
Sun Mar 15 21:27:18 JST 2026: Posted to Slack: ¥45000
Sun Mar 15 21:57:18 JST 2026: Current lowest PSA10 = ¥45000 (prev: 45000)
✅ Sent via Slack. Message ID: 1773579441.663089
Sun Mar 15 21:57:21 JST 2026: Posted to Slack: ¥45000
Sun Mar 15 22:27:21 JST 2026: Current lowest PSA10 = ¥45000 (prev: 45000)
✅ Sent via Slack. Message ID: 1773581244.616749
Sun Mar 15 22:27:24 JST 2026: Posted to Slack: ¥45000
Sun Mar 15 22:57:24 JST 2026: Current lowest PSA10 = ¥43800 (prev: 45000)
✅ Sent via Slack. Message ID: 1773583047.808259
Sun Mar 15 22:57:27 JST 2026: Posted to Slack: ¥43800
Sun Mar 15 23:27:28 JST 2026: Current lowest PSA10 = ¥43800 (prev: 43800)
✅ Sent via Slack. Message ID: 1773584850.812269
Sun Mar 15 23:27:30 JST 2026: Posted to Slack: ¥43800
Sun Mar 15 23:57:31 JST 2026: Current lowest PSA10 = ¥43500 (prev: 43800)
✅ Sent via Slack. Message ID: 1773586653.996169
Sun Mar 15 23:57:34 JST 2026: Posted to Slack: ¥43500
Mon Mar 16 00:27:34 JST 2026: Current lowest PSA10 = ¥43500 (prev: 43500)
✅ Sent via Slack. Message ID: 1773588457.000099
Mon Mar 16 00:27:37 JST 2026: Posted to Slack: ¥43500
Mon Mar 16 00:57:37 JST 2026: Current lowest PSA10 = ¥43500 (prev: 43500)
✅ Sent via Slack. Message ID: 1773590260.970789
Mon Mar 16 00:57:41 JST 2026: Posted to Slack: ¥43500
Mon Mar 16 01:27:41 JST 2026: Current lowest PSA10 = ¥43500 (prev: 43500)
✅ Sent via Slack. Message ID: 1773592064.804489
Mon Mar 16 01:27:45 JST 2026: Posted to Slack: ¥43500
Mon Mar 16 01:57:45 JST 2026: Current lowest PSA10 = ¥43000 (prev: 43500)
✅ Sent via Slack. Message ID: 1773593868.909819
Mon Mar 16 01:57:49 JST 2026: Posted to Slack: ¥43000
Mon Mar 16 02:27:49 JST 2026: Current lowest PSA10 = ¥43000 (prev: 43000)
✅ Sent via Slack. Message ID: 1773595672.972339
Mon Mar 16 02:27:53 JST 2026: Posted to Slack: ¥43000
Mon Mar 16 02:57:53 JST 2026: Current lowest PSA10 = ¥43000 (prev: 43000)
✅ Sent via Slack. Message ID: 1773597477.013419
Mon Mar 16 02:57:57 JST 2026: Posted to Slack: ¥43000
Mon Mar 16 03:27:57 JST 2026: Current lowest PSA10 = ¥43000 (prev: 43000)
✅ Sent via Slack. Message ID: 1773599281.044359
Mon Mar 16 03:28:01 JST 2026: Posted to Slack: ¥43000
Mon Mar 16 03:58:01 JST 2026: Current lowest PSA10 = ¥43000 (prev: 43000)
✅ Sent via Slack. Message ID: 1773601085.103049
Mon Mar 16 03:58:05 JST 2026: Posted to Slack: ¥43000
Mon Mar 16 04:28:05 JST 2026: Current lowest PSA10 = ¥43000 (prev: 43000)
✅ Sent via Slack. Message ID: 1773602889.139129
Mon Mar 16 04:28:09 JST 2026: Posted to Slack: ¥43000
Mon Mar 16 04:58:09 JST 2026: Current lowest PSA10 = ¥42800 (prev: 43000)
✅ Sent via Slack. Message ID: 1773604693.197309
Mon Mar 16 04:58:13 JST 2026: Posted to Slack: ¥42800
Mon Mar 16 05:28:13 JST 2026: Current lowest PSA10 = ¥42800 (prev: 42800)
✅ Sent via Slack. Message ID: 1773606497.195669
Mon Mar 16 05:28:17 JST 2026: Posted to Slack: ¥42800
Mon Mar 16 05:58:17 JST 2026: Current lowest PSA10 = ¥42800 (prev: 42800)
✅ Sent via Slack. Message ID: 1773608301.348929
Mon Mar 16 05:58:21 JST 2026: Posted to Slack: ¥42800
Mon Mar 16 06:28:21 JST 2026: Current lowest PSA10 = ¥42800 (prev: 42800)
✅ Sent via Slack. Message ID: 1773610105.422679
Mon Mar 16 06:28:25 JST 2026: Posted to Slack: ¥42800
Mon Mar 16 06:58:25 JST 2026: Current lowest PSA10 = ¥42800 (prev: 42800)
✅ Sent via Slack. Message ID: 1773611909.398019
Mon Mar 16 06:58:29 JST 2026: Posted to Slack: ¥42800
Mon Mar 16 07:28:29 JST 2026: Current lowest PSA10 = ¥42800 (prev: 42800)
✅ Sent via Slack. Message ID: 1773613713.520669
Mon Mar 16 07:28:33 JST 2026: Posted to Slack: ¥42800
Mon Mar 16 07:58:34 JST 2026: Current lowest PSA10 = ¥42800 (prev: 42800)
✅ Sent via Slack. Message ID: 1773615517.361189
Mon Mar 16 07:58:37 JST 2026: Posted to Slack: ¥42800
Mon Mar 16 08:28:37 JST 2026: Current lowest PSA10 = ¥42500 (prev: 42800)
✅ Sent via Slack. Message ID: 1773617321.388659
Mon Mar 16 08:28:41 JST 2026: Posted to Slack: ¥42500
Mon Mar 16 08:58:41 JST 2026: Current lowest PSA10 = ¥42600 (prev: 42500)
✅ Sent via Slack. Message ID: 1773619125.206279
Mon Mar 16 08:58:45 JST 2026: Posted to Slack: ¥42600
Mon Mar 16 09:28:45 JST 2026: Current lowest PSA10 = ¥43500 (prev: 42600)
✅ Sent via Slack. Message ID: 1773620929.072299
Mon Mar 16 09:28:49 JST 2026: Posted to Slack: ¥43500
Mon Mar 16 09:58:49 JST 2026: Current lowest PSA10 = ¥44500 (prev: 43500)
✅ Sent via Slack. Message ID: 1773622733.159089
Mon Mar 16 09:58:53 JST 2026: Posted to Slack: ¥44500
Mon Mar 16 10:28:53 JST 2026: Current lowest PSA10 = ¥44444 (prev: 44500)
✅ Sent via Slack. Message ID: 1773624536.674999
Mon Mar 16 10:28:57 JST 2026: Posted to Slack: ¥44444
Mon Mar 16 10:58:57 JST 2026: Current lowest PSA10 = ¥44444 (prev: 44444)
✅ Sent via Slack. Message ID: 1773626340.844039
Mon Mar 16 10:59:01 JST 2026: Posted to Slack: ¥44444
Mon Mar 16 11:29:01 JST 2026: Current lowest PSA10 = ¥44444 (prev: 44444)
✅ Sent via Slack. Message ID: 1773628144.709449
Mon Mar 16 11:29:04 JST 2026: Posted to Slack: ¥44444
Mon Mar 16 11:59:05 JST 2026: Current lowest PSA10 = ¥44000 (prev: 44444)
✅ Sent via Slack. Message ID: 1773629948.613389
Mon Mar 16 11:59:08 JST 2026: Posted to Slack: ¥44000
Mon Mar 16 12:29:09 JST 2026: Current lowest PSA10 = ¥45000 (prev: 44000)
✅ Sent via Slack. Message ID: 1773631752.511409
Mon Mar 16 12:29:12 JST 2026: Posted to Slack: ¥45000
Mon Mar 16 12:59:12 JST 2026: Current lowest PSA10 = ¥45000 (prev: 45000)
✅ Sent via Slack. Message ID: 1773633556.483239
Mon Mar 16 12:59:16 JST 2026: Posted to Slack: ¥45000
Mon Mar 16 13:29:16 JST 2026: Current lowest PSA10 = ¥45000 (prev: 45000)
✅ Sent via Slack. Message ID: 1773635360.343489
Mon Mar 16 13:29:20 JST 2026: Posted to Slack: ¥45000
Mon Mar 16 13:59:20 JST 2026: Current lowest PSA10 = ¥44800 (prev: 45000)
✅ Sent via Slack. Message ID: 1773637164.414379
Mon Mar 16 13:59:24 JST 2026: Posted to Slack: ¥44800
Mon Mar 16 14:29:24 JST 2026: Current lowest PSA10 = ¥44800 (prev: 44800)
✅ Sent via Slack. Message ID: 1773638968.317509
Mon Mar 16 14:29:28 JST 2026: Posted to Slack: ¥44800
Mon Mar 16 14:59:28 JST 2026: Current lowest PSA10 = ¥45500 (prev: 44800)
✅ Sent via Slack. Message ID: 1773640772.347559
Mon Mar 16 14:59:32 JST 2026: Posted to Slack: ¥45500
Mon Mar 16 15:29:32 JST 2026: Current lowest PSA10 = ¥45500 (prev: 45500)
✅ Sent via Slack. Message ID: 1773642576.473529
Mon Mar 16 15:29:36 JST 2026: Posted to Slack: ¥45500
Mon Mar 16 15:59:36 JST 2026: Current lowest PSA10 = ¥45500 (prev: 45500)
✅ Sent via Slack. Message ID: 1773644380.421879
Mon Mar 16 15:59:40 JST 2026: Posted to Slack: ¥45500
Mon Mar 16 16:29:40 JST 2026: Current lowest PSA10 = ¥44499 (prev: 45500)
✅ Sent via Slack. Message ID: 1773646184.375279
Mon Mar 16 16:29:44 JST 2026: Posted to Slack: ¥44499
Mon Mar 16 16:59:44 JST 2026: Current lowest PSA10 = ¥44499 (prev: 44499)
✅ Sent via Slack. Message ID: 1773647988.407809
Mon Mar 16 16:59:48 JST 2026: Posted to Slack: ¥44499
Mon Mar 16 17:29:48 JST 2026: Current lowest PSA10 = ¥44499 (prev: 44499)
✅ Sent via Slack. Message ID: 1773649792.349939
Mon Mar 16 17:29:52 JST 2026: Posted to Slack: ¥44499
Mon Mar 16 17:59:52 JST 2026: Current lowest PSA10 = ¥44499 (prev: 44499)
✅ Sent via Slack. Message ID: 1773651597.193569
Mon Mar 16 17:59:57 JST 2026: Posted to Slack: ¥44499
Mon Mar 16 18:29:57 JST 2026: Current lowest PSA10 = ¥45000 (prev: 44499)
✅ Sent via Slack. Message ID: 1773653401.180299
Mon Mar 16 18:30:01 JST 2026: Posted to Slack: ¥45000
Mon Mar 16 19:00:01 JST 2026: Current lowest PSA10 = ¥45000 (prev: 45000)
✅ Sent via Slack. Message ID: 1773655205.596319
Mon Mar 16 19:00:05 JST 2026: Posted to Slack: ¥45000
Mon Mar 16 19:30:05 JST 2026: Current lowest PSA10 = ¥44800 (prev: 45000)
✅ Sent via Slack. Message ID: 1773657009.967489
Mon Mar 16 19:30:10 JST 2026: Posted to Slack: ¥44800
Mon Mar 16 20:00:10 JST 2026: Current lowest PSA10 = ¥44800 (prev: 44800)
✅ Sent via Slack. Message ID: 1773658813.918929
Mon Mar 16 20:00:14 JST 2026: Posted to Slack: ¥44800
Mon Mar 16 20:30:14 JST 2026: Current lowest PSA10 = ¥44800 (prev: 44800)
✅ Sent via Slack. Message ID: 1773660618.209049
Mon Mar 16 20:30:18 JST 2026: Posted to Slack: ¥44800
Mon Mar 16 21:00:16 JST 2026: Current lowest PSA10 = ¥44800 (prev: 44800)
✅ Sent via Slack. Message ID: 1773662422.168639
Mon Mar 16 21:00:20 JST 2026: Posted to Slack: ¥44800
Mon Mar 16 21:30:22 JST 2026: Current lowest PSA10 = ¥44000 (prev: 44800)
✅ Sent via Slack. Message ID: 1773664226.084439
Mon Mar 16 21:30:26 JST 2026: Posted to Slack: ¥44000
Mon Mar 16 22:00:26 JST 2026: Current lowest PSA10 = ¥44000 (prev: 44000)
✅ Sent via Slack. Message ID: 1773666029.995069
Mon Mar 16 22:00:30 JST 2026: Posted to Slack: ¥44000
Mon Mar 16 22:30:30 JST 2026: Current lowest PSA10 = ¥44800 (prev: 44000)
✅ Sent via Slack. Message ID: 1773667834.360569
Mon Mar 16 22:30:34 JST 2026: Posted to Slack: ¥44800
Mon Mar 16 23:00:34 JST 2026: Current lowest PSA10 = ¥44000 (prev: 44800)
✅ Sent via Slack. Message ID: 1773669638.533829
Mon Mar 16 23:00:38 JST 2026: Posted to Slack: ¥44000
Mon Mar 16 23:30:39 JST 2026: Current lowest PSA10 = ¥43000 (prev: 44000)
✅ Sent via Slack. Message ID: 1773671442.505519
Mon Mar 16 23:30:42 JST 2026: Posted to Slack: ¥43000
Tue Mar 17 00:00:43 JST 2026: Current lowest PSA10 = ¥43000 (prev: 43000)
✅ Sent via Slack. Message ID: 1773673246.559309
Tue Mar 17 00:00:46 JST 2026: Posted to Slack: ¥43000
Tue Mar 17 00:30:47 JST 2026: Current lowest PSA10 = ¥44800 (prev: 43000)
✅ Sent via Slack. Message ID: 1773675050.519069
Tue Mar 17 00:30:50 JST 2026: Posted to Slack: ¥44800
Tue Mar 17 01:00:50 JST 2026: Current lowest PSA10 = ¥44800 (prev: 44800)
✅ Sent via Slack. Message ID: 1773676854.745939
Tue Mar 17 01:00:54 JST 2026: Posted to Slack: ¥44800
Tue Mar 17 01:30:55 JST 2026: Current lowest PSA10 = ¥44800 (prev: 44800)
✅ Sent via Slack. Message ID: 1773678658.693059
Tue Mar 17 01:30:58 JST 2026: Posted to Slack: ¥44800
Tue Mar 17 02:00:59 JST 2026: Current lowest PSA10 = ¥44800 (prev: 44800)
✅ Sent via Slack. Message ID: 1773680462.567459
Tue Mar 17 02:01:02 JST 2026: Posted to Slack: ¥44800
Tue Mar 17 02:31:02 JST 2026: Current lowest PSA10 = ¥44800 (prev: 44800)
✅ Sent via Slack. Message ID: 1773682266.465049
Tue Mar 17 02:31:06 JST 2026: Posted to Slack: ¥44800
Tue Mar 17 03:01:06 JST 2026: Current lowest PSA10 = ¥44800 (prev: 44800)
✅ Sent via Slack. Message ID: 1773684070.409089
Tue Mar 17 03:01:10 JST 2026: Posted to Slack: ¥44800
Tue Mar 17 03:31:10 JST 2026: Current lowest PSA10 = ¥44800 (prev: 44800)
✅ Sent via Slack. Message ID: 1773685874.513489
Tue Mar 17 03:31:14 JST 2026: Posted to Slack: ¥44800
Tue Mar 17 04:01:14 JST 2026: Current lowest PSA10 = ¥44800 (prev: 44800)
✅ Sent via Slack. Message ID: 1773687678.541299
Tue Mar 17 04:01:18 JST 2026: Posted to Slack: ¥44800
Tue Mar 17 04:31:19 JST 2026: Current lowest PSA10 = ¥44800 (prev: 44800)
✅ Sent via Slack. Message ID: 1773689482.613339
Tue Mar 17 04:31:22 JST 2026: Posted to Slack: ¥44800
Tue Mar 17 05:01:23 JST 2026: Current lowest PSA10 = ¥44800 (prev: 44800)
✅ Sent via Slack. Message ID: 1773691286.498449
Tue Mar 17 05:01:26 JST 2026: Posted to Slack: ¥44800
Tue Mar 17 05:31:26 JST 2026: Current lowest PSA10 = ¥44800 (prev: 44800)
✅ Sent via Slack. Message ID: 1773693090.525139
Tue Mar 17 05:31:30 JST 2026: Posted to Slack: ¥44800
Tue Mar 17 06:01:31 JST 2026: Current lowest PSA10 = ¥44800 (prev: 44800)
✅ Sent via Slack. Message ID: 1773694894.913739
Tue Mar 17 06:01:35 JST 2026: Posted to Slack: ¥44800
Tue Mar 17 06:31:35 JST 2026: Current lowest PSA10 = ¥44800 (prev: 44800)
✅ Sent via Slack. Message ID: 1773696698.881829
Tue Mar 17 06:31:39 JST 2026: Posted to Slack: ¥44800
Tue Mar 17 07:01:39 JST 2026: Current lowest PSA10 = ¥44800 (prev: 44800)
✅ Sent via Slack. Message ID: 1773698502.752069
Tue Mar 17 07:01:42 JST 2026: Posted to Slack: ¥44800
Tue Mar 17 07:31:43 JST 2026: Current lowest PSA10 = ¥44800 (prev: 44800)
✅ Sent via Slack. Message ID: 1773700306.601979
Tue Mar 17 07:31:46 JST 2026: Posted to Slack: ¥44800
Tue Mar 17 08:01:47 JST 2026: Current lowest PSA10 = ¥44800 (prev: 44800)
✅ Sent via Slack. Message ID: 1773702110.497049
Tue Mar 17 08:01:50 JST 2026: Posted to Slack: ¥44800
Tue Mar 17 08:31:50 JST 2026: Current lowest PSA10 = ¥44800 (prev: 44800)
✅ Sent via Slack. Message ID: 1773703914.341409
Tue Mar 17 08:31:54 JST 2026: Posted to Slack: ¥44800
Tue Mar 17 09:01:54 JST 2026: Current lowest PSA10 = ¥44800 (prev: 44800)
✅ Sent via Slack. Message ID: 1773705718.209839
Tue Mar 17 09:01:58 JST 2026: Posted to Slack: ¥44800
Tue Mar 17 09:31:58 JST 2026: Current lowest PSA10 = ¥44800 (prev: 44800)
✅ Sent via Slack. Message ID: 1773707522.121149
Tue Mar 17 09:32:02 JST 2026: Posted to Slack: ¥44800
Tue Mar 17 10:02:02 JST 2026: Current lowest PSA10 = ¥44800 (prev: 44800)
✅ Sent via Slack. Message ID: 1773709326.034529
Tue Mar 17 10:02:06 JST 2026: Posted to Slack: ¥44800
Tue Mar 17 10:32:06 JST 2026: Current lowest PSA10 = ¥44700 (prev: 44800)
✅ Sent via Slack. Message ID: 1773711130.007009
Tue Mar 17 10:32:10 JST 2026: Posted to Slack: ¥44700
Tue Mar 17 11:02:10 JST 2026: Current lowest PSA10 = ¥44500 (prev: 44700)
✅ Sent via Slack. Message ID: 1773712933.992669
Tue Mar 17 11:02:14 JST 2026: Posted to Slack: ¥44500
Tue Mar 17 11:32:14 JST 2026: Current lowest PSA10 = ¥44500 (prev: 44500)
✅ Sent via Slack. Message ID: 1773714737.912839
Tue Mar 17 11:32:18 JST 2026: Posted to Slack: ¥44500
Tue Mar 17 12:02:18 JST 2026: Current lowest PSA10 = ¥44500 (prev: 44500)
✅ Sent via Slack. Message ID: 1773716541.753139
Tue Mar 17 12:02:21 JST 2026: Posted to Slack: ¥44500
Tue Mar 17 12:32:22 JST 2026: Current lowest PSA10 = ¥44000 (prev: 44500)
✅ Sent via Slack. Message ID: 1773718345.683039
Tue Mar 17 12:32:25 JST 2026: Posted to Slack: ¥44000
Tue Mar 17 13:02:26 JST 2026: Current lowest PSA10 = ¥44400 (prev: 44000)
✅ Sent via Slack. Message ID: 1773720149.703279
Tue Mar 17 13:02:29 JST 2026: Posted to Slack: ¥44400
Tue Mar 17 13:32:30 JST 2026: Current lowest PSA10 = ¥44400 (prev: 44400)
✅ Sent via Slack. Message ID: 1773721953.705999
Tue Mar 17 13:32:33 JST 2026: Posted to Slack: ¥44400
Tue Mar 17 14:02:34 JST 2026: Current lowest PSA10 = ¥44400 (prev: 44400)
✅ Sent via Slack. Message ID: 1773723757.668779
Tue Mar 17 14:02:37 JST 2026: Posted to Slack: ¥44400
Tue Mar 17 14:32:38 JST 2026: Current lowest PSA10 = ¥44400 (prev: 44400)
✅ Sent via Slack. Message ID: 1773725561.646649
Tue Mar 17 14:32:41 JST 2026: Posted to Slack: ¥44400
Tue Mar 17 15:02:42 JST 2026: Current lowest PSA10 = ¥44444 (prev: 44400)
✅ Sent via Slack. Message ID: 1773727365.705419
Tue Mar 17 15:02:45 JST 2026: Posted to Slack: ¥44444
Tue Mar 17 15:32:46 JST 2026: Current lowest PSA10 = ¥45500 (prev: 44444)
✅ Sent via Slack. Message ID: 1773729169.658109
Tue Mar 17 15:32:49 JST 2026: Posted to Slack: ¥45500
Tue Mar 17 16:02:51 JST 2026: Current lowest PSA10 = ¥45500 (prev: 45500)
✅ Sent via Slack. Message ID: 1773730986.531409
Tue Mar 17 16:03:06 JST 2026: Posted to Slack: ¥45500
Tue Mar 17 16:33:06 JST 2026: Current lowest PSA10 = ¥45500 (prev: 45500)
✅ Sent via Slack. Message ID: 1773732790.432319
Tue Mar 17 16:33:10 JST 2026: Posted to Slack: ¥45500
Tue Mar 17 17:03:10 JST 2026: Current lowest PSA10 = ¥50000 (prev: 45500)
✅ Sent via Slack. Message ID: 1773734594.472889
Tue Mar 17 17:03:14 JST 2026: Posted to Slack: ¥50000
Tue Mar 17 17:33:14 JST 2026: Current lowest PSA10 = ¥49000 (prev: 50000)
✅ Sent via Slack. Message ID: 1773736398.425389
Tue Mar 17 17:33:18 JST 2026: Posted to Slack: ¥49000
Tue Mar 17 18:03:18 JST 2026: Current lowest PSA10 = ¥49000 (prev: 49000)
✅ Sent via Slack. Message ID: 1773738202.451969
Tue Mar 17 18:03:22 JST 2026: Posted to Slack: ¥49000
Tue Mar 17 18:33:22 JST 2026: Current lowest PSA10 = ¥50000 (prev: 49000)
✅ Sent via Slack. Message ID: 1773740006.454169
Tue Mar 17 18:33:26 JST 2026: Posted to Slack: ¥50000
Tue Mar 17 19:03:26 JST 2026: Current lowest PSA10 = ¥50000 (prev: 50000)
✅ Sent via Slack. Message ID: 1773741811.691649
Tue Mar 17 19:03:31 JST 2026: Posted to Slack: ¥50000
Tue Mar 17 19:33:32 JST 2026: Current lowest PSA10 = ¥50000 (prev: 50000)
✅ Sent via Slack. Message ID: 1773743615.725129
Tue Mar 17 19:33:35 JST 2026: Posted to Slack: ¥50000
Tue Mar 17 20:03:36 JST 2026: Current lowest PSA10 = ¥50000 (prev: 50000)
✅ Sent via Slack. Message ID: 1773745419.898429
Tue Mar 17 20:03:39 JST 2026: Posted to Slack: ¥50000
Tue Mar 17 20:33:40 JST 2026: Current lowest PSA10 = ¥50000 (prev: 50000)
✅ Sent via Slack. Message ID: 1773747223.929359
Tue Mar 17 20:33:43 JST 2026: Posted to Slack: ¥50000
Tue Mar 17 21:03:44 JST 2026: Current lowest PSA10 = ¥48900 (prev: 50000)
✅ Sent via Slack. Message ID: 1773749027.834369
Tue Mar 17 21:03:47 JST 2026: Posted to Slack: ¥48900
Tue Mar 17 21:33:48 JST 2026: Current lowest PSA10 = ¥50000 (prev: 48900)
✅ Sent via Slack. Message ID: 1773750831.654899
Tue Mar 17 21:33:51 JST 2026: Posted to Slack: ¥50000
Tue Mar 17 22:03:52 JST 2026: Current lowest PSA10 = ¥48900 (prev: 50000)
✅ Sent via Slack. Message ID: 1773752636.271149
Tue Mar 17 22:03:56 JST 2026: Posted to Slack: ¥48900
Tue Mar 17 22:33:56 JST 2026: Current lowest PSA10 = ¥49800 (prev: 48900)
✅ Sent via Slack. Message ID: 1773754440.175929
Tue Mar 17 22:34:00 JST 2026: Posted to Slack: ¥49800
Tue Mar 17 23:04:00 JST 2026: Current lowest PSA10 = ¥49800 (prev: 49800)
✅ Sent via Slack. Message ID: 1773756244.056339
Tue Mar 17 23:04:04 JST 2026: Posted to Slack: ¥49800
Tue Mar 17 23:34:04 JST 2026: Current lowest PSA10 = ¥49500 (prev: 49800)
✅ Sent via Slack. Message ID: 1773758048.107639
Tue Mar 17 23:34:08 JST 2026: Posted to Slack: ¥49500
Wed Mar 18 00:04:08 JST 2026: Current lowest PSA10 = ¥49500 (prev: 49500)
✅ Sent via Slack. Message ID: 1773759851.677579
Wed Mar 18 00:04:11 JST 2026: Posted to Slack: ¥49500
Wed Mar 18 00:34:12 JST 2026: Current lowest PSA10 = ¥49500 (prev: 49500)
✅ Sent via Slack. Message ID: 1773761656.050319
Wed Mar 18 00:34:16 JST 2026: Posted to Slack: ¥49500
Wed Mar 18 01:04:16 JST 2026: Current lowest PSA10 = ¥49500 (prev: 49500)
✅ Sent via Slack. Message ID: 1773763460.112119
Wed Mar 18 01:04:20 JST 2026: Posted to Slack: ¥49500
Wed Mar 18 01:34:20 JST 2026: Current lowest PSA10 = ¥49500 (prev: 49500)
✅ Sent via Slack. Message ID: 1773765264.237319
Wed Mar 18 01:34:24 JST 2026: Posted to Slack: ¥49500
Wed Mar 18 02:04:24 JST 2026: Current lowest PSA10 = ¥49800 (prev: 49500)
✅ Sent via Slack. Message ID: 1773767068.312059
Wed Mar 18 02:04:28 JST 2026: Posted to Slack: ¥49800
Wed Mar 18 02:34:28 JST 2026: Current lowest PSA10 = ¥49800 (prev: 49800)
✅ Sent via Slack. Message ID: 1773768872.290619
Wed Mar 18 02:34:32 JST 2026: Posted to Slack: ¥49800
Wed Mar 18 03:04:32 JST 2026: Current lowest PSA10 = ¥49800 (prev: 49800)
✅ Sent via Slack. Message ID: 1773770676.387659
Wed Mar 18 03:04:36 JST 2026: Posted to Slack: ¥49800
Wed Mar 18 03:34:36 JST 2026: Current lowest PSA10 = ¥49800 (prev: 49800)
✅ Sent via Slack. Message ID: 1773772480.535729
Wed Mar 18 03:34:40 JST 2026: Posted to Slack: ¥49800
Wed Mar 18 04:04:41 JST 2026: Current lowest PSA10 = ¥49800 (prev: 49800)
✅ Sent via Slack. Message ID: 1773774284.740899
Wed Mar 18 04:04:45 JST 2026: Posted to Slack: ¥49800
Wed Mar 18 04:34:45 JST 2026: Current lowest PSA10 = ¥49800 (prev: 49800)
✅ Sent via Slack. Message ID: 1773776088.871069
Wed Mar 18 04:34:49 JST 2026: Posted to Slack: ¥49800
Wed Mar 18 05:04:49 JST 2026: Current lowest PSA10 = ¥49800 (prev: 49800)
✅ Sent via Slack. Message ID: 1773777893.150869
Wed Mar 18 05:04:53 JST 2026: Posted to Slack: ¥49800
Wed Mar 18 05:34:53 JST 2026: Current lowest PSA10 = ¥49800 (prev: 49800)
✅ Sent via Slack. Message ID: 1773779697.185529
Wed Mar 18 05:34:57 JST 2026: Posted to Slack: ¥49800
Wed Mar 18 06:04:57 JST 2026: Current lowest PSA10 = ¥49800 (prev: 49800)
✅ Sent via Slack. Message ID: 1773781501.352869
Wed Mar 18 06:05:01 JST 2026: Posted to Slack: ¥49800
Wed Mar 18 06:35:01 JST 2026: Current lowest PSA10 = ¥49799 (prev: 49800)
✅ Sent via Slack. Message ID: 1773783305.408999
Wed Mar 18 06:35:05 JST 2026: Posted to Slack: ¥49799
Wed Mar 18 07:05:05 JST 2026: Current lowest PSA10 = ¥49500 (prev: 49799)
✅ Sent via Slack. Message ID: 1773785109.470839
Wed Mar 18 07:05:09 JST 2026: Posted to Slack: ¥49500
Wed Mar 18 07:35:09 JST 2026: Current lowest PSA10 = ¥49000 (prev: 49500)
✅ Sent via Slack. Message ID: 1773786913.557119
Wed Mar 18 07:35:13 JST 2026: Posted to Slack: ¥49000
Wed Mar 18 08:05:13 JST 2026: Current lowest PSA10 = ¥48000 (prev: 49000)
✅ Sent via Slack. Message ID: 1773788717.685359
Wed Mar 18 08:05:17 JST 2026: Posted to Slack: ¥48000
Wed Mar 18 08:35:18 JST 2026: Current lowest PSA10 = ¥48000 (prev: 48000)
✅ Sent via Slack. Message ID: 1773790521.575319
Wed Mar 18 08:35:21 JST 2026: Posted to Slack: ¥48000
Wed Mar 18 09:05:22 JST 2026: Current lowest PSA10 = ¥48990 (prev: 48000)
✅ Sent via Slack. Message ID: 1773792325.602189
Wed Mar 18 09:05:25 JST 2026: Posted to Slack: ¥48990
Wed Mar 18 09:35:26 JST 2026: Current lowest PSA10 = ¥49800 (prev: 48990)
✅ Sent via Slack. Message ID: 1773794129.597289
Wed Mar 18 09:35:29 JST 2026: Posted to Slack: ¥49800
Wed Mar 18 10:05:29 JST 2026: Current lowest PSA10 = ¥49800 (prev: 49800)
✅ Sent via Slack. Message ID: 1773795933.598149
Wed Mar 18 10:05:33 JST 2026: Posted to Slack: ¥49800
Wed Mar 18 10:35:33 JST 2026: Current lowest PSA10 = ¥50000 (prev: 49800)
✅ Sent via Slack. Message ID: 1773797737.494029
Wed Mar 18 10:35:37 JST 2026: Posted to Slack: ¥50000
Wed Mar 18 11:05:37 JST 2026: Current lowest PSA10 = ¥50000 (prev: 50000)
✅ Sent via Slack. Message ID: 1773799541.382149
Wed Mar 18 11:05:41 JST 2026: Posted to Slack: ¥50000
Wed Mar 18 11:35:41 JST 2026: Current lowest PSA10 = ¥50000 (prev: 50000)
✅ Sent via Slack. Message ID: 1773801345.311849
Wed Mar 18 11:35:45 JST 2026: Posted to Slack: ¥50000
Wed Mar 18 12:05:45 JST 2026: Current lowest PSA10 = ¥49750 (prev: 50000)
✅ Sent via Slack. Message ID: 1773803149.334989
Wed Mar 18 12:05:49 JST 2026: Posted to Slack: ¥49750
Wed Mar 18 12:35:49 JST 2026: Current lowest PSA10 = ¥49750 (prev: 49750)
✅ Sent via Slack. Message ID: 1773804953.359739
Wed Mar 18 12:35:53 JST 2026: Posted to Slack: ¥49750
Wed Mar 18 13:05:53 JST 2026: Current lowest PSA10 = ¥50000 (prev: 49750)
✅ Sent via Slack. Message ID: 1773806757.400629
Wed Mar 18 13:05:57 JST 2026: Posted to Slack: ¥50000
Wed Mar 18 13:35:57 JST 2026: Current lowest PSA10 = ¥50000 (prev: 50000)
✅ Sent via Slack. Message ID: 1773808562.286659
Wed Mar 18 13:36:02 JST 2026: Posted to Slack: ¥50000
Wed Mar 18 14:06:02 JST 2026: Current lowest PSA10 = ¥50000 (prev: 50000)
✅ Sent via Slack. Message ID: 1773810366.229889
Wed Mar 18 14:06:06 JST 2026: Posted to Slack: ¥50000
Wed Mar 18 14:36:06 JST 2026: Current lowest PSA10 = ¥50000 (prev: 50000)
✅ Sent via Slack. Message ID: 1773812170.276389
Wed Mar 18 14:36:10 JST 2026: Posted to Slack: ¥50000
Wed Mar 18 15:06:10 JST 2026: Current lowest PSA10 = ¥50000 (prev: 50000)
✅ Sent via Slack. Message ID: 1773813974.113069
Wed Mar 18 15:06:14 JST 2026: Posted to Slack: ¥50000
Wed Mar 18 15:36:14 JST 2026: Current lowest PSA10 = ¥49900 (prev: 50000)
✅ Sent via Slack. Message ID: 1773815778.108899
Wed Mar 18 15:36:18 JST 2026: Posted to Slack: ¥49900
Wed Mar 18 16:06:18 JST 2026: Current lowest PSA10 = ¥49900 (prev: 49900)
✅ Sent via Slack. Message ID: 1773817582.163199
Wed Mar 18 16:06:22 JST 2026: Posted to Slack: ¥49900
Wed Mar 18 16:36:24 JST 2026: Current lowest PSA10 = ¥49900 (prev: 49900)
✅ Sent via Slack. Message ID: 1773819389.720609
Wed Mar 18 16:36:29 JST 2026: Posted to Slack: ¥49900
Wed Mar 18 17:06:30 JST 2026: Current lowest PSA10 = ¥49900 (prev: 49900)
✅ Sent via Slack. Message ID: 1773821193.857399
Wed Mar 18 17:06:34 JST 2026: Posted to Slack: ¥49900
Wed Mar 18 17:36:34 JST 2026: Current lowest PSA10 = ¥49900 (prev: 49900)
✅ Sent via Slack. Message ID: 1773822997.838579
Wed Mar 18 17:36:38 JST 2026: Posted to Slack: ¥49900
Wed Mar 18 18:06:38 JST 2026: Current lowest PSA10 = ¥46800 (prev: 49900)
✅ Sent via Slack. Message ID: 1773824801.774639
Wed Mar 18 18:06:41 JST 2026: Posted to Slack: ¥46800
Wed Mar 18 18:36:42 JST 2026: Current lowest PSA10 = ¥46500 (prev: 46800)
✅ Sent via Slack. Message ID: 1773826605.774329
Wed Mar 18 18:36:45 JST 2026: Posted to Slack: ¥46500
Wed Mar 18 19:06:46 JST 2026: Current lowest PSA10 = ¥46500 (prev: 46500)
✅ Sent via Slack. Message ID: 1773828409.831489
Wed Mar 18 19:06:49 JST 2026: Posted to Slack: ¥46500
Wed Mar 18 19:36:50 JST 2026: Current lowest PSA10 = ¥46500 (prev: 46500)
✅ Sent via Slack. Message ID: 1773830213.430419
Wed Mar 18 19:36:53 JST 2026: Posted to Slack: ¥46500
Wed Mar 18 20:06:54 JST 2026: Current lowest PSA10 = ¥46500 (prev: 46500)
✅ Sent via Slack. Message ID: 1773832017.497839
Wed Mar 18 20:06:57 JST 2026: Posted to Slack: ¥46500
Wed Mar 18 20:36:58 JST 2026: Current lowest PSA10 = ¥46500 (prev: 46500)
✅ Sent via Slack. Message ID: 1773833821.649599
Wed Mar 18 20:37:01 JST 2026: Posted to Slack: ¥46500
Wed Mar 18 21:07:02 JST 2026: Current lowest PSA10 = ¥46300 (prev: 46500)
✅ Sent via Slack. Message ID: 1773835625.631549
Wed Mar 18 21:07:05 JST 2026: Posted to Slack: ¥46300
Wed Mar 18 21:37:06 JST 2026: Current lowest PSA10 = ¥46300 (prev: 46300)
✅ Sent via Slack. Message ID: 1773837429.682839
Wed Mar 18 21:37:09 JST 2026: Posted to Slack: ¥46300
Wed Mar 18 22:07:11 JST 2026: Current lowest PSA10 = ¥45500 (prev: 46300)
✅ Sent via Slack. Message ID: 1773839246.508209
Wed Mar 18 22:07:26 JST 2026: Posted to Slack: ¥45500
Wed Mar 18 22:37:27 JST 2026: Current lowest PSA10 = ¥45500 (prev: 45500)
✅ Sent via Slack. Message ID: 1773841050.433449
Wed Mar 18 22:37:30 JST 2026: Posted to Slack: ¥45500
Wed Mar 18 23:07:30 JST 2026: Current lowest PSA10 = ¥45500 (prev: 45500)
✅ Sent via Slack. Message ID: 1773842854.425919
Wed Mar 18 23:07:34 JST 2026: Posted to Slack: ¥45500
Wed Mar 18 23:37:34 JST 2026: Current lowest PSA10 = ¥48800 (prev: 45500)
✅ Sent via Slack. Message ID: 1773844658.122989
Wed Mar 18 23:37:38 JST 2026: Posted to Slack: ¥48800
Thu Mar 19 00:07:38 JST 2026: Current lowest PSA10 = ¥50000 (prev: 48800)
✅ Sent via Slack. Message ID: 1773846461.920069
Thu Mar 19 00:07:41 JST 2026: Posted to Slack: ¥50000
Thu Mar 19 00:37:42 JST 2026: Current lowest PSA10 = ¥50000 (prev: 50000)
✅ Sent via Slack. Message ID: 1773848266.265659
Thu Mar 19 00:37:46 JST 2026: Posted to Slack: ¥50000
Thu Mar 19 01:07:46 JST 2026: Current lowest PSA10 = ¥50000 (prev: 50000)
✅ Sent via Slack. Message ID: 1773850070.505579
Thu Mar 19 01:07:50 JST 2026: Posted to Slack: ¥50000
Thu Mar 19 01:37:51 JST 2026: Current lowest PSA10 = ¥50000 (prev: 50000)
✅ Sent via Slack. Message ID: 1773851874.542519
Thu Mar 19 01:37:54 JST 2026: Posted to Slack: ¥50000
Thu Mar 19 02:07:54 JST 2026: Current lowest PSA10 = ¥50000 (prev: 50000)
✅ Sent via Slack. Message ID: 1773853678.532339
Thu Mar 19 02:07:58 JST 2026: Posted to Slack: ¥50000
Thu Mar 19 02:37:58 JST 2026: Current lowest PSA10 = ¥50000 (prev: 50000)
✅ Sent via Slack. Message ID: 1773855482.751069
Thu Mar 19 02:38:02 JST 2026: Posted to Slack: ¥50000
Thu Mar 19 03:08:03 JST 2026: Current lowest PSA10 = ¥50000 (prev: 50000)
✅ Sent via Slack. Message ID: 1773857286.944869
Thu Mar 19 03:08:07 JST 2026: Posted to Slack: ¥50000
Thu Mar 19 03:38:09 JST 2026: Current lowest PSA10 = ¥50000 (prev: 50000)
✅ Sent via Slack. Message ID: 1773859103.379749
Thu Mar 19 03:38:23 JST 2026: Posted to Slack: ¥50000
Thu Mar 19 04:08:23 JST 2026: Current lowest PSA10 = ¥50000 (prev: 50000)
✅ Sent via Slack. Message ID: 1773860907.670829
Thu Mar 19 04:08:27 JST 2026: Posted to Slack: ¥50000
Thu Mar 19 04:38:28 JST 2026: Current lowest PSA10 = ¥50000 (prev: 50000)
✅ Sent via Slack. Message ID: 1773862711.666299
Thu Mar 19 04:38:31 JST 2026: Posted to Slack: ¥50000
Thu Mar 19 05:08:32 JST 2026: Current lowest PSA10 = ¥50000 (prev: 50000)
✅ Sent via Slack. Message ID: 1773864515.651259
Thu Mar 19 05:08:35 JST 2026: Posted to Slack: ¥50000
Thu Mar 19 05:38:36 JST 2026: Current lowest PSA10 = ¥50000 (prev: 50000)
✅ Sent via Slack. Message ID: 1773866319.707849
Thu Mar 19 05:38:39 JST 2026: Posted to Slack: ¥50000
Thu Mar 19 06:08:40 JST 2026: Current lowest PSA10 = ¥50000 (prev: 50000)
✅ Sent via Slack. Message ID: 1773868123.512279
Thu Mar 19 06:08:43 JST 2026: Posted to Slack: ¥50000
Thu Mar 19 06:38:43 JST 2026: Current lowest PSA10 = ¥50000 (prev: 50000)
✅ Sent via Slack. Message ID: 1773869927.632069
Thu Mar 19 06:38:47 JST 2026: Posted to Slack: ¥50000
Thu Mar 19 07:08:48 JST 2026: Current lowest PSA10 = ¥50000 (prev: 50000)
✅ Sent via Slack. Message ID: 1773871731.638769
Thu Mar 19 07:08:51 JST 2026: Posted to Slack: ¥50000
Thu Mar 19 07:38:52 JST 2026: Current lowest PSA10 = ¥50000 (prev: 50000)
✅ Sent via Slack. Message ID: 1773873535.529359
Thu Mar 19 07:38:55 JST 2026: Posted to Slack: ¥50000
Thu Mar 19 08:08:55 JST 2026: Current lowest PSA10 = ¥50000 (prev: 50000)
✅ Sent via Slack. Message ID: 1773875338.998419
Thu Mar 19 08:08:59 JST 2026: Posted to Slack: ¥50000
Thu Mar 19 08:38:59 JST 2026: Current lowest PSA10 = ¥50000 (prev: 50000)
✅ Sent via Slack. Message ID: 1773877142.901519
Thu Mar 19 08:39:03 JST 2026: Posted to Slack: ¥50000
Thu Mar 19 09:09:05 JST 2026: Current lowest PSA10 = ¥50000 (prev: 50000)
✅ Sent via Slack. Message ID: 1773878960.024429
Thu Mar 19 09:09:20 JST 2026: Posted to Slack: ¥50000
Thu Mar 19 09:39:20 JST 2026: Current lowest PSA10 = ¥50000 (prev: 50000)
✅ Sent via Slack. Message ID: 1773880764.109799
Thu Mar 19 09:39:24 JST 2026: Posted to Slack: ¥50000
Thu Mar 19 10:09:24 JST 2026: Current lowest PSA10 = ¥49999 (prev: 50000)
✅ Sent via Slack. Message ID: 1773882568.152249
Thu Mar 19 10:09:28 JST 2026: Posted to Slack: ¥49999
Thu Mar 19 10:39:28 JST 2026: Current lowest PSA10 = ¥49800 (prev: 49999)
✅ Sent via Slack. Message ID: 1773884372.072389
Thu Mar 19 10:39:32 JST 2026: Posted to Slack: ¥49800
Thu Mar 19 11:09:32 JST 2026: Current lowest PSA10 = ¥49800 (prev: 49800)
✅ Sent via Slack. Message ID: 1773886175.934509
Thu Mar 19 11:09:35 JST 2026: Posted to Slack: ¥49800
Thu Mar 19 11:39:36 JST 2026: Current lowest PSA10 = ¥49800 (prev: 49800)
✅ Sent via Slack. Message ID: 1773887979.803649
Thu Mar 19 11:39:39 JST 2026: Posted to Slack: ¥49800
Thu Mar 19 12:09:40 JST 2026: Current lowest PSA10 = ¥49800 (prev: 49800)
✅ Sent via Slack. Message ID: 1773889783.718879
Thu Mar 19 12:09:43 JST 2026: Posted to Slack: ¥49800
Thu Mar 19 12:39:44 JST 2026: Current lowest PSA10 = ¥49800 (prev: 49800)
✅ Sent via Slack. Message ID: 1773891587.622919
Thu Mar 19 12:39:47 JST 2026: Posted to Slack: ¥49800
Thu Mar 19 13:09:49 JST 2026: Current lowest PSA10 = ¥49800 (prev: 49800)
✅ Sent via Slack. Message ID: 1773893392.687829
Thu Mar 19 13:09:52 JST 2026: Posted to Slack: ¥49800
Thu Mar 19 13:39:53 JST 2026: Current lowest PSA10 = ¥49800 (prev: 49800)
✅ Sent via Slack. Message ID: 1773895196.520249
Thu Mar 19 13:39:56 JST 2026: Posted to Slack: ¥49800
Thu Mar 19 14:09:57 JST 2026: Current lowest PSA10 = ¥49800 (prev: 49800)
✅ Sent via Slack. Message ID: 1773897000.592839
Thu Mar 19 14:10:00 JST 2026: Posted to Slack: ¥49800
Thu Mar 19 14:40:01 JST 2026: Current lowest PSA10 = ¥49800 (prev: 49800)
✅ Sent via Slack. Message ID: 1773898804.222139
Thu Mar 19 14:40:04 JST 2026: Posted to Slack: ¥49800
Thu Mar 19 15:10:04 JST 2026: Current lowest PSA10 = ¥49800 (prev: 49800)
✅ Sent via Slack. Message ID: 1773900607.917479
Thu Mar 19 15:10:08 JST 2026: Posted to Slack: ¥49800
Thu Mar 19 15:40:08 JST 2026: Current lowest PSA10 = ¥49800 (prev: 49800)
✅ Sent via Slack. Message ID: 1773902411.821489
Thu Mar 19 15:40:12 JST 2026: Posted to Slack: ¥49800
Thu Mar 19 16:10:12 JST 2026: Current lowest PSA10 = ¥49800 (prev: 49800)
✅ Sent via Slack. Message ID: 1773904215.545419
Thu Mar 19 16:10:15 JST 2026: Posted to Slack: ¥49800
Thu Mar 19 16:40:15 JST 2026: Current lowest PSA10 = ¥49800 (prev: 49800)
✅ Sent via Slack. Message ID: 1773906019.337449
Thu Mar 19 16:40:19 JST 2026: Posted to Slack: ¥49800
Thu Mar 19 17:10:19 JST 2026: Current lowest PSA10 = ¥49800 (prev: 49800)
✅ Sent via Slack. Message ID: 1773907823.460859
Thu Mar 19 17:10:23 JST 2026: Posted to Slack: ¥49800
Thu Mar 19 17:40:23 JST 2026: Current lowest PSA10 = ¥48500 (prev: 49800)
✅ Sent via Slack. Message ID: 1773909627.380649
Thu Mar 19 17:40:27 JST 2026: Posted to Slack: ¥48500
Thu Mar 19 18:10:27 JST 2026: Current lowest PSA10 = ¥48500 (prev: 48500)
✅ Sent via Slack. Message ID: 1773911432.041379
Thu Mar 19 18:10:32 JST 2026: Posted to Slack: ¥48500
Thu Mar 19 18:40:32 JST 2026: Current lowest PSA10 = ¥48500 (prev: 48500)
✅ Sent via Slack. Message ID: 1773913236.081909
Thu Mar 19 18:40:36 JST 2026: Posted to Slack: ¥48500
Thu Mar 19 19:10:36 JST 2026: Current lowest PSA10 = ¥48500 (prev: 48500)
✅ Sent via Slack. Message ID: 1773915039.875999
Thu Mar 19 19:10:40 JST 2026: Posted to Slack: ¥48500
Thu Mar 19 19:40:40 JST 2026: Current lowest PSA10 = ¥48500 (prev: 48500)
✅ Sent via Slack. Message ID: 1773916843.807019
Thu Mar 19 19:40:43 JST 2026: Posted to Slack: ¥48500
Thu Mar 19 20:10:44 JST 2026: Current lowest PSA10 = ¥48500 (prev: 48500)
✅ Sent via Slack. Message ID: 1773918647.556399
Thu Mar 19 20:10:47 JST 2026: Posted to Slack: ¥48500
Thu Mar 19 20:40:47 JST 2026: Current lowest PSA10 = ¥48500 (prev: 48500)
✅ Sent via Slack. Message ID: 1773920451.356969
Thu Mar 19 20:40:51 JST 2026: Posted to Slack: ¥48500
Thu Mar 19 21:10:51 JST 2026: Current lowest PSA10 = ¥48500 (prev: 48500)
✅ Sent via Slack. Message ID: 1773922255.242119
Thu Mar 19 21:10:55 JST 2026: Posted to Slack: ¥48500
Thu Mar 19 21:40:55 JST 2026: Current lowest PSA10 = ¥48000 (prev: 48500)
✅ Sent via Slack. Message ID: 1773924059.015579
Thu Mar 19 21:40:59 JST 2026: Posted to Slack: ¥48000
Thu Mar 19 22:10:59 JST 2026: Current lowest PSA10 = ¥48000 (prev: 48000)
✅ Sent via Slack. Message ID: 1773925862.727499
Thu Mar 19 22:11:02 JST 2026: Posted to Slack: ¥48000
Thu Mar 19 22:41:03 JST 2026: Current lowest PSA10 = ¥47900 (prev: 48000)
✅ Sent via Slack. Message ID: 1773927666.790949
Thu Mar 19 22:41:06 JST 2026: Posted to Slack: ¥47900
Thu Mar 19 23:11:07 JST 2026: Current lowest PSA10 = ¥49900 (prev: 47900)
✅ Sent via Slack. Message ID: 1773929469.676499
Thu Mar 19 23:11:09 JST 2026: Posted to Slack: ¥49900
Thu Mar 19 23:41:10 JST 2026: Current lowest PSA10 = ¥49999 (prev: 49900)
✅ Sent via Slack. Message ID: 1773931273.632729
Thu Mar 19 23:41:13 JST 2026: Posted to Slack: ¥49999
Fri Mar 20 00:11:12 JST 2026: Current lowest PSA10 = ¥49999 (prev: 49999)
✅ Sent via Slack. Message ID: 1773933077.566349
Fri Mar 20 00:11:15 JST 2026: Posted to Slack: ¥49999
Fri Mar 20 00:41:17 JST 2026: Current lowest PSA10 = ¥49999 (prev: 49999)
✅ Sent via Slack. Message ID: 1773934881.307049
Fri Mar 20 00:41:21 JST 2026: Posted to Slack: ¥49999
Fri Mar 20 01:11:21 JST 2026: Current lowest PSA10 = ¥49999 (prev: 49999)
✅ Sent via Slack. Message ID: 1773936684.957549
Fri Mar 20 01:11:25 JST 2026: Posted to Slack: ¥49999
Fri Mar 20 01:41:25 JST 2026: Current lowest PSA10 = ¥49999 (prev: 49999)
✅ Sent via Slack. Message ID: 1773938487.938309
Fri Mar 20 01:41:28 JST 2026: Posted to Slack: ¥49999
Fri Mar 20 02:11:28 JST 2026: Current lowest PSA10 = ¥49999 (prev: 49999)
✅ Sent via Slack. Message ID: 1773940292.050329
Fri Mar 20 02:11:32 JST 2026: Posted to Slack: ¥49999
Fri Mar 20 02:41:32 JST 2026: Current lowest PSA10 = ¥49999 (prev: 49999)
✅ Sent via Slack. Message ID: 1773942096.330829
Fri Mar 20 02:41:36 JST 2026: Posted to Slack: ¥49999
Fri Mar 20 03:11:36 JST 2026: Current lowest PSA10 = ¥49999 (prev: 49999)
✅ Sent via Slack. Message ID: 1773943899.741909
Fri Mar 20 03:11:39 JST 2026: Posted to Slack: ¥49999
Fri Mar 20 03:41:40 JST 2026: Current lowest PSA10 = ¥49999 (prev: 49999)
✅ Sent via Slack. Message ID: 1773945702.577259
Fri Mar 20 03:41:42 JST 2026: Posted to Slack: ¥49999
Fri Mar 20 04:11:43 JST 2026: Current lowest PSA10 = ¥49999 (prev: 49999)
✅ Sent via Slack. Message ID: 1773947522.314989
Fri Mar 20 04:12:02 JST 2026: Posted to Slack: ¥49999
Fri Mar 20 04:42:02 JST 2026: Current lowest PSA10 = ¥49999 (prev: 49999)
✅ Sent via Slack. Message ID: 1773949324.732769
Fri Mar 20 04:42:04 JST 2026: Posted to Slack: ¥49999
Fri Mar 20 05:12:05 JST 2026: Current lowest PSA10 = ¥49999 (prev: 49999)
✅ Sent via Slack. Message ID: 1773951128.046919
Fri Mar 20 05:12:08 JST 2026: Posted to Slack: ¥49999
Fri Mar 20 05:42:08 JST 2026: Current lowest PSA10 = ¥49999 (prev: 49999)
✅ Sent via Slack. Message ID: 1773952930.660679
Fri Mar 20 05:42:10 JST 2026: Posted to Slack: ¥49999
Fri Mar 20 06:12:10 JST 2026: Current lowest PSA10 = ¥49999 (prev: 49999)
✅ Sent via Slack. Message ID: 1773954732.942309
Fri Mar 20 06:12:13 JST 2026: Posted to Slack: ¥49999
Fri Mar 20 06:42:13 JST 2026: Current lowest PSA10 = ¥49999 (prev: 49999)
✅ Sent via Slack. Message ID: 1773956536.217979
Fri Mar 20 06:42:16 JST 2026: Posted to Slack: ¥49999
Fri Mar 20 07:12:16 JST 2026: Current lowest PSA10 = ¥49999 (prev: 49999)
✅ Sent via Slack. Message ID: 1773958340.506159
Fri Mar 20 07:12:20 JST 2026: Posted to Slack: ¥49999
Fri Mar 20 07:42:20 JST 2026: Current lowest PSA10 = ¥49999 (prev: 49999)
✅ Sent via Slack. Message ID: 1773960144.625639
Fri Mar 20 07:42:24 JST 2026: Posted to Slack: ¥49999
Fri Mar 20 08:12:25 JST 2026: Current lowest PSA10 = ¥49999 (prev: 49999)
✅ Sent via Slack. Message ID: 1773961948.771869
Fri Mar 20 08:12:29 JST 2026: Posted to Slack: ¥49999
Fri Mar 20 08:42:29 JST 2026: Current lowest PSA10 = ¥49999 (prev: 49999)
✅ Sent via Slack. Message ID: 1773963752.952929
Fri Mar 20 08:42:33 JST 2026: Posted to Slack: ¥49999
Fri Mar 20 09:12:33 JST 2026: Current lowest PSA10 = ¥49999 (prev: 49999)
✅ Sent via Slack. Message ID: 1773965556.936479
Fri Mar 20 09:12:37 JST 2026: Posted to Slack: ¥49999
Fri Mar 20 09:42:37 JST 2026: Current lowest PSA10 = ¥49999 (prev: 49999)
✅ Sent via Slack. Message ID: 1773967377.797709
Fri Mar 20 09:42:57 JST 2026: Posted to Slack: ¥49999
Fri Mar 20 10:12:58 JST 2026: Current lowest PSA10 = ¥49999 (prev: 49999)
✅ Sent via Slack. Message ID: 1773969181.776209
Fri Mar 20 10:13:01 JST 2026: Posted to Slack: ¥49999
Fri Mar 20 10:43:02 JST 2026: Current lowest PSA10 = ¥49999 (prev: 49999)
✅ Sent via Slack. Message ID: 1773970985.845929
Fri Mar 20 10:43:05 JST 2026: Posted to Slack: ¥49999
Fri Mar 20 11:13:06 JST 2026: Current lowest PSA10 = ¥49999 (prev: 49999)
✅ Sent via Slack. Message ID: 1773972789.899089
Fri Mar 20 11:13:10 JST 2026: Posted to Slack: ¥49999
Fri Mar 20 11:43:10 JST 2026: Current lowest PSA10 = ¥49998 (prev: 49999)
✅ Sent via Slack. Message ID: 1773974594.102209
Fri Mar 20 11:43:14 JST 2026: Posted to Slack: ¥49998
Fri Mar 20 12:13:14 JST 2026: Current lowest PSA10 = ¥49998 (prev: 49998)
✅ Sent via Slack. Message ID: 1773976398.432869
Fri Mar 20 12:13:18 JST 2026: Posted to Slack: ¥49998
Fri Mar 20 12:43:18 JST 2026: Current lowest PSA10 = ¥49998 (prev: 49998)
✅ Sent via Slack. Message ID: 1773978202.631169
Fri Mar 20 12:43:22 JST 2026: Posted to Slack: ¥49998
Fri Mar 20 13:13:23 JST 2026: Current lowest PSA10 = ¥49998 (prev: 49998)
✅ Sent via Slack. Message ID: 1773980006.718019
Fri Mar 20 13:13:26 JST 2026: Posted to Slack: ¥49998
Fri Mar 20 13:43:27 JST 2026: Current lowest PSA10 = ¥49998 (prev: 49998)
✅ Sent via Slack. Message ID: 1773981810.628409
Fri Mar 20 13:43:30 JST 2026: Posted to Slack: ¥49998
Fri Mar 20 14:13:31 JST 2026: Current lowest PSA10 = ¥49998 (prev: 49998)
✅ Sent via Slack. Message ID: 1773983614.733429
Fri Mar 20 14:13:34 JST 2026: Posted to Slack: ¥49998
Fri Mar 20 14:43:35 JST 2026: Current lowest PSA10 = ¥49998 (prev: 49998)
✅ Sent via Slack. Message ID: 1773985418.764219
Fri Mar 20 14:43:38 JST 2026: Posted to Slack: ¥49998
Fri Mar 20 15:13:39 JST 2026: Current lowest PSA10 = ¥49998 (prev: 49998)
✅ Sent via Slack. Message ID: 1773987222.979889
Fri Mar 20 15:13:43 JST 2026: Posted to Slack: ¥49998
Fri Mar 20 15:43:43 JST 2026: Current lowest PSA10 = ¥49998 (prev: 49998)
✅ Sent via Slack. Message ID: 1773989027.105739
Fri Mar 20 15:43:47 JST 2026: Posted to Slack: ¥49998
Fri Mar 20 16:13:47 JST 2026: Current lowest PSA10 = ¥49998 (prev: 49998)
✅ Sent via Slack. Message ID: 1773990831.113639
Fri Mar 20 16:13:51 JST 2026: Posted to Slack: ¥49998
Fri Mar 20 16:43:51 JST 2026: Current lowest PSA10 = ¥49998 (prev: 49998)
✅ Sent via Slack. Message ID: 1773992635.163859
Fri Mar 20 16:43:55 JST 2026: Posted to Slack: ¥49998
Fri Mar 20 17:13:55 JST 2026: Current lowest PSA10 = ¥49998 (prev: 49998)
✅ Sent via Slack. Message ID: 1773994439.133809
Fri Mar 20 17:13:59 JST 2026: Posted to Slack: ¥49998
Fri Mar 20 17:43:59 JST 2026: Current lowest PSA10 = ¥49998 (prev: 49998)
✅ Sent via Slack. Message ID: 1773996243.240189
Fri Mar 20 17:44:03 JST 2026: Posted to Slack: ¥49998
Fri Mar 20 18:14:03 JST 2026: Current lowest PSA10 = ¥49999 (prev: 49998)
✅ Sent via Slack. Message ID: 1773998047.351969
Fri Mar 20 18:14:07 JST 2026: Posted to Slack: ¥49999
Fri Mar 20 18:44:07 JST 2026: Current lowest PSA10 = ¥49800 (prev: 49999)
✅ Sent via Slack. Message ID: 1773999851.403139
Fri Mar 20 18:44:11 JST 2026: Posted to Slack: ¥49800
Fri Mar 20 19:14:11 JST 2026: Current lowest PSA10 = ¥49800 (prev: 49800)
✅ Sent via Slack. Message ID: 1774001655.342749
Fri Mar 20 19:14:15 JST 2026: Posted to Slack: ¥49800
Fri Mar 20 19:44:15 JST 2026: Current lowest PSA10 = ¥49800 (prev: 49800)
✅ Sent via Slack. Message ID: 1774003458.838239
Fri Mar 20 19:44:19 JST 2026: Posted to Slack: ¥49800
Fri Mar 20 20:14:19 JST 2026: Current lowest PSA10 = ¥49800 (prev: 49800)
✅ Sent via Slack. Message ID: 1774005262.856699
Fri Mar 20 20:14:23 JST 2026: Posted to Slack: ¥49800
Fri Mar 20 20:44:23 JST 2026: Current lowest PSA10 = ¥49800 (prev: 49800)
✅ Sent via Slack. Message ID: 1774007066.784109
Fri Mar 20 20:44:26 JST 2026: Posted to Slack: ¥49800
Fri Mar 20 21:14:27 JST 2026: Current lowest PSA10 = ¥49000 (prev: 49800)
✅ Sent via Slack. Message ID: 1774008870.792289
Fri Mar 20 21:14:30 JST 2026: Posted to Slack: ¥49000
Fri Mar 20 21:44:30 JST 2026: Current lowest PSA10 = ¥49000 (prev: 49000)
✅ Sent via Slack. Message ID: 1774010674.541019
Fri Mar 20 21:44:34 JST 2026: Posted to Slack: ¥49000
Fri Mar 20 22:14:34 JST 2026: Current lowest PSA10 = ¥49000 (prev: 49000)
✅ Sent via Slack. Message ID: 1774012478.559629
Fri Mar 20 22:14:38 JST 2026: Posted to Slack: ¥49000
Fri Mar 20 22:44:38 JST 2026: Current lowest PSA10 = ¥48500 (prev: 49000)
✅ Sent via Slack. Message ID: 1774014282.399369
Fri Mar 20 22:44:42 JST 2026: Posted to Slack: ¥48500
Fri Mar 20 23:14:42 JST 2026: Current lowest PSA10 = ¥49000 (prev: 48500)
✅ Sent via Slack. Message ID: 1774016086.375469
Fri Mar 20 23:14:46 JST 2026: Posted to Slack: ¥49000
Fri Mar 20 23:44:46 JST 2026: Current lowest PSA10 = ¥49000 (prev: 49000)
✅ Sent via Slack. Message ID: 1774017890.246189
Fri Mar 20 23:44:50 JST 2026: Posted to Slack: ¥49000
Sat Mar 21 00:14:50 JST 2026: Current lowest PSA10 = ¥49000 (prev: 49000)
✅ Sent via Slack. Message ID: 1774019694.107209
Sat Mar 21 00:14:54 JST 2026: Posted to Slack: ¥49000
Sat Mar 21 00:44:56 JST 2026: Current lowest PSA10 = ¥49000 (prev: 49000)
✅ Sent via Slack. Message ID: 1774021509.006829
Sat Mar 21 00:45:09 JST 2026: Posted to Slack: ¥49000
Sat Mar 21 01:15:09 JST 2026: Current lowest PSA10 = ¥49000 (prev: 49000)
✅ Sent via Slack. Message ID: 1774023312.926649
Sat Mar 21 01:15:13 JST 2026: Posted to Slack: ¥49000
Sat Mar 21 01:45:13 JST 2026: Current lowest PSA10 = ¥49000 (prev: 49000)
✅ Sent via Slack. Message ID: 1774025116.803599
Sat Mar 21 01:45:17 JST 2026: Posted to Slack: ¥49000
Sat Mar 21 02:15:17 JST 2026: Current lowest PSA10 = ¥49000 (prev: 49000)
✅ Sent via Slack. Message ID: 1774026920.862429
Sat Mar 21 02:15:21 JST 2026: Posted to Slack: ¥49000
Sat Mar 21 02:45:21 JST 2026: Current lowest PSA10 = ¥49000 (prev: 49000)
✅ Sent via Slack. Message ID: 1774028725.162009
Sat Mar 21 02:45:25 JST 2026: Posted to Slack: ¥49000
Sat Mar 21 03:15:25 JST 2026: Current lowest PSA10 = ¥49000 (prev: 49000)
✅ Sent via Slack. Message ID: 1774030529.065419
Sat Mar 21 03:15:29 JST 2026: Posted to Slack: ¥49000
Sat Mar 21 03:45:29 JST 2026: Current lowest PSA10 = ¥49000 (prev: 49000)
✅ Sent via Slack. Message ID: 1774032333.075769
Sat Mar 21 03:45:33 JST 2026: Posted to Slack: ¥49000
Sat Mar 21 04:15:33 JST 2026: Current lowest PSA10 = ¥49000 (prev: 49000)
✅ Sent via Slack. Message ID: 1774034137.154069
Sat Mar 21 04:15:37 JST 2026: Posted to Slack: ¥49000
Sat Mar 21 04:45:37 JST 2026: Current lowest PSA10 = ¥49000 (prev: 49000)
✅ Sent via Slack. Message ID: 1774035941.062539
Sat Mar 21 04:45:41 JST 2026: Posted to Slack: ¥49000
Sat Mar 21 05:15:41 JST 2026: Current lowest PSA10 = ¥49000 (prev: 49000)
✅ Sent via Slack. Message ID: 1774037744.930259
Sat Mar 21 05:15:45 JST 2026: Posted to Slack: ¥49000
Sat Mar 21 05:45:45 JST 2026: Current lowest PSA10 = ¥49000 (prev: 49000)
✅ Sent via Slack. Message ID: 1774039549.011439
Sat Mar 21 05:45:49 JST 2026: Posted to Slack: ¥49000
Sat Mar 21 06:15:49 JST 2026: Current lowest PSA10 = ¥49000 (prev: 49000)
✅ Sent via Slack. Message ID: 1774041352.932059
Sat Mar 21 06:15:53 JST 2026: Posted to Slack: ¥49000
Sat Mar 21 06:45:53 JST 2026: Current lowest PSA10 = ¥49000 (prev: 49000)
✅ Sent via Slack. Message ID: 1774043156.791969
Sat Mar 21 06:45:56 JST 2026: Posted to Slack: ¥49000
Sat Mar 21 07:15:57 JST 2026: Current lowest PSA10 = ¥49000 (prev: 49000)
✅ Sent via Slack. Message ID: 1774044960.704939
Sat Mar 21 07:16:00 JST 2026: Posted to Slack: ¥49000
Sat Mar 21 07:46:01 JST 2026: Current lowest PSA10 = ¥48000 (prev: 49000)
✅ Sent via Slack. Message ID: 1774046764.689679
Sat Mar 21 07:46:04 JST 2026: Posted to Slack: ¥48000
Sat Mar 21 08:16:05 JST 2026: Current lowest PSA10 = ¥48000 (prev: 48000)
✅ Sent via Slack. Message ID: 1774048568.589119
Sat Mar 21 08:16:08 JST 2026: Posted to Slack: ¥48000
Sat Mar 21 08:46:09 JST 2026: Current lowest PSA10 = ¥48000 (prev: 48000)
✅ Sent via Slack. Message ID: 1774050372.557179
Sat Mar 21 08:46:12 JST 2026: Posted to Slack: ¥48000
Sat Mar 21 09:16:13 JST 2026: Current lowest PSA10 = ¥48000 (prev: 48000)
✅ Sent via Slack. Message ID: 1774052176.543199
Sat Mar 21 09:16:16 JST 2026: Posted to Slack: ¥48000
Sat Mar 21 09:46:16 JST 2026: Current lowest PSA10 = ¥48000 (prev: 48000)
✅ Sent via Slack. Message ID: 1774053980.606549
Sat Mar 21 09:46:20 JST 2026: Posted to Slack: ¥48000
Sat Mar 21 10:16:20 JST 2026: Current lowest PSA10 = ¥48000 (prev: 48000)
✅ Sent via Slack. Message ID: 1774055784.639599
Sat Mar 21 10:16:24 JST 2026: Posted to Slack: ¥48000
Sat Mar 21 10:46:24 JST 2026: Current lowest PSA10 = ¥48000 (prev: 48000)
✅ Sent via Slack. Message ID: 1774057588.585579
Sat Mar 21 10:46:28 JST 2026: Posted to Slack: ¥48000
Sat Mar 21 11:16:28 JST 2026: Current lowest PSA10 = ¥48000 (prev: 48000)
✅ Sent via Slack. Message ID: 1774059392.503649
Sat Mar 21 11:16:32 JST 2026: Posted to Slack: ¥48000
Sat Mar 21 11:46:32 JST 2026: Current lowest PSA10 = ¥48000 (prev: 48000)
✅ Sent via Slack. Message ID: 1774061196.609389
Sat Mar 21 11:46:36 JST 2026: Posted to Slack: ¥48000
Sat Mar 21 12:16:36 JST 2026: Current lowest PSA10 = ¥48000 (prev: 48000)
✅ Sent via Slack. Message ID: 1774063000.642779
Sat Mar 21 12:16:40 JST 2026: Posted to Slack: ¥48000
Sat Mar 21 12:46:41 JST 2026: Current lowest PSA10 = ¥48000 (prev: 48000)
✅ Sent via Slack. Message ID: 1774064804.474709
Sat Mar 21 12:46:44 JST 2026: Posted to Slack: ¥48000
Sat Mar 21 13:16:44 JST 2026: Current lowest PSA10 = ¥48000 (prev: 48000)
✅ Sent via Slack. Message ID: 1774066608.529489
Sat Mar 21 13:16:48 JST 2026: Posted to Slack: ¥48000
Sat Mar 21 13:46:49 JST 2026: Current lowest PSA10 = ¥48000 (prev: 48000)
✅ Sent via Slack. Message ID: 1774068412.905509
Sat Mar 21 13:46:53 JST 2026: Posted to Slack: ¥48000
Sat Mar 21 14:16:53 JST 2026: Current lowest PSA10 = ¥48000 (prev: 48000)
✅ Sent via Slack. Message ID: 1774070216.884859
Sat Mar 21 14:16:57 JST 2026: Posted to Slack: ¥48000
Sat Mar 21 14:46:57 JST 2026: Current lowest PSA10 = ¥48000 (prev: 48000)
✅ Sent via Slack. Message ID: 1774072021.256589
Sat Mar 21 14:47:01 JST 2026: Posted to Slack: ¥48000
Sat Mar 21 15:17:01 JST 2026: Current lowest PSA10 = ¥48000 (prev: 48000)
✅ Sent via Slack. Message ID: 1774073825.114329
Sat Mar 21 15:17:05 JST 2026: Posted to Slack: ¥48000
Sat Mar 21 15:47:05 JST 2026: Current lowest PSA10 = ¥48000 (prev: 48000)
✅ Sent via Slack. Message ID: 1774075628.966389
Sat Mar 21 15:47:09 JST 2026: Posted to Slack: ¥48000
Sat Mar 21 16:17:09 JST 2026: Current lowest PSA10 = ¥48000 (prev: 48000)
✅ Sent via Slack. Message ID: 1774077432.894699
Sat Mar 21 16:17:13 JST 2026: Posted to Slack: ¥48000
Sat Mar 21 16:47:13 JST 2026: Current lowest PSA10 = ¥48000 (prev: 48000)
✅ Sent via Slack. Message ID: 1774079236.672199
Sat Mar 21 16:47:16 JST 2026: Posted to Slack: ¥48000
Sat Mar 21 17:17:17 JST 2026: Current lowest PSA10 = ¥48000 (prev: 48000)
✅ Sent via Slack. Message ID: 1774081040.765789
Sat Mar 21 17:17:20 JST 2026: Posted to Slack: ¥48000
Sat Mar 21 17:47:21 JST 2026: Current lowest PSA10 = ¥48000 (prev: 48000)
✅ Sent via Slack. Message ID: 1774082844.774539
Sat Mar 21 17:47:24 JST 2026: Posted to Slack: ¥48000
Sat Mar 21 18:17:25 JST 2026: Current lowest PSA10 = ¥49300 (prev: 48000)
✅ Sent via Slack. Message ID: 1774084648.727839
Sat Mar 21 18:17:28 JST 2026: Posted to Slack: ¥49300
Sat Mar 21 18:47:29 JST 2026: Current lowest PSA10 = ¥49300 (prev: 49300)
✅ Sent via Slack. Message ID: 1774086452.930909
Sat Mar 21 18:47:33 JST 2026: Posted to Slack: ¥49300
Sat Mar 21 19:17:33 JST 2026: Current lowest PSA10 = ¥48500 (prev: 49300)
✅ Sent via Slack. Message ID: 1774088256.984409
Sat Mar 21 19:17:37 JST 2026: Posted to Slack: ¥48500
Sat Mar 21 19:47:37 JST 2026: Current lowest PSA10 = ¥48999 (prev: 48500)
✅ Sent via Slack. Message ID: 1774090060.978769
Sat Mar 21 19:47:41 JST 2026: Posted to Slack: ¥48999
Sat Mar 21 20:17:41 JST 2026: Current lowest PSA10 = ¥48500 (prev: 48999)
✅ Sent via Slack. Message ID: 1774091865.111049
Sat Mar 21 20:17:45 JST 2026: Posted to Slack: ¥48500
Sat Mar 21 20:47:45 JST 2026: Current lowest PSA10 = ¥48500 (prev: 48500)
✅ Sent via Slack. Message ID: 1774093669.143259
Sat Mar 21 20:47:49 JST 2026: Posted to Slack: ¥48500
Sat Mar 21 21:17:49 JST 2026: Current lowest PSA10 = ¥48500 (prev: 48500)
✅ Sent via Slack. Message ID: 1774095473.094429
Sat Mar 21 21:17:53 JST 2026: Posted to Slack: ¥48500
Sat Mar 21 21:47:53 JST 2026: Current lowest PSA10 = ¥48500 (prev: 48500)
✅ Sent via Slack. Message ID: 1774097277.271959
Sat Mar 21 21:47:57 JST 2026: Posted to Slack: ¥48500
Sat Mar 21 22:17:57 JST 2026: Current lowest PSA10 = ¥48500 (prev: 48500)
✅ Sent via Slack. Message ID: 1774099081.388019
Sat Mar 21 22:18:01 JST 2026: Posted to Slack: ¥48500
Sat Mar 21 22:48:01 JST 2026: Current lowest PSA10 = ¥49300 (prev: 48500)
✅ Sent via Slack. Message ID: 1774100885.534519
Sat Mar 21 22:48:05 JST 2026: Posted to Slack: ¥49300
Sat Mar 21 23:18:06 JST 2026: Current lowest PSA10 = ¥49300 (prev: 49300)
✅ Sent via Slack. Message ID: 1774102689.589579
Sat Mar 21 23:18:09 JST 2026: Posted to Slack: ¥49300
Sat Mar 21 23:48:10 JST 2026: Current lowest PSA10 = ¥49000 (prev: 49300)
✅ Sent via Slack. Message ID: 1774104494.347709
Sat Mar 21 23:48:14 JST 2026: Posted to Slack: ¥49000
Sun Mar 22 00:18:14 JST 2026: Current lowest PSA10 = ¥49000 (prev: 49000)
✅ Sent via Slack. Message ID: 1774106298.560879
Sun Mar 22 00:18:18 JST 2026: Posted to Slack: ¥49000
Sun Mar 22 00:48:19 JST 2026: Current lowest PSA10 = ¥49000 (prev: 49000)
✅ Sent via Slack. Message ID: 1774108103.023439
Sun Mar 22 00:48:23 JST 2026: Posted to Slack: ¥49000
Sun Mar 22 01:18:23 JST 2026: Current lowest PSA10 = ¥49000 (prev: 49000)
✅ Sent via Slack. Message ID: 1774109907.358439
Sun Mar 22 01:18:27 JST 2026: Posted to Slack: ¥49000
Sun Mar 22 01:48:27 JST 2026: Current lowest PSA10 = ¥49000 (prev: 49000)
✅ Sent via Slack. Message ID: 1774111711.973959
Sun Mar 22 01:48:32 JST 2026: Posted to Slack: ¥49000
Sun Mar 22 02:18:32 JST 2026: Current lowest PSA10 = ¥48900 (prev: 49000)
✅ Sent via Slack. Message ID: 1774113516.327109
Sun Mar 22 02:18:36 JST 2026: Posted to Slack: ¥48900
Sun Mar 22 02:48:36 JST 2026: Current lowest PSA10 = ¥48900 (prev: 48900)
✅ Sent via Slack. Message ID: 1774115320.547109
Sun Mar 22 02:48:40 JST 2026: Posted to Slack: ¥48900
Sun Mar 22 03:18:41 JST 2026: Current lowest PSA10 = ¥48900 (prev: 48900)
✅ Sent via Slack. Message ID: 1774117124.644419
Sun Mar 22 03:18:44 JST 2026: Posted to Slack: ¥48900
Sun Mar 22 03:48:45 JST 2026: Current lowest PSA10 = ¥48900 (prev: 48900)
✅ Sent via Slack. Message ID: 1774118937.051289
Sun Mar 22 03:48:57 JST 2026: Posted to Slack: ¥48900
Sun Mar 22 04:18:58 JST 2026: Current lowest PSA10 = ¥48900 (prev: 48900)
✅ Sent via Slack. Message ID: 1774120741.686599
Sun Mar 22 04:19:01 JST 2026: Posted to Slack: ¥48900
Sun Mar 22 04:49:02 JST 2026: Current lowest PSA10 = ¥48900 (prev: 48900)
✅ Sent via Slack. Message ID: 1774122545.755569
Sun Mar 22 04:49:05 JST 2026: Posted to Slack: ¥48900
Sun Mar 22 05:19:06 JST 2026: Current lowest PSA10 = ¥48900 (prev: 48900)
✅ Sent via Slack. Message ID: 1774124350.449069
Sun Mar 22 05:19:10 JST 2026: Posted to Slack: ¥48900
Sun Mar 22 05:49:10 JST 2026: Current lowest PSA10 = ¥48900 (prev: 48900)
✅ Sent via Slack. Message ID: 1774126154.539829
Sun Mar 22 05:49:14 JST 2026: Posted to Slack: ¥48900
Sun Mar 22 06:19:15 JST 2026: Current lowest PSA10 = ¥48900 (prev: 48900)
✅ Sent via Slack. Message ID: 1774127958.764159
Sun Mar 22 06:19:19 JST 2026: Posted to Slack: ¥48900
Sun Mar 22 06:49:19 JST 2026: Current lowest PSA10 = ¥48900 (prev: 48900)
✅ Sent via Slack. Message ID: 1774129762.987549
Sun Mar 22 06:49:23 JST 2026: Posted to Slack: ¥48900
Sun Mar 22 07:19:23 JST 2026: Current lowest PSA10 = ¥48900 (prev: 48900)
✅ Sent via Slack. Message ID: 1774131567.223549
Sun Mar 22 07:19:27 JST 2026: Posted to Slack: ¥48900
Sun Mar 22 07:49:27 JST 2026: Current lowest PSA10 = ¥48900 (prev: 48900)
✅ Sent via Slack. Message ID: 1774133371.328889
Sun Mar 22 07:49:31 JST 2026: Posted to Slack: ¥48900
Sun Mar 22 08:19:31 JST 2026: Current lowest PSA10 = ¥48900 (prev: 48900)
✅ Sent via Slack. Message ID: 1774135175.402849
Sun Mar 22 08:19:35 JST 2026: Posted to Slack: ¥48900
Sun Mar 22 08:49:35 JST 2026: Current lowest PSA10 = ¥48900 (prev: 48900)
✅ Sent via Slack. Message ID: 1774136979.642169
Sun Mar 22 08:49:39 JST 2026: Posted to Slack: ¥48900
Sun Mar 22 09:19:40 JST 2026: Current lowest PSA10 = ¥48900 (prev: 48900)
✅ Sent via Slack. Message ID: 1774138783.681899
Sun Mar 22 09:19:43 JST 2026: Posted to Slack: ¥48900
Sun Mar 22 09:49:44 JST 2026: Current lowest PSA10 = ¥48900 (prev: 48900)
✅ Sent via Slack. Message ID: 1774140587.621679
Sun Mar 22 09:49:47 JST 2026: Posted to Slack: ¥48900
Sun Mar 22 10:19:48 JST 2026: Current lowest PSA10 = ¥48900 (prev: 48900)
✅ Sent via Slack. Message ID: 1774142391.671759
Sun Mar 22 10:19:51 JST 2026: Posted to Slack: ¥48900
Sun Mar 22 10:49:51 JST 2026: Current lowest PSA10 = ¥48900 (prev: 48900)
✅ Sent via Slack. Message ID: 1774144196.005299
Sun Mar 22 10:49:56 JST 2026: Posted to Slack: ¥48900
Sun Mar 22 11:19:56 JST 2026: Current lowest PSA10 = ¥48000 (prev: 48900)
✅ Sent via Slack. Message ID: 1774146000.268239
Sun Mar 22 11:20:00 JST 2026: Posted to Slack: ¥48000
Sun Mar 22 11:50:01 JST 2026: Current lowest PSA10 = ¥48000 (prev: 48000)
✅ Sent via Slack. Message ID: 1774147805.375789
Sun Mar 22 11:50:05 JST 2026: Posted to Slack: ¥48000
Sun Mar 22 12:20:05 JST 2026: Current lowest PSA10 = ¥48000 (prev: 48000)
✅ Sent via Slack. Message ID: 1774149609.386279
Sun Mar 22 12:20:09 JST 2026: Posted to Slack: ¥48000
Sun Mar 22 12:50:09 JST 2026: Current lowest PSA10 = ¥48000 (prev: 48000)
✅ Sent via Slack. Message ID: 1774151413.395029
Sun Mar 22 12:50:13 JST 2026: Posted to Slack: ¥48000
Sun Mar 22 13:20:13 JST 2026: Current lowest PSA10 = ¥48000 (prev: 48000)
✅ Sent via Slack. Message ID: 1774153217.579379
Sun Mar 22 13:20:17 JST 2026: Posted to Slack: ¥48000
Sun Mar 22 13:50:18 JST 2026: Current lowest PSA10 = ¥48000 (prev: 48000)
✅ Sent via Slack. Message ID: 1774155021.575549
Sun Mar 22 13:50:21 JST 2026: Posted to Slack: ¥48000
Sun Mar 22 14:20:22 JST 2026: Current lowest PSA10 = ¥48000 (prev: 48000)
✅ Sent via Slack. Message ID: 1774156825.738939
Sun Mar 22 14:20:25 JST 2026: Posted to Slack: ¥48000
Sun Mar 22 14:50:26 JST 2026: Current lowest PSA10 = ¥48000 (prev: 48000)
✅ Sent via Slack. Message ID: 1774158629.765539
Sun Mar 22 14:50:30 JST 2026: Posted to Slack: ¥48000
Sun Mar 22 15:20:30 JST 2026: Current lowest PSA10 = ¥48000 (prev: 48000)
✅ Sent via Slack. Message ID: 1774160433.870029
Sun Mar 22 15:20:33 JST 2026: Posted to Slack: ¥48000
Sun Mar 22 15:50:34 JST 2026: Current lowest PSA10 = ¥48000 (prev: 48000)
✅ Sent via Slack. Message ID: 1774162237.854389
Sun Mar 22 15:50:37 JST 2026: Posted to Slack: ¥48000
Sun Mar 22 16:20:38 JST 2026: Current lowest PSA10 = ¥48000 (prev: 48000)
✅ Sent via Slack. Message ID: 1774164042.322849
Sun Mar 22 16:20:42 JST 2026: Posted to Slack: ¥48000
Sun Mar 22 16:50:42 JST 2026: Current lowest PSA10 = ¥48000 (prev: 48000)
✅ Sent via Slack. Message ID: 1774165846.311699
Sun Mar 22 16:50:46 JST 2026: Posted to Slack: ¥48000
Sun Mar 22 17:20:46 JST 2026: Current lowest PSA10 = ¥48000 (prev: 48000)
✅ Sent via Slack. Message ID: 1774167651.472659
Sun Mar 22 17:20:51 JST 2026: Posted to Slack: ¥48000
Sun Mar 22 17:50:52 JST 2026: Current lowest PSA10 = ¥48000 (prev: 48000)
✅ Sent via Slack. Message ID: 1774169455.548269
Sun Mar 22 17:50:55 JST 2026: Posted to Slack: ¥48000
Sun Mar 22 18:20:56 JST 2026: Current lowest PSA10 = ¥48000 (prev: 48000)
✅ Sent via Slack. Message ID: 1774171259.596479
Sun Mar 22 18:20:59 JST 2026: Posted to Slack: ¥48000
Sun Mar 22 18:51:00 JST 2026: Current lowest PSA10 = ¥48000 (prev: 48000)
✅ Sent via Slack. Message ID: 1774173063.782689
Sun Mar 22 18:51:03 JST 2026: Posted to Slack: ¥48000
Sun Mar 22 19:21:04 JST 2026: Current lowest PSA10 = ¥49000 (prev: 48000)
✅ Sent via Slack. Message ID: 1774174868.158569
Sun Mar 22 19:21:08 JST 2026: Posted to Slack: ¥49000
Sun Mar 22 19:51:08 JST 2026: Current lowest PSA10 = ¥49000 (prev: 49000)
✅ Sent via Slack. Message ID: 1774176672.294669
Sun Mar 22 19:51:12 JST 2026: Posted to Slack: ¥49000
Sun Mar 22 20:21:13 JST 2026: Current lowest PSA10 = ¥49000 (prev: 49000)
✅ Sent via Slack. Message ID: 1774178476.793679
Sun Mar 22 20:21:17 JST 2026: Posted to Slack: ¥49000
Sun Mar 22 20:51:17 JST 2026: Current lowest PSA10 = ¥49000 (prev: 49000)
✅ Sent via Slack. Message ID: 1774180281.043629
Sun Mar 22 20:51:21 JST 2026: Posted to Slack: ¥49000
Sun Mar 22 21:21:21 JST 2026: Current lowest PSA10 = ¥49000 (prev: 49000)
✅ Sent via Slack. Message ID: 1774182085.229729
Sun Mar 22 21:21:25 JST 2026: Posted to Slack: ¥49000
Sun Mar 22 21:51:25 JST 2026: Current lowest PSA10 = ¥49000 (prev: 49000)
✅ Sent via Slack. Message ID: 1774183889.435389
Sun Mar 22 21:51:29 JST 2026: Posted to Slack: ¥49000
Sun Mar 22 22:21:29 JST 2026: Current lowest PSA10 = ¥48500 (prev: 49000)
✅ Sent via Slack. Message ID: 1774185693.959079
Sun Mar 22 22:21:34 JST 2026: Posted to Slack: ¥48500
Sun Mar 22 22:51:34 JST 2026: Current lowest PSA10 = ¥48500 (prev: 48500)
✅ Sent via Slack. Message ID: 1774187498.143419
Sun Mar 22 22:51:38 JST 2026: Posted to Slack: ¥48500
Sun Mar 22 23:21:38 JST 2026: Current lowest PSA10 = ¥48500 (prev: 48500)
✅ Sent via Slack. Message ID: 1774189302.154089
Sun Mar 22 23:21:42 JST 2026: Posted to Slack: ¥48500
Sun Mar 22 23:51:42 JST 2026: Current lowest PSA10 = ¥48500 (prev: 48500)
✅ Sent via Slack. Message ID: 1774191106.314139
Sun Mar 22 23:51:46 JST 2026: Posted to Slack: ¥48500
Mon Mar 23 00:21:46 JST 2026: Current lowest PSA10 = ¥48500 (prev: 48500)
✅ Sent via Slack. Message ID: 1774192910.641349
Mon Mar 23 00:21:50 JST 2026: Posted to Slack: ¥48500
Mon Mar 23 00:51:51 JST 2026: Current lowest PSA10 = ¥48500 (prev: 48500)
✅ Sent via Slack. Message ID: 1774194715.024719
Mon Mar 23 00:51:55 JST 2026: Posted to Slack: ¥48500
Mon Mar 23 01:21:55 JST 2026: Current lowest PSA10 = ¥48500 (prev: 48500)
✅ Sent via Slack. Message ID: 1774196519.088979
Mon Mar 23 01:21:59 JST 2026: Posted to Slack: ¥48500
Mon Mar 23 01:51:59 JST 2026: Current lowest PSA10 = ¥48500 (prev: 48500)
✅ Sent via Slack. Message ID: 1774198323.199129
Mon Mar 23 01:52:03 JST 2026: Posted to Slack: ¥48500
Mon Mar 23 02:22:03 JST 2026: Current lowest PSA10 = ¥48500 (prev: 48500)
✅ Sent via Slack. Message ID: 1774200127.352779
Mon Mar 23 02:22:07 JST 2026: Posted to Slack: ¥48500
Mon Mar 23 02:52:07 JST 2026: Current lowest PSA10 = ¥48500 (prev: 48500)
✅ Sent via Slack. Message ID: 1774201931.511189
Mon Mar 23 02:52:11 JST 2026: Posted to Slack: ¥48500
Mon Mar 23 03:22:12 JST 2026: Current lowest PSA10 = ¥48500 (prev: 48500)
✅ Sent via Slack. Message ID: 1774203735.768189
Mon Mar 23 03:22:15 JST 2026: Posted to Slack: ¥48500
Mon Mar 23 03:52:16 JST 2026: Current lowest PSA10 = ¥48500 (prev: 48500)
✅ Sent via Slack. Message ID: 1774205540.045019
Mon Mar 23 03:52:20 JST 2026: Posted to Slack: ¥48500
Mon Mar 23 04:22:20 JST 2026: Current lowest PSA10 = ¥48500 (prev: 48500)
✅ Sent via Slack. Message ID: 1774207345.004659
Mon Mar 23 04:22:25 JST 2026: Posted to Slack: ¥48500
Mon Mar 23 04:52:25 JST 2026: Current lowest PSA10 = ¥48500 (prev: 48500)
✅ Sent via Slack. Message ID: 1774209149.282679
Mon Mar 23 04:52:29 JST 2026: Posted to Slack: ¥48500
Mon Mar 23 05:22:29 JST 2026: Current lowest PSA10 = ¥48500 (prev: 48500)
✅ Sent via Slack. Message ID: 1774210953.527619
Mon Mar 23 05:22:33 JST 2026: Posted to Slack: ¥48500
Mon Mar 23 05:52:33 JST 2026: Current lowest PSA10 = ¥48500 (prev: 48500)
✅ Sent via Slack. Message ID: 1774212757.852519
Mon Mar 23 05:52:37 JST 2026: Posted to Slack: ¥48500
Mon Mar 23 06:22:38 JST 2026: Current lowest PSA10 = ¥48500 (prev: 48500)
✅ Sent via Slack. Message ID: 1774214562.155209
Mon Mar 23 06:22:42 JST 2026: Posted to Slack: ¥48500
Mon Mar 23 06:52:42 JST 2026: Current lowest PSA10 = ¥48500 (prev: 48500)
✅ Sent via Slack. Message ID: 1774216366.372759
Mon Mar 23 06:52:46 JST 2026: Posted to Slack: ¥48500
Mon Mar 23 07:22:46 JST 2026: Current lowest PSA10 = ¥48500 (prev: 48500)
✅ Sent via Slack. Message ID: 1774218170.588259
Mon Mar 23 07:22:50 JST 2026: Posted to Slack: ¥48500
Mon Mar 23 07:52:51 JST 2026: Current lowest PSA10 = ¥48500 (prev: 48500)
✅ Sent via Slack. Message ID: 1774219974.623069
Mon Mar 23 07:52:54 JST 2026: Posted to Slack: ¥48500
Mon Mar 23 08:22:55 JST 2026: Current lowest PSA10 = ¥48500 (prev: 48500)
✅ Sent via Slack. Message ID: 1774221778.561519
Mon Mar 23 08:22:58 JST 2026: Posted to Slack: ¥48500
Mon Mar 23 08:52:59 JST 2026: Current lowest PSA10 = ¥48500 (prev: 48500)
✅ Sent via Slack. Message ID: 1774223582.609629
Mon Mar 23 08:53:02 JST 2026: Posted to Slack: ¥48500
Mon Mar 23 09:23:02 JST 2026: Current lowest PSA10 = ¥48500 (prev: 48500)
✅ Sent via Slack. Message ID: 1774225386.632019
Mon Mar 23 09:23:06 JST 2026: Posted to Slack: ¥48500
Mon Mar 23 09:53:07 JST 2026: Current lowest PSA10 = ¥48500 (prev: 48500)
✅ Sent via Slack. Message ID: 1774227190.642459
Mon Mar 23 09:53:10 JST 2026: Posted to Slack: ¥48500
Mon Mar 23 10:23:11 JST 2026: Current lowest PSA10 = ¥48500 (prev: 48500)
✅ Sent via Slack. Message ID: 1774228994.882709
Mon Mar 23 10:23:14 JST 2026: Posted to Slack: ¥48500
Mon Mar 23 10:53:15 JST 2026: Current lowest PSA10 = ¥48500 (prev: 48500)
✅ Sent via Slack. Message ID: 1774230798.962199
Mon Mar 23 10:53:19 JST 2026: Posted to Slack: ¥48500
Mon Mar 23 11:23:19 JST 2026: Current lowest PSA10 = ¥48500 (prev: 48500)
✅ Sent via Slack. Message ID: 1774232603.004469
Mon Mar 23 11:23:23 JST 2026: Posted to Slack: ¥48500
Mon Mar 23 11:53:23 JST 2026: Current lowest PSA10 = ¥48500 (prev: 48500)
✅ Sent via Slack. Message ID: 1774234407.238539
Mon Mar 23 11:53:27 JST 2026: Posted to Slack: ¥48500
Mon Mar 23 12:23:27 JST 2026: Current lowest PSA10 = ¥48500 (prev: 48500)
✅ Sent via Slack. Message ID: 1774236211.399039
Mon Mar 23 12:23:31 JST 2026: Posted to Slack: ¥48500
Mon Mar 23 12:53:31 JST 2026: Current lowest PSA10 = ¥48500 (prev: 48500)
✅ Sent via Slack. Message ID: 1774238015.650739
Mon Mar 23 12:53:35 JST 2026: Posted to Slack: ¥48500
Mon Mar 23 13:23:36 JST 2026: Current lowest PSA10 = ¥48500 (prev: 48500)
✅ Sent via Slack. Message ID: 1774239819.688829
Mon Mar 23 13:23:39 JST 2026: Posted to Slack: ¥48500
Mon Mar 23 13:53:40 JST 2026: Current lowest PSA10 = ¥48500 (prev: 48500)
✅ Sent via Slack. Message ID: 1774241623.755329
Mon Mar 23 13:53:43 JST 2026: Posted to Slack: ¥48500
Mon Mar 23 14:23:44 JST 2026: Current lowest PSA10 = ¥48500 (prev: 48500)
✅ Sent via Slack. Message ID: 1774243427.769799
Mon Mar 23 14:23:47 JST 2026: Posted to Slack: ¥48500
Mon Mar 23 14:53:48 JST 2026: Current lowest PSA10 = ¥48500 (prev: 48500)
✅ Sent via Slack. Message ID: 1774245231.700689
Mon Mar 23 14:53:51 JST 2026: Posted to Slack: ¥48500
Mon Mar 23 15:23:52 JST 2026: Current lowest PSA10 = ¥48450 (prev: 48500)
✅ Sent via Slack. Message ID: 1774247035.736989
Mon Mar 23 15:23:55 JST 2026: Posted to Slack: ¥48450
Mon Mar 23 15:53:56 JST 2026: Current lowest PSA10 = ¥48450 (prev: 48450)
✅ Sent via Slack. Message ID: 1774248839.897079
Mon Mar 23 15:54:00 JST 2026: Posted to Slack: ¥48450
Mon Mar 23 16:24:00 JST 2026: Current lowest PSA10 = ¥48450 (prev: 48450)
✅ Sent via Slack. Message ID: 1774250644.004919
Mon Mar 23 16:24:04 JST 2026: Posted to Slack: ¥48450
Mon Mar 23 16:54:04 JST 2026: Current lowest PSA10 = ¥48450 (prev: 48450)
✅ Sent via Slack. Message ID: 1774252448.093259
Mon Mar 23 16:54:08 JST 2026: Posted to Slack: ¥48450
Mon Mar 23 17:24:08 JST 2026: Current lowest PSA10 = ¥48450 (prev: 48450)
✅ Sent via Slack. Message ID: 1774254252.067479
Mon Mar 23 17:24:12 JST 2026: Posted to Slack: ¥48450
Mon Mar 23 17:54:12 JST 2026: Current lowest PSA10 = ¥48450 (prev: 48450)
✅ Sent via Slack. Message ID: 1774256055.957379
Mon Mar 23 17:54:16 JST 2026: Posted to Slack: ¥48450
Mon Mar 23 18:24:16 JST 2026: Current lowest PSA10 = ¥48450 (prev: 48450)
✅ Sent via Slack. Message ID: 1774257859.995199
Mon Mar 23 18:24:20 JST 2026: Posted to Slack: ¥48450
Mon Mar 23 18:54:20 JST 2026: Current lowest PSA10 = ¥48450 (prev: 48450)
✅ Sent via Slack. Message ID: 1774259664.034749
Mon Mar 23 18:54:24 JST 2026: Posted to Slack: ¥48450
Mon Mar 23 19:24:24 JST 2026: Current lowest PSA10 = ¥48450 (prev: 48450)
✅ Sent via Slack. Message ID: 1774261467.920669
Mon Mar 23 19:24:28 JST 2026: Posted to Slack: ¥48450
Mon Mar 23 19:54:28 JST 2026: Current lowest PSA10 = ¥48450 (prev: 48450)
✅ Sent via Slack. Message ID: 1774263272.074049
Mon Mar 23 19:54:32 JST 2026: Posted to Slack: ¥48450
Mon Mar 23 20:24:32 JST 2026: Current lowest PSA10 = ¥48450 (prev: 48450)
✅ Sent via Slack. Message ID: 1774265076.832769
Mon Mar 23 20:24:36 JST 2026: Posted to Slack: ¥48450
Mon Mar 23 20:54:37 JST 2026: Current lowest PSA10 = ¥48450 (prev: 48450)
✅ Sent via Slack. Message ID: 1774266880.888159
Mon Mar 23 20:54:40 JST 2026: Posted to Slack: ¥48450
Mon Mar 23 21:24:37 JST 2026: Current lowest PSA10 = ¥48000 (prev: 48450)
✅ Sent via Slack. Message ID: 1774268685.214879
Mon Mar 23 21:24:40 JST 2026: Posted to Slack: ¥48000
Mon Mar 23 21:54:45 JST 2026: Current lowest PSA10 = ¥48000 (prev: 48000)
✅ Sent via Slack. Message ID: 1774270489.383039
Mon Mar 23 21:54:49 JST 2026: Posted to Slack: ¥48000
Mon Mar 23 22:24:49 JST 2026: Current lowest PSA10 = ¥48000 (prev: 48000)
✅ Sent via Slack. Message ID: 1774272293.450609
Mon Mar 23 22:24:53 JST 2026: Posted to Slack: ¥48000
Mon Mar 23 22:54:53 JST 2026: Current lowest PSA10 = ¥48000 (prev: 48000)
✅ Sent via Slack. Message ID: 1774274097.757689
Mon Mar 23 22:54:57 JST 2026: Posted to Slack: ¥48000
Mon Mar 23 23:24:58 JST 2026: Current lowest PSA10 = ¥48000 (prev: 48000)
✅ Sent via Slack. Message ID: 1774275901.821849
Mon Mar 23 23:25:02 JST 2026: Posted to Slack: ¥48000
Mon Mar 23 23:55:02 JST 2026: Current lowest PSA10 = ¥48000 (prev: 48000)
✅ Sent via Slack. Message ID: 1774277706.005769
Mon Mar 23 23:55:06 JST 2026: Posted to Slack: ¥48000
Tue Mar 24 00:25:06 JST 2026: Current lowest PSA10 = ¥48000 (prev: 48000)
✅ Sent via Slack. Message ID: 1774279510.316549
Tue Mar 24 00:25:10 JST 2026: Posted to Slack: ¥48000
Tue Mar 24 00:55:10 JST 2026: Current lowest PSA10 = ¥48000 (prev: 48000)
✅ Sent via Slack. Message ID: 1774281314.903579
Tue Mar 24 00:55:15 JST 2026: Posted to Slack: ¥48000
Tue Mar 24 01:25:15 JST 2026: Current lowest PSA10 = ¥48000 (prev: 48000)
✅ Sent via Slack. Message ID: 1774283119.287909
Tue Mar 24 01:25:19 JST 2026: Posted to Slack: ¥48000
Tue Mar 24 01:55:21 JST 2026: Current lowest PSA10 = ¥48000 (prev: 48000)
✅ Sent via Slack. Message ID: 1774284925.064599
Tue Mar 24 01:55:25 JST 2026: Posted to Slack: ¥48000
Tue Mar 24 02:25:25 JST 2026: Current lowest PSA10 = ¥48000 (prev: 48000)
✅ Sent via Slack. Message ID: 1774286729.140379
Tue Mar 24 02:25:29 JST 2026: Posted to Slack: ¥48000
Tue Mar 24 02:55:29 JST 2026: Current lowest PSA10 = ¥48000 (prev: 48000)
✅ Sent via Slack. Message ID: 1774288533.336819
Tue Mar 24 02:55:33 JST 2026: Posted to Slack: ¥48000
Tue Mar 24 03:25:33 JST 2026: Current lowest PSA10 = ¥48000 (prev: 48000)
✅ Sent via Slack. Message ID: 1774290337.526989
Tue Mar 24 03:25:37 JST 2026: Posted to Slack: ¥48000
Tue Mar 24 03:55:37 JST 2026: Current lowest PSA10 = ¥48000 (prev: 48000)
✅ Sent via Slack. Message ID: 1774292141.859849
Tue Mar 24 03:55:41 JST 2026: Posted to Slack: ¥48000
Tue Mar 24 04:25:42 JST 2026: Current lowest PSA10 = ¥48000 (prev: 48000)
✅ Sent via Slack. Message ID: 1774293945.904849
Tue Mar 24 04:25:46 JST 2026: Posted to Slack: ¥48000
Tue Mar 24 04:55:46 JST 2026: Current lowest PSA10 = ¥48000 (prev: 48000)
✅ Sent via Slack. Message ID: 1774295750.287829
Tue Mar 24 04:55:50 JST 2026: Posted to Slack: ¥48000
Tue Mar 24 05:25:50 JST 2026: Current lowest PSA10 = ¥48000 (prev: 48000)
✅ Sent via Slack. Message ID: 1774297554.505109
Tue Mar 24 05:25:54 JST 2026: Posted to Slack: ¥48000
Tue Mar 24 05:55:54 JST 2026: Current lowest PSA10 = ¥48000 (prev: 48000)
✅ Sent via Slack. Message ID: 1774299358.899769
Tue Mar 24 05:55:58 JST 2026: Posted to Slack: ¥48000
Tue Mar 24 06:25:59 JST 2026: Current lowest PSA10 = ¥48000 (prev: 48000)
✅ Sent via Slack. Message ID: 1774301163.063779
Tue Mar 24 06:26:03 JST 2026: Posted to Slack: ¥48000
Tue Mar 24 06:56:03 JST 2026: Current lowest PSA10 = ¥48000 (prev: 48000)
✅ Sent via Slack. Message ID: 1774302967.456199
Tue Mar 24 06:56:07 JST 2026: Posted to Slack: ¥48000
Tue Mar 24 07:26:07 JST 2026: Current lowest PSA10 = ¥48000 (prev: 48000)
✅ Sent via Slack. Message ID: 1774304771.583369
Tue Mar 24 07:26:11 JST 2026: Posted to Slack: ¥48000
Tue Mar 24 07:56:12 JST 2026: Current lowest PSA10 = ¥48000 (prev: 48000)
✅ Sent via Slack. Message ID: 1774306575.809629
Tue Mar 24 07:56:15 JST 2026: Posted to Slack: ¥48000
Tue Mar 24 08:26:16 JST 2026: Current lowest PSA10 = ¥48000 (prev: 48000)
✅ Sent via Slack. Message ID: 1774308379.886519
Tue Mar 24 08:26:20 JST 2026: Posted to Slack: ¥48000
Tue Mar 24 08:56:20 JST 2026: Current lowest PSA10 = ¥48000 (prev: 48000)
✅ Sent via Slack. Message ID: 1774310183.955619
Tue Mar 24 08:56:24 JST 2026: Posted to Slack: ¥48000
Tue Mar 24 09:26:24 JST 2026: Current lowest PSA10 = ¥48000 (prev: 48000)
✅ Sent via Slack. Message ID: 1774311988.012149
Tue Mar 24 09:26:28 JST 2026: Posted to Slack: ¥48000
Tue Mar 24 09:56:28 JST 2026: Current lowest PSA10 = ¥48000 (prev: 48000)
✅ Sent via Slack. Message ID: 1774313792.036739
Tue Mar 24 09:56:32 JST 2026: Posted to Slack: ¥48000
Tue Mar 24 10:26:32 JST 2026: Current lowest PSA10 = ¥48000 (prev: 48000)
✅ Sent via Slack. Message ID: 1774315596.205059
Tue Mar 24 10:26:36 JST 2026: Posted to Slack: ¥48000
Tue Mar 24 10:56:36 JST 2026: Current lowest PSA10 = ¥48000 (prev: 48000)
✅ Sent via Slack. Message ID: 1774317400.398839
Tue Mar 24 10:56:40 JST 2026: Posted to Slack: ¥48000
Tue Mar 24 11:26:40 JST 2026: Current lowest PSA10 = ¥48000 (prev: 48000)
✅ Sent via Slack. Message ID: 1774319204.505319
Tue Mar 24 11:26:44 JST 2026: Posted to Slack: ¥48000
Tue Mar 24 11:56:44 JST 2026: Current lowest PSA10 = ¥48250 (prev: 48000)
✅ Sent via Slack. Message ID: 1774321008.441939
Tue Mar 24 11:56:48 JST 2026: Posted to Slack: ¥48250
Tue Mar 24 12:26:48 JST 2026: Current lowest PSA10 = ¥48000 (prev: 48250)
✅ Sent via Slack. Message ID: 1774322812.416789
Tue Mar 24 12:26:52 JST 2026: Posted to Slack: ¥48000
Tue Mar 24 12:56:52 JST 2026: Current lowest PSA10 = ¥48000 (prev: 48000)
✅ Sent via Slack. Message ID: 1774324616.749429
Tue Mar 24 12:56:56 JST 2026: Posted to Slack: ¥48000
Tue Mar 24 13:26:57 JST 2026: Current lowest PSA10 = ¥47990 (prev: 48000)
✅ Sent via Slack. Message ID: 1774326420.958709
Tue Mar 24 13:27:01 JST 2026: Posted to Slack: ¥47990
Tue Mar 24 13:57:01 JST 2026: Current lowest PSA10 = ¥47990 (prev: 47990)
✅ Sent via Slack. Message ID: 1774328225.112439
Tue Mar 24 13:57:05 JST 2026: Posted to Slack: ¥47990
Tue Mar 24 14:27:05 JST 2026: Current lowest PSA10 = ¥47990 (prev: 47990)
✅ Sent via Slack. Message ID: 1774330029.073679
Tue Mar 24 14:27:09 JST 2026: Posted to Slack: ¥47990
Tue Mar 24 14:57:09 JST 2026: Current lowest PSA10 = ¥47777 (prev: 47990)
✅ Sent via Slack. Message ID: 1774331833.520769
Tue Mar 24 14:57:13 JST 2026: Posted to Slack: ¥47777
Tue Mar 24 15:27:13 JST 2026: Current lowest PSA10 = ¥47777 (prev: 47777)
✅ Sent via Slack. Message ID: 1774333637.796749
Tue Mar 24 15:27:17 JST 2026: Posted to Slack: ¥47777
Tue Mar 24 15:57:18 JST 2026: Current lowest PSA10 = ¥47777 (prev: 47777)
✅ Sent via Slack. Message ID: 1774335441.813619
Tue Mar 24 15:57:21 JST 2026: Posted to Slack: ¥47777
Tue Mar 24 16:27:22 JST 2026: Current lowest PSA10 = ¥47777 (prev: 47777)
✅ Sent via Slack. Message ID: 1774337245.997979
Tue Mar 24 16:27:26 JST 2026: Posted to Slack: ¥47777
Tue Mar 24 16:57:26 JST 2026: Current lowest PSA10 = ¥47777 (prev: 47777)
✅ Sent via Slack. Message ID: 1774339050.012219
Tue Mar 24 16:57:30 JST 2026: Posted to Slack: ¥47777
Tue Mar 24 17:27:30 JST 2026: Current lowest PSA10 = ¥47777 (prev: 47777)
✅ Sent via Slack. Message ID: 1774340854.083519
Tue Mar 24 17:27:34 JST 2026: Posted to Slack: ¥47777
Tue Mar 24 17:57:34 JST 2026: Current lowest PSA10 = ¥47777 (prev: 47777)
✅ Sent via Slack. Message ID: 1774342658.220819
Tue Mar 24 17:57:38 JST 2026: Posted to Slack: ¥47777
Tue Mar 24 18:27:38 JST 2026: Current lowest PSA10 = ¥47777 (prev: 47777)
✅ Sent via Slack. Message ID: 1774344462.381029
Tue Mar 24 18:27:42 JST 2026: Posted to Slack: ¥47777
Tue Mar 24 18:57:42 JST 2026: Current lowest PSA10 = ¥47777 (prev: 47777)
✅ Sent via Slack. Message ID: 1774346266.287829
Tue Mar 24 18:57:46 JST 2026: Posted to Slack: ¥47777
Tue Mar 24 19:27:46 JST 2026: Current lowest PSA10 = ¥47777 (prev: 47777)
✅ Sent via Slack. Message ID: 1774348070.321729
Tue Mar 24 19:27:50 JST 2026: Posted to Slack: ¥47777
Tue Mar 24 19:57:50 JST 2026: Current lowest PSA10 = ¥47777 (prev: 47777)
✅ Sent via Slack. Message ID: 1774349874.325999
Tue Mar 24 19:57:54 JST 2026: Posted to Slack: ¥47777
Tue Mar 24 20:27:54 JST 2026: Current lowest PSA10 = ¥47000 (prev: 47777)
✅ Sent via Slack. Message ID: 1774351678.373229
Tue Mar 24 20:27:58 JST 2026: Posted to Slack: ¥47000
Tue Mar 24 20:57:58 JST 2026: Current lowest PSA10 = ¥47000 (prev: 47000)
✅ Sent via Slack. Message ID: 1774353482.483239
Tue Mar 24 20:58:02 JST 2026: Posted to Slack: ¥47000
Tue Mar 24 21:28:02 JST 2026: Current lowest PSA10 = ¥47000 (prev: 47000)
✅ Sent via Slack. Message ID: 1774355286.478489
Tue Mar 24 21:28:06 JST 2026: Posted to Slack: ¥47000
Tue Mar 24 21:58:06 JST 2026: Current lowest PSA10 = ¥47000 (prev: 47000)
✅ Sent via Slack. Message ID: 1774357090.528079
Tue Mar 24 21:58:10 JST 2026: Posted to Slack: ¥47000
Tue Mar 24 22:28:10 JST 2026: Current lowest PSA10 = ¥47000 (prev: 47000)
✅ Sent via Slack. Message ID: 1774358894.703189
Tue Mar 24 22:28:14 JST 2026: Posted to Slack: ¥47000
Tue Mar 24 22:58:15 JST 2026: Current lowest PSA10 = ¥47000 (prev: 47000)
✅ Sent via Slack. Message ID: 1774360699.024479
Tue Mar 24 22:58:19 JST 2026: Posted to Slack: ¥47000
Tue Mar 24 23:28:19 JST 2026: Current lowest PSA10 = ¥48000 (prev: 47000)
✅ Sent via Slack. Message ID: 1774362503.029179
Tue Mar 24 23:28:23 JST 2026: Posted to Slack: ¥48000
Tue Mar 24 23:58:23 JST 2026: Current lowest PSA10 = ¥48000 (prev: 48000)
✅ Sent via Slack. Message ID: 1774364307.067799
Tue Mar 24 23:58:27 JST 2026: Posted to Slack: ¥48000
Wed Mar 25 00:28:27 JST 2026: Current lowest PSA10 = ¥48000 (prev: 48000)
✅ Sent via Slack. Message ID: 1774366111.489089
Wed Mar 25 00:28:31 JST 2026: Posted to Slack: ¥48000
Wed Mar 25 00:58:31 JST 2026: Current lowest PSA10 = ¥48000 (prev: 48000)
✅ Sent via Slack. Message ID: 1774367915.783899
Wed Mar 25 00:58:35 JST 2026: Posted to Slack: ¥48000
Wed Mar 25 01:28:36 JST 2026: Current lowest PSA10 = ¥48000 (prev: 48000)
✅ Sent via Slack. Message ID: 1774369720.021929
Wed Mar 25 01:28:40 JST 2026: Posted to Slack: ¥48000
Wed Mar 25 01:58:40 JST 2026: Current lowest PSA10 = ¥48000 (prev: 48000)
✅ Sent via Slack. Message ID: 1774371524.354269
Wed Mar 25 01:58:44 JST 2026: Posted to Slack: ¥48000
Wed Mar 25 02:28:44 JST 2026: Current lowest PSA10 = ¥48000 (prev: 48000)
✅ Sent via Slack. Message ID: 1774373328.763529
Wed Mar 25 02:28:48 JST 2026: Posted to Slack: ¥48000
Wed Mar 25 02:58:49 JST 2026: Current lowest PSA10 = ¥48000 (prev: 48000)
✅ Sent via Slack. Message ID: 1774375133.030059
Wed Mar 25 02:58:53 JST 2026: Posted to Slack: ¥48000
Wed Mar 25 03:28:53 JST 2026: Current lowest PSA10 = ¥48000 (prev: 48000)
✅ Sent via Slack. Message ID: 1774376937.221949
Wed Mar 25 03:28:57 JST 2026: Posted to Slack: ¥48000
Wed Mar 25 03:58:57 JST 2026: Current lowest PSA10 = ¥48000 (prev: 48000)
✅ Sent via Slack. Message ID: 1774378741.421499
Wed Mar 25 03:59:01 JST 2026: Posted to Slack: ¥48000
Wed Mar 25 04:29:01 JST 2026: Current lowest PSA10 = ¥48000 (prev: 48000)
✅ Sent via Slack. Message ID: 1774380545.819349
Wed Mar 25 04:29:05 JST 2026: Posted to Slack: ¥48000
Wed Mar 25 04:59:06 JST 2026: Current lowest PSA10 = ¥48000 (prev: 48000)
✅ Sent via Slack. Message ID: 1774382350.127709
Wed Mar 25 04:59:10 JST 2026: Posted to Slack: ¥48000
Wed Mar 25 05:29:10 JST 2026: Current lowest PSA10 = ¥48000 (prev: 48000)
✅ Sent via Slack. Message ID: 1774384154.515049
Wed Mar 25 05:29:14 JST 2026: Posted to Slack: ¥48000
Wed Mar 25 05:59:15 JST 2026: Current lowest PSA10 = ¥48000 (prev: 48000)
✅ Sent via Slack. Message ID: 1774385958.896939
Wed Mar 25 05:59:19 JST 2026: Posted to Slack: ¥48000
Wed Mar 25 06:29:19 JST 2026: Current lowest PSA10 = ¥48000 (prev: 48000)
✅ Sent via Slack. Message ID: 1774387763.191849
Wed Mar 25 06:29:23 JST 2026: Posted to Slack: ¥48000
Wed Mar 25 06:59:23 JST 2026: Current lowest PSA10 = ¥48000 (prev: 48000)
✅ Sent via Slack. Message ID: 1774389567.355229
Wed Mar 25 06:59:27 JST 2026: Posted to Slack: ¥48000
Wed Mar 25 07:29:27 JST 2026: Current lowest PSA10 = ¥48000 (prev: 48000)
✅ Sent via Slack. Message ID: 1774391371.455899
Wed Mar 25 07:29:31 JST 2026: Posted to Slack: ¥48000
Wed Mar 25 07:59:31 JST 2026: Current lowest PSA10 = ¥48000 (prev: 48000)
✅ Sent via Slack. Message ID: 1774393175.654779
Wed Mar 25 07:59:35 JST 2026: Posted to Slack: ¥48000
Wed Mar 25 08:29:36 JST 2026: Current lowest PSA10 = ¥47500 (prev: 48000)
✅ Sent via Slack. Message ID: 1774394979.952599
Wed Mar 25 08:29:40 JST 2026: Posted to Slack: ¥47500
Wed Mar 25 08:59:40 JST 2026: Current lowest PSA10 = ¥47500 (prev: 47500)
✅ Sent via Slack. Message ID: 1774396784.837519
Wed Mar 25 08:59:45 JST 2026: Posted to Slack: ¥47500
Wed Mar 25 09:29:45 JST 2026: Current lowest PSA10 = ¥47500 (prev: 47500)
✅ Sent via Slack. Message ID: 1774398588.948879
Wed Mar 25 09:29:49 JST 2026: Posted to Slack: ¥47500
Wed Mar 25 09:59:49 JST 2026: Current lowest PSA10 = ¥47500 (prev: 47500)
✅ Sent via Slack. Message ID: 1774400393.200299
Wed Mar 25 09:59:53 JST 2026: Posted to Slack: ¥47500
Wed Mar 25 10:29:53 JST 2026: Current lowest PSA10 = ¥47500 (prev: 47500)
✅ Sent via Slack. Message ID: 1774402197.208999
Wed Mar 25 10:29:57 JST 2026: Posted to Slack: ¥47500
Wed Mar 25 10:59:57 JST 2026: Current lowest PSA10 = ¥47900 (prev: 47500)
✅ Sent via Slack. Message ID: 1774404001.432819
Wed Mar 25 11:00:01 JST 2026: Posted to Slack: ¥47900
Wed Mar 25 11:30:01 JST 2026: Current lowest PSA10 = ¥47900 (prev: 47900)
✅ Sent via Slack. Message ID: 1774405805.504969
Wed Mar 25 11:30:05 JST 2026: Posted to Slack: ¥47900
Wed Mar 25 12:00:05 JST 2026: Current lowest PSA10 = ¥47900 (prev: 47900)
✅ Sent via Slack. Message ID: 1774407609.591569
Wed Mar 25 12:00:09 JST 2026: Posted to Slack: ¥47900
Wed Mar 25 12:30:10 JST 2026: Current lowest PSA10 = ¥47900 (prev: 47900)
✅ Sent via Slack. Message ID: 1774409413.723799
Wed Mar 25 12:30:13 JST 2026: Posted to Slack: ¥47900
Wed Mar 25 13:00:14 JST 2026: Current lowest PSA10 = ¥47900 (prev: 47900)
✅ Sent via Slack. Message ID: 1774411217.936649
Wed Mar 25 13:00:18 JST 2026: Posted to Slack: ¥47900
Wed Mar 25 13:30:18 JST 2026: Current lowest PSA10 = ¥47900 (prev: 47900)
✅ Sent via Slack. Message ID: 1774413022.206279
Wed Mar 25 13:30:22 JST 2026: Posted to Slack: ¥47900
Wed Mar 25 14:00:22 JST 2026: Current lowest PSA10 = ¥47900 (prev: 47900)
✅ Sent via Slack. Message ID: 1774414826.297569
Wed Mar 25 14:00:26 JST 2026: Posted to Slack: ¥47900
Wed Mar 25 14:30:26 JST 2026: Current lowest PSA10 = ¥47900 (prev: 47900)
✅ Sent via Slack. Message ID: 1774416630.544159
Wed Mar 25 14:30:30 JST 2026: Posted to Slack: ¥47900
Wed Mar 25 15:00:30 JST 2026: Current lowest PSA10 = ¥47900 (prev: 47900)
✅ Sent via Slack. Message ID: 1774418434.735949
Wed Mar 25 15:00:34 JST 2026: Posted to Slack: ¥47900
Wed Mar 25 15:30:35 JST 2026: Current lowest PSA10 = ¥47900 (prev: 47900)
✅ Sent via Slack. Message ID: 1774420238.786469
Wed Mar 25 15:30:38 JST 2026: Posted to Slack: ¥47900
Wed Mar 25 16:00:39 JST 2026: Current lowest PSA10 = ¥47000 (prev: 47900)
✅ Sent via Slack. Message ID: 1774422043.589479
Wed Mar 25 16:00:43 JST 2026: Posted to Slack: ¥47000
Wed Mar 25 16:30:44 JST 2026: Current lowest PSA10 = ¥47000 (prev: 47000)
✅ Sent via Slack. Message ID: 1774423847.860119
Wed Mar 25 16:30:47 JST 2026: Posted to Slack: ¥47000
Wed Mar 25 17:00:48 JST 2026: Current lowest PSA10 = ¥46700 (prev: 47000)
✅ Sent via Slack. Message ID: 1774425652.222859
Wed Mar 25 17:00:52 JST 2026: Posted to Slack: ¥46700
Wed Mar 25 17:30:52 JST 2026: Current lowest PSA10 = ¥46700 (prev: 46700)
✅ Sent via Slack. Message ID: 1774427456.203229
Wed Mar 25 17:30:56 JST 2026: Posted to Slack: ¥46700
Wed Mar 25 18:00:56 JST 2026: Current lowest PSA10 = ¥46700 (prev: 46700)
✅ Sent via Slack. Message ID: 1774429260.250379
Wed Mar 25 18:01:00 JST 2026: Posted to Slack: ¥46700
Wed Mar 25 18:31:00 JST 2026: Current lowest PSA10 = ¥46700 (prev: 46700)
✅ Sent via Slack. Message ID: 1774431064.619669
Wed Mar 25 18:31:04 JST 2026: Posted to Slack: ¥46700
Wed Mar 25 19:01:05 JST 2026: Current lowest PSA10 = ¥46700 (prev: 46700)
✅ Sent via Slack. Message ID: 1774432868.701689
Wed Mar 25 19:01:08 JST 2026: Posted to Slack: ¥46700
Wed Mar 25 19:31:09 JST 2026: Current lowest PSA10 = ¥47000 (prev: 46700)
✅ Sent via Slack. Message ID: 1774434672.782349
Wed Mar 25 19:31:12 JST 2026: Posted to Slack: ¥47000
Wed Mar 25 20:01:13 JST 2026: Current lowest PSA10 = ¥47000 (prev: 47000)
✅ Sent via Slack. Message ID: 1774436476.883499
Wed Mar 25 20:01:17 JST 2026: Posted to Slack: ¥47000
Wed Mar 25 20:31:17 JST 2026: Current lowest PSA10 = ¥47000 (prev: 47000)
✅ Sent via Slack. Message ID: 1774438280.957429
Wed Mar 25 20:31:21 JST 2026: Posted to Slack: ¥47000
Wed Mar 25 21:01:21 JST 2026: Current lowest PSA10 = ¥47000 (prev: 47000)
✅ Sent via Slack. Message ID: 1774440085.123889
Wed Mar 25 21:01:25 JST 2026: Posted to Slack: ¥47000
Wed Mar 25 21:31:25 JST 2026: Current lowest PSA10 = ¥47000 (prev: 47000)
✅ Sent via Slack. Message ID: 1774441889.343269
Wed Mar 25 21:31:29 JST 2026: Posted to Slack: ¥47000
Wed Mar 25 22:01:29 JST 2026: Current lowest PSA10 = ¥47000 (prev: 47000)
✅ Sent via Slack. Message ID: 1774443693.670839
Wed Mar 25 22:01:33 JST 2026: Posted to Slack: ¥47000
Wed Mar 25 22:31:34 JST 2026: Current lowest PSA10 = ¥47000 (prev: 47000)
✅ Sent via Slack. Message ID: 1774445497.814349
Wed Mar 25 22:31:37 JST 2026: Posted to Slack: ¥47000
Wed Mar 25 23:01:38 JST 2026: Current lowest PSA10 = ¥47000 (prev: 47000)
✅ Sent via Slack. Message ID: 1774447302.182479
Wed Mar 25 23:01:42 JST 2026: Posted to Slack: ¥47000
Wed Mar 25 23:31:42 JST 2026: Current lowest PSA10 = ¥47000 (prev: 47000)
✅ Sent via Slack. Message ID: 1774449106.134719
Wed Mar 25 23:31:46 JST 2026: Posted to Slack: ¥47000
Thu Mar 26 00:01:46 JST 2026: Current lowest PSA10 = ¥47000 (prev: 47000)
✅ Sent via Slack. Message ID: 1774450910.216709
Thu Mar 26 00:01:50 JST 2026: Posted to Slack: ¥47000
Thu Mar 26 00:31:50 JST 2026: Current lowest PSA10 = ¥47000 (prev: 47000)
✅ Sent via Slack. Message ID: 1774452714.507089
Thu Mar 26 00:31:54 JST 2026: Posted to Slack: ¥47000
Thu Mar 26 01:01:54 JST 2026: Current lowest PSA10 = ¥46500 (prev: 47000)
✅ Sent via Slack. Message ID: 1774454518.547809
Thu Mar 26 01:01:58 JST 2026: Posted to Slack: ¥46500
Thu Mar 26 01:31:59 JST 2026: Current lowest PSA10 = ¥46500 (prev: 46500)
✅ Sent via Slack. Message ID: 1774456322.740229
Thu Mar 26 01:32:02 JST 2026: Posted to Slack: ¥46500
Thu Mar 26 02:02:03 JST 2026: Current lowest PSA10 = ¥46500 (prev: 46500)
✅ Sent via Slack. Message ID: 1774458126.912329
Thu Mar 26 02:02:07 JST 2026: Posted to Slack: ¥46500
Thu Mar 26 02:32:07 JST 2026: Current lowest PSA10 = ¥46500 (prev: 46500)
✅ Sent via Slack. Message ID: 1774459931.173219
Thu Mar 26 02:32:11 JST 2026: Posted to Slack: ¥46500
Thu Mar 26 03:02:11 JST 2026: Current lowest PSA10 = ¥46500 (prev: 46500)
✅ Sent via Slack. Message ID: 1774461735.379399
Thu Mar 26 03:02:15 JST 2026: Posted to Slack: ¥46500
Thu Mar 26 03:32:15 JST 2026: Current lowest PSA10 = ¥46500 (prev: 46500)
✅ Sent via Slack. Message ID: 1774463539.746569
Thu Mar 26 03:32:19 JST 2026: Posted to Slack: ¥46500
Thu Mar 26 04:02:20 JST 2026: Current lowest PSA10 = ¥46500 (prev: 46500)
✅ Sent via Slack. Message ID: 1774465344.067429
Thu Mar 26 04:02:24 JST 2026: Posted to Slack: ¥46500
Thu Mar 26 04:32:24 JST 2026: Current lowest PSA10 = ¥46500 (prev: 46500)
✅ Sent via Slack. Message ID: 1774467148.463279
Thu Mar 26 04:32:28 JST 2026: Posted to Slack: ¥46500
Thu Mar 26 05:02:28 JST 2026: Current lowest PSA10 = ¥46500 (prev: 46500)
✅ Sent via Slack. Message ID: 1774468952.689129
Thu Mar 26 05:02:32 JST 2026: Posted to Slack: ¥46500
Thu Mar 26 05:32:33 JST 2026: Current lowest PSA10 = ¥46500 (prev: 46500)
✅ Sent via Slack. Message ID: 1774470756.892729
Thu Mar 26 05:32:37 JST 2026: Posted to Slack: ¥46500
Thu Mar 26 06:02:37 JST 2026: Current lowest PSA10 = ¥46500 (prev: 46500)
✅ Sent via Slack. Message ID: 1774472561.625709
Thu Mar 26 06:02:41 JST 2026: Posted to Slack: ¥46500
Thu Mar 26 06:32:42 JST 2026: Current lowest PSA10 = ¥46500 (prev: 46500)
✅ Sent via Slack. Message ID: 1774474365.853139
Thu Mar 26 06:32:46 JST 2026: Posted to Slack: ¥46500
Thu Mar 26 07:02:46 JST 2026: Current lowest PSA10 = ¥46500 (prev: 46500)
✅ Sent via Slack. Message ID: 1774476169.905009
Thu Mar 26 07:02:50 JST 2026: Posted to Slack: ¥46500
Thu Mar 26 07:32:50 JST 2026: Current lowest PSA10 = ¥46500 (prev: 46500)
✅ Sent via Slack. Message ID: 1774477973.852969
Thu Mar 26 07:32:53 JST 2026: Posted to Slack: ¥46500
Thu Mar 26 08:02:54 JST 2026: Current lowest PSA10 = ¥46500 (prev: 46500)
✅ Sent via Slack. Message ID: 1774479777.946719
Thu Mar 26 08:02:58 JST 2026: Posted to Slack: ¥46500
Thu Mar 26 08:32:58 JST 2026: Current lowest PSA10 = ¥46500 (prev: 46500)
✅ Sent via Slack. Message ID: 1774481582.119989
Thu Mar 26 08:33:02 JST 2026: Posted to Slack: ¥46500
Thu Mar 26 09:03:02 JST 2026: Current lowest PSA10 = ¥46500 (prev: 46500)
✅ Sent via Slack. Message ID: 1774483386.117509
Thu Mar 26 09:03:06 JST 2026: Posted to Slack: ¥46500
Thu Mar 26 09:33:06 JST 2026: Current lowest PSA10 = ¥46500 (prev: 46500)
✅ Sent via Slack. Message ID: 1774485190.051729
Thu Mar 26 09:33:10 JST 2026: Posted to Slack: ¥46500
Thu Mar 26 10:03:10 JST 2026: Current lowest PSA10 = ¥46400 (prev: 46500)
✅ Sent via Slack. Message ID: 1774486994.259119
Thu Mar 26 10:03:14 JST 2026: Posted to Slack: ¥46400
Thu Mar 26 10:33:14 JST 2026: Current lowest PSA10 = ¥46400 (prev: 46400)
✅ Sent via Slack. Message ID: 1774488798.359929
Thu Mar 26 10:33:18 JST 2026: Posted to Slack: ¥46400
Thu Mar 26 11:03:18 JST 2026: Current lowest PSA10 = ¥46400 (prev: 46400)
✅ Sent via Slack. Message ID: 1774490602.382689
Thu Mar 26 11:03:22 JST 2026: Posted to Slack: ¥46400
Thu Mar 26 11:33:22 JST 2026: Current lowest PSA10 = ¥46400 (prev: 46400)
✅ Sent via Slack. Message ID: 1774492406.540209
Thu Mar 26 11:33:26 JST 2026: Posted to Slack: ¥46400
Thu Mar 26 12:03:27 JST 2026: Current lowest PSA10 = ¥46400 (prev: 46400)
✅ Sent via Slack. Message ID: 1774494210.720099
Thu Mar 26 12:03:30 JST 2026: Posted to Slack: ¥46400
Thu Mar 26 12:33:33 JST 2026: Current lowest PSA10 = ¥46400 (prev: 46400)
✅ Sent via Slack. Message ID: 1774496029.363999
Thu Mar 26 12:33:49 JST 2026: Posted to Slack: ¥46400
Thu Mar 26 13:03:49 JST 2026: Current lowest PSA10 = ¥46400 (prev: 46400)
✅ Sent via Slack. Message ID: 1774497833.411879
Thu Mar 26 13:03:53 JST 2026: Posted to Slack: ¥46400
Thu Mar 26 13:33:54 JST 2026: Current lowest PSA10 = ¥46300 (prev: 46400)
✅ Sent via Slack. Message ID: 1774499638.456799
Thu Mar 26 13:33:58 JST 2026: Posted to Slack: ¥46300
Thu Mar 26 14:03:58 JST 2026: Current lowest PSA10 = ¥46300 (prev: 46300)
✅ Sent via Slack. Message ID: 1774501467.376039
Thu Mar 26 14:04:27 JST 2026: Posted to Slack: ¥46300
Thu Mar 26 14:34:27 JST 2026: Current lowest PSA10 = ¥46000 (prev: 46300)
✅ Sent via Slack. Message ID: 1774503271.377279
Thu Mar 26 14:34:31 JST 2026: Posted to Slack: ¥46000
Thu Mar 26 15:04:31 JST 2026: Current lowest PSA10 = ¥46000 (prev: 46000)
✅ Sent via Slack. Message ID: 1774505075.410389
Thu Mar 26 15:04:35 JST 2026: Posted to Slack: ¥46000
Thu Mar 26 15:34:35 JST 2026: Current lowest PSA10 = ¥46000 (prev: 46000)
✅ Sent via Slack. Message ID: 1774506879.653189
Thu Mar 26 15:34:39 JST 2026: Posted to Slack: ¥46000
Thu Mar 26 16:04:40 JST 2026: Current lowest PSA10 = ¥45999 (prev: 46000)
✅ Sent via Slack. Message ID: 1774508683.758849
Thu Mar 26 16:04:43 JST 2026: Posted to Slack: ¥45999
Thu Mar 26 16:34:44 JST 2026: Current lowest PSA10 = ¥45999 (prev: 45999)
✅ Sent via Slack. Message ID: 1774510487.829059
Thu Mar 26 16:34:47 JST 2026: Posted to Slack: ¥45999
Thu Mar 26 17:04:48 JST 2026: Current lowest PSA10 = ¥45999 (prev: 45999)
✅ Sent via Slack. Message ID: 1774512291.804259
Thu Mar 26 17:04:51 JST 2026: Posted to Slack: ¥45999
Thu Mar 26 17:34:52 JST 2026: Current lowest PSA10 = ¥45999 (prev: 45999)
✅ Sent via Slack. Message ID: 1774514095.965559
Thu Mar 26 17:34:56 JST 2026: Posted to Slack: ¥45999
Thu Mar 26 18:04:56 JST 2026: Current lowest PSA10 = ¥45999 (prev: 45999)
✅ Sent via Slack. Message ID: 1774515899.886359
Thu Mar 26 18:05:00 JST 2026: Posted to Slack: ¥45999
Thu Mar 26 18:35:00 JST 2026: Current lowest PSA10 = ¥45999 (prev: 45999)
✅ Sent via Slack. Message ID: 1774517704.019889
Thu Mar 26 18:35:04 JST 2026: Posted to Slack: ¥45999
Thu Mar 26 19:05:04 JST 2026: Current lowest PSA10 = ¥45999 (prev: 45999)
✅ Sent via Slack. Message ID: 1774519508.111839
Thu Mar 26 19:05:08 JST 2026: Posted to Slack: ¥45999
Thu Mar 26 19:35:11 JST 2026: Current lowest PSA10 = ¥45999 (prev: 45999)
✅ Sent via Slack. Message ID: 1774521326.548819
Thu Mar 26 19:35:26 JST 2026: Posted to Slack: ¥45999
Thu Mar 26 20:05:27 JST 2026: Current lowest PSA10 = ¥45999 (prev: 45999)
✅ Sent via Slack. Message ID: 1774523130.625319
Thu Mar 26 20:05:30 JST 2026: Posted to Slack: ¥45999
Thu Mar 26 20:35:31 JST 2026: Current lowest PSA10 = ¥45999 (prev: 45999)
✅ Sent via Slack. Message ID: 1774524934.633759
Thu Mar 26 20:35:34 JST 2026: Posted to Slack: ¥45999
Thu Mar 26 21:05:35 JST 2026: Current lowest PSA10 = ¥45999 (prev: 45999)
✅ Sent via Slack. Message ID: 1774526750.016669
Thu Mar 26 21:05:50 JST 2026: Posted to Slack: ¥45999
Thu Mar 26 21:35:50 JST 2026: Current lowest PSA10 = ¥45999 (prev: 45999)
✅ Sent via Slack. Message ID: 1774528554.260409
Thu Mar 26 21:35:54 JST 2026: Posted to Slack: ¥45999
Thu Mar 26 22:05:54 JST 2026: Current lowest PSA10 = ¥45999 (prev: 45999)
✅ Sent via Slack. Message ID: 1774530358.415019
Thu Mar 26 22:05:58 JST 2026: Posted to Slack: ¥45999
Thu Mar 26 22:35:58 JST 2026: Current lowest PSA10 = ¥45999 (prev: 45999)
✅ Sent via Slack. Message ID: 1774532162.436959
Thu Mar 26 22:36:02 JST 2026: Posted to Slack: ¥45999
Thu Mar 26 23:06:02 JST 2026: Current lowest PSA10 = ¥45999 (prev: 45999)
✅ Sent via Slack. Message ID: 1774533966.485799
Thu Mar 26 23:06:06 JST 2026: Posted to Slack: ¥45999
Thu Mar 26 23:36:07 JST 2026: Current lowest PSA10 = ¥45999 (prev: 45999)
✅ Sent via Slack. Message ID: 1774535770.628089
Thu Mar 26 23:36:10 JST 2026: Posted to Slack: ¥45999
Fri Mar 27 00:06:11 JST 2026: Current lowest PSA10 = ¥45999 (prev: 45999)
✅ Sent via Slack. Message ID: 1774537575.002969
Fri Mar 27 00:06:15 JST 2026: Posted to Slack: ¥45999
Fri Mar 27 00:36:15 JST 2026: Current lowest PSA10 = ¥45999 (prev: 45999)
✅ Sent via Slack. Message ID: 1774539378.989749
Fri Mar 27 00:36:19 JST 2026: Posted to Slack: ¥45999
Fri Mar 27 01:06:19 JST 2026: Current lowest PSA10 = ¥45999 (prev: 45999)
✅ Sent via Slack. Message ID: 1774541183.467449
Fri Mar 27 01:06:23 JST 2026: Posted to Slack: ¥45999
Fri Mar 27 01:36:23 JST 2026: Current lowest PSA10 = ¥45999 (prev: 45999)
✅ Sent via Slack. Message ID: 1774542987.490329
Fri Mar 27 01:36:27 JST 2026: Posted to Slack: ¥45999
Fri Mar 27 02:06:27 JST 2026: Current lowest PSA10 = ¥45999 (prev: 45999)
✅ Sent via Slack. Message ID: 1774544791.680339
Fri Mar 27 02:06:31 JST 2026: Posted to Slack: ¥45999
Fri Mar 27 02:36:32 JST 2026: Current lowest PSA10 = ¥45999 (prev: 45999)
✅ Sent via Slack. Message ID: 1774546621.368059
Fri Mar 27 02:37:01 JST 2026: Posted to Slack: ¥45999
Fri Mar 27 03:07:01 JST 2026: Current lowest PSA10 = ¥45999 (prev: 45999)
✅ Sent via Slack. Message ID: 1774548425.727339
Fri Mar 27 03:07:05 JST 2026: Posted to Slack: ¥45999
Fri Mar 27 03:37:06 JST 2026: Current lowest PSA10 = ¥45999 (prev: 45999)
✅ Sent via Slack. Message ID: 1774550237.958139
Fri Mar 27 03:37:18 JST 2026: Posted to Slack: ¥45999
Fri Mar 27 04:07:20 JST 2026: Current lowest PSA10 = ¥45999 (prev: 45999)
✅ Sent via Slack. Message ID: 1774552063.358499
Fri Mar 27 04:07:43 JST 2026: Posted to Slack: ¥45999
Fri Mar 27 04:37:43 JST 2026: Current lowest PSA10 = ¥45999 (prev: 45999)
✅ Sent via Slack. Message ID: 1774553867.546199
Fri Mar 27 04:37:47 JST 2026: Posted to Slack: ¥45999
Fri Mar 27 05:07:48 JST 2026: Current lowest PSA10 = ¥45999 (prev: 45999)
✅ Sent via Slack. Message ID: 1774555671.552799
Fri Mar 27 05:07:51 JST 2026: Posted to Slack: ¥45999
Fri Mar 27 05:37:52 JST 2026: Current lowest PSA10 = ¥45999 (prev: 45999)
✅ Sent via Slack. Message ID: 1774557490.547499
Fri Mar 27 05:38:10 JST 2026: Posted to Slack: ¥45999
Fri Mar 27 06:08:11 JST 2026: Current lowest PSA10 = ¥45999 (prev: 45999)
✅ Sent via Slack. Message ID: 1774559294.709499
Fri Mar 27 06:08:14 JST 2026: Posted to Slack: ¥45999
Fri Mar 27 06:38:15 JST 2026: Current lowest PSA10 = ¥45999 (prev: 45999)
✅ Sent via Slack. Message ID: 1774561098.597369
Fri Mar 27 06:38:18 JST 2026: Posted to Slack: ¥45999
Fri Mar 27 07:08:19 JST 2026: Current lowest PSA10 = ¥45999 (prev: 45999)
✅ Sent via Slack. Message ID: 1774562902.333869
Fri Mar 27 07:08:22 JST 2026: Posted to Slack: ¥45999
Fri Mar 27 07:38:23 JST 2026: Current lowest PSA10 = ¥45999 (prev: 45999)
✅ Sent via Slack. Message ID: 1774564706.639559
Fri Mar 27 07:38:26 JST 2026: Posted to Slack: ¥45999
Fri Mar 27 08:08:27 JST 2026: Current lowest PSA10 = ¥45999 (prev: 45999)
✅ Sent via Slack. Message ID: 1774566510.279439
Fri Mar 27 08:08:30 JST 2026: Posted to Slack: ¥45999
Fri Mar 27 08:38:30 JST 2026: Current lowest PSA10 = ¥45999 (prev: 45999)
✅ Sent via Slack. Message ID: 1774568315.135559
Fri Mar 27 08:38:35 JST 2026: Posted to Slack: ¥45999
Fri Mar 27 09:08:35 JST 2026: Current lowest PSA10 = ¥45999 (prev: 45999)
✅ Sent via Slack. Message ID: 1774570119.099359
Fri Mar 27 09:08:39 JST 2026: Posted to Slack: ¥45999
Fri Mar 27 09:38:39 JST 2026: Current lowest PSA10 = ¥45000 (prev: 45999)
✅ Sent via Slack. Message ID: 1774571923.040909
Fri Mar 27 09:38:43 JST 2026: Posted to Slack: ¥45000
Fri Mar 27 10:08:43 JST 2026: Current lowest PSA10 = ¥45000 (prev: 45000)
✅ Sent via Slack. Message ID: 1774573726.785869
Fri Mar 27 10:08:46 JST 2026: Posted to Slack: ¥45000
Fri Mar 27 10:38:47 JST 2026: Current lowest PSA10 = ¥45000 (prev: 45000)
✅ Sent via Slack. Message ID: 1774575530.701289
Fri Mar 27 10:38:50 JST 2026: Posted to Slack: ¥45000
Fri Mar 27 11:08:51 JST 2026: Current lowest PSA10 = ¥45000 (prev: 45000)
✅ Sent via Slack. Message ID: 1774577359.359949
Fri Mar 27 11:09:19 JST 2026: Posted to Slack: ¥45000
Fri Mar 27 11:39:19 JST 2026: Current lowest PSA10 = ¥45000 (prev: 45000)
✅ Sent via Slack. Message ID: 1774579163.103319
Fri Mar 27 11:39:23 JST 2026: Posted to Slack: ¥45000
Fri Mar 27 12:09:23 JST 2026: Current lowest PSA10 = ¥45000 (prev: 45000)
✅ Sent via Slack. Message ID: 1774580967.116559
Fri Mar 27 12:09:27 JST 2026: Posted to Slack: ¥45000
Fri Mar 27 12:39:27 JST 2026: Current lowest PSA10 = ¥45000 (prev: 45000)
✅ Sent via Slack. Message ID: 1774582770.909949
Fri Mar 27 12:39:31 JST 2026: Posted to Slack: ¥45000
Fri Mar 27 13:09:31 JST 2026: Current lowest PSA10 = ¥45000 (prev: 45000)
✅ Sent via Slack. Message ID: 1774584574.825409
Fri Mar 27 13:09:34 JST 2026: Posted to Slack: ¥45000
Fri Mar 27 13:39:35 JST 2026: Current lowest PSA10 = ¥45000 (prev: 45000)
✅ Sent via Slack. Message ID: 1774586378.677699
Fri Mar 27 13:39:38 JST 2026: Posted to Slack: ¥45000
Fri Mar 27 14:09:39 JST 2026: Current lowest PSA10 = ¥45000 (prev: 45000)
✅ Sent via Slack. Message ID: 1774588182.645689
Fri Mar 27 14:09:42 JST 2026: Posted to Slack: ¥45000
Fri Mar 27 14:39:43 JST 2026: Current lowest PSA10 = ¥44800 (prev: 45000)
✅ Sent via Slack. Message ID: 1774589986.588139
Fri Mar 27 14:39:46 JST 2026: Posted to Slack: ¥44800
Fri Mar 27 15:09:47 JST 2026: Current lowest PSA10 = ¥44800 (prev: 44800)
✅ Sent via Slack. Message ID: 1774591790.119939
Fri Mar 27 15:09:50 JST 2026: Posted to Slack: ¥44800
Fri Mar 27 15:39:50 JST 2026: Current lowest PSA10 = ¥44800 (prev: 44800)
✅ Sent via Slack. Message ID: 1774593593.798229
Fri Mar 27 15:39:53 JST 2026: Posted to Slack: ¥44800
Fri Mar 27 16:09:54 JST 2026: Current lowest PSA10 = ¥44800 (prev: 44800)
✅ Sent via Slack. Message ID: 1774595397.875139
Fri Mar 27 16:09:58 JST 2026: Posted to Slack: ¥44800
Fri Mar 27 16:40:01 JST 2026: Current lowest PSA10 = ¥44800 (prev: 44800)
✅ Sent via Slack. Message ID: 1774597216.077979
Fri Mar 27 16:40:16 JST 2026: Posted to Slack: ¥44800
Fri Mar 27 17:10:16 JST 2026: Current lowest PSA10 = ¥44800 (prev: 44800)
✅ Sent via Slack. Message ID: 1774599020.033419
Fri Mar 27 17:10:20 JST 2026: Posted to Slack: ¥44800
Fri Mar 27 17:40:20 JST 2026: Current lowest PSA10 = ¥44800 (prev: 44800)
✅ Sent via Slack. Message ID: 1774600823.916869
Fri Mar 27 17:40:24 JST 2026: Posted to Slack: ¥44800
Fri Mar 27 18:10:24 JST 2026: Current lowest PSA10 = ¥44800 (prev: 44800)
✅ Sent via Slack. Message ID: 1774602627.804649
Fri Mar 27 18:10:27 JST 2026: Posted to Slack: ¥44800
Fri Mar 27 18:40:28 JST 2026: Current lowest PSA10 = ¥44800 (prev: 44800)
✅ Sent via Slack. Message ID: 1774604431.495249
Fri Mar 27 18:40:31 JST 2026: Posted to Slack: ¥44800
Fri Mar 27 19:10:31 JST 2026: Current lowest PSA10 = ¥44800 (prev: 44800)
✅ Sent via Slack. Message ID: 1774606235.558289
Fri Mar 27 19:10:35 JST 2026: Posted to Slack: ¥44800
Fri Mar 27 19:40:35 JST 2026: Current lowest PSA10 = ¥44800 (prev: 44800)
✅ Sent via Slack. Message ID: 1774608039.119799
Fri Mar 27 19:40:39 JST 2026: Posted to Slack: ¥44800
Fri Mar 27 20:10:39 JST 2026: Current lowest PSA10 = ¥44800 (prev: 44800)
✅ Sent via Slack. Message ID: 1774609842.801019
Fri Mar 27 20:10:42 JST 2026: Posted to Slack: ¥44800
Fri Mar 27 20:40:43 JST 2026: Current lowest PSA10 = ¥44800 (prev: 44800)
✅ Sent via Slack. Message ID: 1774611646.760989
Fri Mar 27 20:40:46 JST 2026: Posted to Slack: ¥44800
Fri Mar 27 21:10:47 JST 2026: Current lowest PSA10 = ¥44800 (prev: 44800)
✅ Sent via Slack. Message ID: 1774613449.287579
Fri Mar 27 21:10:49 JST 2026: Posted to Slack: ¥44800
Fri Mar 27 21:40:49 JST 2026: Current lowest PSA10 = ¥44800 (prev: 44800)
✅ Sent via Slack. Message ID: 1774615252.606799
Fri Mar 27 21:40:52 JST 2026: Posted to Slack: ¥44800
Fri Mar 27 22:10:55 JST 2026: Current lowest PSA10 = ¥45000 (prev: 44800)
✅ Sent via Slack. Message ID: 1774617074.259049
Fri Mar 27 22:11:14 JST 2026: Posted to Slack: ¥45000
Fri Mar 27 22:41:14 JST 2026: Current lowest PSA10 = ¥45000 (prev: 45000)
✅ Sent via Slack. Message ID: 1774618878.026929
Fri Mar 27 22:41:18 JST 2026: Posted to Slack: ¥45000
Fri Mar 27 23:11:18 JST 2026: Current lowest PSA10 = ¥45000 (prev: 45000)
✅ Sent via Slack. Message ID: 1774620682.509049
Fri Mar 27 23:11:22 JST 2026: Posted to Slack: ¥45000
Fri Mar 27 23:41:22 JST 2026: Current lowest PSA10 = ¥45000 (prev: 45000)
✅ Sent via Slack. Message ID: 1774622512.209259
Fri Mar 27 23:41:52 JST 2026: Posted to Slack: ¥45000
Sat Mar 28 00:11:52 JST 2026: Current lowest PSA10 = ¥45000 (prev: 45000)
✅ Sent via Slack. Message ID: 1774624316.009669
Sat Mar 28 00:11:56 JST 2026: Posted to Slack: ¥45000
Sat Mar 28 00:41:56 JST 2026: Current lowest PSA10 = ¥45000 (prev: 45000)
✅ Sent via Slack. Message ID: 1774626120.031279
Sat Mar 28 00:42:00 JST 2026: Posted to Slack: ¥45000
Sat Mar 28 01:12:00 JST 2026: Current lowest PSA10 = ¥45000 (prev: 45000)
✅ Sent via Slack. Message ID: 1774627923.996909
Sat Mar 28 01:12:04 JST 2026: Posted to Slack: ¥45000
Sat Mar 28 01:42:04 JST 2026: Current lowest PSA10 = ¥45000 (prev: 45000)
✅ Sent via Slack. Message ID: 1774629727.901799
Sat Mar 28 01:42:08 JST 2026: Posted to Slack: ¥45000
Sat Mar 28 02:12:08 JST 2026: Current lowest PSA10 = ¥45000 (prev: 45000)
✅ Sent via Slack. Message ID: 1774631531.970459
Sat Mar 28 02:12:12 JST 2026: Posted to Slack: ¥45000
Sat Mar 28 02:42:12 JST 2026: Current lowest PSA10 = ¥45000 (prev: 45000)
✅ Sent via Slack. Message ID: 1774633336.086029
Sat Mar 28 02:42:16 JST 2026: Posted to Slack: ¥45000
Sat Mar 28 03:12:16 JST 2026: Current lowest PSA10 = ¥45000 (prev: 45000)
✅ Sent via Slack. Message ID: 1774635140.515209
Sat Mar 28 03:12:20 JST 2026: Posted to Slack: ¥45000
Sat Mar 28 03:42:20 JST 2026: Current lowest PSA10 = ¥45000 (prev: 45000)
✅ Sent via Slack. Message ID: 1774636944.549629
Sat Mar 28 03:42:24 JST 2026: Posted to Slack: ¥45000
Sat Mar 28 04:12:24 JST 2026: Current lowest PSA10 = ¥45000 (prev: 45000)
✅ Sent via Slack. Message ID: 1774638748.396019
Sat Mar 28 04:12:28 JST 2026: Posted to Slack: ¥45000
Sat Mar 28 04:42:28 JST 2026: Current lowest PSA10 = ¥45000 (prev: 45000)
✅ Sent via Slack. Message ID: 1774640552.319079
Sat Mar 28 04:42:32 JST 2026: Posted to Slack: ¥45000
Sat Mar 28 05:12:35 JST 2026: Current lowest PSA10 = ¥45000 (prev: 45000)
✅ Sent via Slack. Message ID: 1774642369.759559
Sat Mar 28 05:12:49 JST 2026: Posted to Slack: ¥45000
Sat Mar 28 05:42:50 JST 2026: Current lowest PSA10 = ¥45000 (prev: 45000)
✅ Sent via Slack. Message ID: 1774644173.676929
Sat Mar 28 05:42:53 JST 2026: Posted to Slack: ¥45000
Sat Mar 28 06:12:54 JST 2026: Current lowest PSA10 = ¥45000 (prev: 45000)
✅ Sent via Slack. Message ID: 1774645978.370119
Sat Mar 28 06:12:58 JST 2026: Posted to Slack: ¥45000
Sat Mar 28 06:42:58 JST 2026: Current lowest PSA10 = ¥45000 (prev: 45000)
✅ Sent via Slack. Message ID: 1774647780.955629
Sat Mar 28 06:43:01 JST 2026: Posted to Slack: ¥45000
Sat Mar 28 07:13:01 JST 2026: Current lowest PSA10 = ¥45000 (prev: 45000)
✅ Sent via Slack. Message ID: 1774649584.935159
Sat Mar 28 07:13:05 JST 2026: Posted to Slack: ¥45000
Sat Mar 28 07:43:05 JST 2026: Current lowest PSA10 = ¥45000 (prev: 45000)
✅ Sent via Slack. Message ID: 1774651387.611019
Sat Mar 28 07:43:07 JST 2026: Posted to Slack: ¥45000
Sat Mar 28 08:13:08 JST 2026: Current lowest PSA10 = ¥45000 (prev: 45000)
✅ Sent via Slack. Message ID: 1774653190.647359
Sat Mar 28 08:13:10 JST 2026: Posted to Slack: ¥45000
Sat Mar 28 08:43:11 JST 2026: Current lowest PSA10 = ¥45000 (prev: 45000)
✅ Sent via Slack. Message ID: 1774654992.864839
Sat Mar 28 08:43:13 JST 2026: Posted to Slack: ¥45000
Sat Mar 28 09:13:13 JST 2026: Current lowest PSA10 = ¥45499 (prev: 45000)
✅ Sent via Slack. Message ID: 1774656795.173599
Sat Mar 28 09:13:15 JST 2026: Posted to Slack: ¥45499
Sat Mar 28 09:43:15 JST 2026: Current lowest PSA10 = ¥45499 (prev: 45499)
✅ Sent via Slack. Message ID: 1774658597.688239
Sat Mar 28 09:43:17 JST 2026: Posted to Slack: ¥45499
Sat Mar 28 10:13:18 JST 2026: Current lowest PSA10 = ¥45499 (prev: 45499)
✅ Sent via Slack. Message ID: 1774660400.750649
Sat Mar 28 10:13:20 JST 2026: Posted to Slack: ¥45499
Sat Mar 28 10:43:21 JST 2026: Current lowest PSA10 = ¥45000 (prev: 45499)
✅ Sent via Slack. Message ID: 1774662224.923229
Sat Mar 28 10:43:45 JST 2026: Posted to Slack: ¥45000
Sat Mar 28 11:13:45 JST 2026: Current lowest PSA10 = ¥45499 (prev: 45000)
✅ Sent via Slack. Message ID: 1774664027.604109
Sat Mar 28 11:13:47 JST 2026: Posted to Slack: ¥45499
Sat Mar 28 11:43:45 JST 2026: Current lowest PSA10 = ¥45499 (prev: 45499)
✅ Sent via Slack. Message ID: 1774665829.619869
Sat Mar 28 11:43:47 JST 2026: Posted to Slack: ¥45499
Sat Mar 28 12:13:50 JST 2026: Current lowest PSA10 = ¥45400 (prev: 45499)
✅ Sent via Slack. Message ID: 1774667631.921079
Sat Mar 28 12:13:52 JST 2026: Posted to Slack: ¥45400
Sat Mar 28 12:43:52 JST 2026: Current lowest PSA10 = ¥45400 (prev: 45400)
✅ Sent via Slack. Message ID: 1774669433.924009
Sat Mar 28 12:43:54 JST 2026: Posted to Slack: ¥45400
Sat Mar 28 13:13:54 JST 2026: Current lowest PSA10 = ¥45400 (prev: 45400)
✅ Sent via Slack. Message ID: 1774671237.305089
Sat Mar 28 13:13:57 JST 2026: Posted to Slack: ¥45400
Sat Mar 28 13:43:57 JST 2026: Current lowest PSA10 = ¥45400 (prev: 45400)
✅ Sent via Slack. Message ID: 1774673041.250119
Sat Mar 28 13:44:01 JST 2026: Posted to Slack: ¥45400
Sat Mar 28 14:14:01 JST 2026: Current lowest PSA10 = ¥45400 (prev: 45400)
✅ Sent via Slack. Message ID: 1774674845.174799
Sat Mar 28 14:14:05 JST 2026: Posted to Slack: ¥45400
Sat Mar 28 14:44:05 JST 2026: Current lowest PSA10 = ¥45400 (prev: 45400)
✅ Sent via Slack. Message ID: 1774676649.241029
Sat Mar 28 14:44:09 JST 2026: Posted to Slack: ¥45400
Sat Mar 28 15:14:09 JST 2026: Current lowest PSA10 = ¥45400 (prev: 45400)
✅ Sent via Slack. Message ID: 1774678453.454159
Sat Mar 28 15:14:13 JST 2026: Posted to Slack: ¥45400
Sat Mar 28 15:44:13 JST 2026: Current lowest PSA10 = ¥45400 (prev: 45400)
✅ Sent via Slack. Message ID: 1774680257.468289
Sat Mar 28 15:44:17 JST 2026: Posted to Slack: ¥45400
Sat Mar 28 16:14:18 JST 2026: Current lowest PSA10 = ¥45400 (prev: 45400)
✅ Sent via Slack. Message ID: 1774682061.697229
Sat Mar 28 16:14:21 JST 2026: Posted to Slack: ¥45400
Sat Mar 28 16:44:22 JST 2026: Current lowest PSA10 = ¥45400 (prev: 45400)
✅ Sent via Slack. Message ID: 1774683865.799769
Sat Mar 28 16:44:25 JST 2026: Posted to Slack: ¥45400
Sat Mar 28 17:14:26 JST 2026: Current lowest PSA10 = ¥45400 (prev: 45400)
✅ Sent via Slack. Message ID: 1774685669.705219
Sat Mar 28 17:14:29 JST 2026: Posted to Slack: ¥45400
Sat Mar 28 17:44:30 JST 2026: Current lowest PSA10 = ¥45400 (prev: 45400)
✅ Sent via Slack. Message ID: 1774687473.732769
Sat Mar 28 17:44:33 JST 2026: Posted to Slack: ¥45400
Sat Mar 28 18:14:34 JST 2026: Current lowest PSA10 = ¥45400 (prev: 45400)
✅ Sent via Slack. Message ID: 1774689277.804829
Sat Mar 28 18:14:38 JST 2026: Posted to Slack: ¥45400
Sat Mar 28 18:44:38 JST 2026: Current lowest PSA10 = ¥45400 (prev: 45400)
✅ Sent via Slack. Message ID: 1774691081.872479
Sat Mar 28 18:44:42 JST 2026: Posted to Slack: ¥45400
Sat Mar 28 19:14:42 JST 2026: Current lowest PSA10 = ¥45400 (prev: 45400)
✅ Sent via Slack. Message ID: 1774692885.987459
Sat Mar 28 19:14:46 JST 2026: Posted to Slack: ¥45400
Sat Mar 28 19:44:46 JST 2026: Current lowest PSA10 = ¥45400 (prev: 45400)
✅ Sent via Slack. Message ID: 1774694690.383439
Sat Mar 28 19:44:50 JST 2026: Posted to Slack: ¥45400
Sat Mar 28 20:14:51 JST 2026: Current lowest PSA10 = ¥45400 (prev: 45400)
✅ Sent via Slack. Message ID: 1774696494.563829
Sat Mar 28 20:14:54 JST 2026: Posted to Slack: ¥45400
Sat Mar 28 20:44:55 JST 2026: Current lowest PSA10 = ¥45400 (prev: 45400)
✅ Sent via Slack. Message ID: 1774698298.769829
Sat Mar 28 20:44:58 JST 2026: Posted to Slack: ¥45400
Sat Mar 28 21:14:59 JST 2026: Current lowest PSA10 = ¥45400 (prev: 45400)
✅ Sent via Slack. Message ID: 1774700103.980059
Sat Mar 28 21:15:04 JST 2026: Posted to Slack: ¥45400
Sat Mar 28 21:45:04 JST 2026: Current lowest PSA10 = ¥45400 (prev: 45400)
✅ Sent via Slack. Message ID: 1774701908.869629
Sat Mar 28 21:45:09 JST 2026: Posted to Slack: ¥45400
Sat Mar 28 22:15:09 JST 2026: Current lowest PSA10 = ¥45400 (prev: 45400)
✅ Sent via Slack. Message ID: 1774703713.973579
Sat Mar 28 22:15:14 JST 2026: Posted to Slack: ¥45400
Sat Mar 28 22:45:14 JST 2026: Current lowest PSA10 = ¥45400 (prev: 45400)
✅ Sent via Slack. Message ID: 1774705518.042639
Sat Mar 28 22:45:18 JST 2026: Posted to Slack: ¥45400
Sat Mar 28 23:15:18 JST 2026: Current lowest PSA10 = ¥45400 (prev: 45400)
✅ Sent via Slack. Message ID: 1774707322.138619
Sat Mar 28 23:15:22 JST 2026: Posted to Slack: ¥45400
Sat Mar 28 23:45:22 JST 2026: Current lowest PSA10 = ¥45400 (prev: 45400)
✅ Sent via Slack. Message ID: 1774709126.185349
Sat Mar 28 23:45:26 JST 2026: Posted to Slack: ¥45400
Sun Mar 29 00:15:26 JST 2026: Current lowest PSA10 = ¥45400 (prev: 45400)
✅ Sent via Slack. Message ID: 1774710930.433909
Sun Mar 29 00:15:30 JST 2026: Posted to Slack: ¥45400
Sun Mar 29 00:45:30 JST 2026: Current lowest PSA10 = ¥45400 (prev: 45400)
✅ Sent via Slack. Message ID: 1774712734.573469
Sun Mar 29 00:45:34 JST 2026: Posted to Slack: ¥45400
Sun Mar 29 01:15:35 JST 2026: Current lowest PSA10 = ¥45400 (prev: 45400)
✅ Sent via Slack. Message ID: 1774714539.346749
Sun Mar 29 01:15:39 JST 2026: Posted to Slack: ¥45400
Sun Mar 29 01:45:39 JST 2026: Current lowest PSA10 = ¥45400 (prev: 45400)
✅ Sent via Slack. Message ID: 1774716343.485909
Sun Mar 29 01:45:43 JST 2026: Posted to Slack: ¥45400
Sun Mar 29 02:15:43 JST 2026: Current lowest PSA10 = ¥45400 (prev: 45400)
✅ Sent via Slack. Message ID: 1774718147.904559
Sun Mar 29 02:15:48 JST 2026: Posted to Slack: ¥45400
Sun Mar 29 02:45:48 JST 2026: Current lowest PSA10 = ¥45400 (prev: 45400)
✅ Sent via Slack. Message ID: 1774719952.043569
Sun Mar 29 02:45:52 JST 2026: Posted to Slack: ¥45400
Sun Mar 29 03:15:52 JST 2026: Current lowest PSA10 = ¥45400 (prev: 45400)
✅ Sent via Slack. Message ID: 1774721756.328719
Sun Mar 29 03:15:56 JST 2026: Posted to Slack: ¥45400
Sun Mar 29 03:45:56 JST 2026: Current lowest PSA10 = ¥45400 (prev: 45400)
✅ Sent via Slack. Message ID: 1774723560.485959
Sun Mar 29 03:46:00 JST 2026: Posted to Slack: ¥45400
Sun Mar 29 04:16:00 JST 2026: Current lowest PSA10 = ¥45400 (prev: 45400)
✅ Sent via Slack. Message ID: 1774725364.917709
Sun Mar 29 04:16:04 JST 2026: Posted to Slack: ¥45400
Sun Mar 29 04:46:05 JST 2026: Current lowest PSA10 = ¥45400 (prev: 45400)
✅ Sent via Slack. Message ID: 1774727169.148749
Sun Mar 29 04:46:09 JST 2026: Posted to Slack: ¥45400
Sun Mar 29 05:16:09 JST 2026: Current lowest PSA10 = ¥45400 (prev: 45400)
✅ Sent via Slack. Message ID: 1774728973.317049
Sun Mar 29 05:16:13 JST 2026: Posted to Slack: ¥45400
Sun Mar 29 05:46:13 JST 2026: Current lowest PSA10 = ¥45400 (prev: 45400)
✅ Sent via Slack. Message ID: 1774730777.579299
Sun Mar 29 05:46:17 JST 2026: Posted to Slack: ¥45400
Sun Mar 29 06:16:17 JST 2026: Current lowest PSA10 = ¥45400 (prev: 45400)
✅ Sent via Slack. Message ID: 1774732581.764989
Sun Mar 29 06:16:21 JST 2026: Posted to Slack: ¥45400
Sun Mar 29 06:46:22 JST 2026: Current lowest PSA10 = ¥45400 (prev: 45400)
✅ Sent via Slack. Message ID: 1774734386.007209
Sun Mar 29 06:46:26 JST 2026: Posted to Slack: ¥45400
Sun Mar 29 07:16:26 JST 2026: Current lowest PSA10 = ¥45400 (prev: 45400)
✅ Sent via Slack. Message ID: 1774736190.088549
Sun Mar 29 07:16:30 JST 2026: Posted to Slack: ¥45400
Sun Mar 29 07:46:30 JST 2026: Current lowest PSA10 = ¥45400 (prev: 45400)
✅ Sent via Slack. Message ID: 1774737994.217839
Sun Mar 29 07:46:34 JST 2026: Posted to Slack: ¥45400
Sun Mar 29 08:16:34 JST 2026: Current lowest PSA10 = ¥45400 (prev: 45400)
✅ Sent via Slack. Message ID: 1774739798.349289
Sun Mar 29 08:16:38 JST 2026: Posted to Slack: ¥45400
Sun Mar 29 08:46:38 JST 2026: Current lowest PSA10 = ¥45400 (prev: 45400)
✅ Sent via Slack. Message ID: 1774741602.915299
Sun Mar 29 08:46:43 JST 2026: Posted to Slack: ¥45400
Sun Mar 29 09:16:43 JST 2026: Current lowest PSA10 = ¥45400 (prev: 45400)
✅ Sent via Slack. Message ID: 1774743407.507949
Sun Mar 29 09:16:47 JST 2026: Posted to Slack: ¥45400
Sun Mar 29 09:46:48 JST 2026: Current lowest PSA10 = ¥45400 (prev: 45400)
✅ Sent via Slack. Message ID: 1774745211.720539
Sun Mar 29 09:46:51 JST 2026: Posted to Slack: ¥45400
Sun Mar 29 10:16:52 JST 2026: Current lowest PSA10 = ¥45400 (prev: 45400)
✅ Sent via Slack. Message ID: 1774747015.787469
Sun Mar 29 10:16:55 JST 2026: Posted to Slack: ¥45400
Sun Mar 29 10:46:56 JST 2026: Current lowest PSA10 = ¥45400 (prev: 45400)
✅ Sent via Slack. Message ID: 1774748820.045339
Sun Mar 29 10:47:00 JST 2026: Posted to Slack: ¥45400
Sun Mar 29 11:17:00 JST 2026: Current lowest PSA10 = ¥45400 (prev: 45400)
✅ Sent via Slack. Message ID: 1774750624.150399
Sun Mar 29 11:17:04 JST 2026: Posted to Slack: ¥45400
Sun Mar 29 11:47:04 JST 2026: Current lowest PSA10 = ¥45400 (prev: 45400)
✅ Sent via Slack. Message ID: 1774752428.024119
Sun Mar 29 11:47:08 JST 2026: Posted to Slack: ¥45400
Sun Mar 29 12:17:08 JST 2026: Current lowest PSA10 = ¥45400 (prev: 45400)
✅ Sent via Slack. Message ID: 1774754232.056069
Sun Mar 29 12:17:12 JST 2026: Posted to Slack: ¥45400
Sun Mar 29 12:47:12 JST 2026: Current lowest PSA10 = ¥45400 (prev: 45400)
✅ Sent via Slack. Message ID: 1774756036.549979
Sun Mar 29 12:47:16 JST 2026: Posted to Slack: ¥45400
Sun Mar 29 13:17:17 JST 2026: Current lowest PSA10 = ¥45400 (prev: 45400)
✅ Sent via Slack. Message ID: 1774757840.799599
Sun Mar 29 13:17:20 JST 2026: Posted to Slack: ¥45400
Sun Mar 29 13:47:21 JST 2026: Current lowest PSA10 = ¥45400 (prev: 45400)
✅ Sent via Slack. Message ID: 1774759644.805559
Sun Mar 29 13:47:24 JST 2026: Posted to Slack: ¥45400
Sun Mar 29 14:17:25 JST 2026: Current lowest PSA10 = ¥45400 (prev: 45400)
✅ Sent via Slack. Message ID: 1774761448.824549
Sun Mar 29 14:17:28 JST 2026: Posted to Slack: ¥45400
Sun Mar 29 14:47:29 JST 2026: Current lowest PSA10 = ¥45400 (prev: 45400)
✅ Sent via Slack. Message ID: 1774763252.718509
Sun Mar 29 14:47:32 JST 2026: Posted to Slack: ¥45400
Sun Mar 29 15:17:33 JST 2026: Current lowest PSA10 = ¥45400 (prev: 45400)
✅ Sent via Slack. Message ID: 1774765056.775469
Sun Mar 29 15:17:36 JST 2026: Posted to Slack: ¥45400
Sun Mar 29 15:47:37 JST 2026: Current lowest PSA10 = ¥45400 (prev: 45400)
✅ Sent via Slack. Message ID: 1774766861.048069
Sun Mar 29 15:47:41 JST 2026: Posted to Slack: ¥45400
Sun Mar 29 16:17:41 JST 2026: Current lowest PSA10 = ¥45400 (prev: 45400)
✅ Sent via Slack. Message ID: 1774768665.834219
Sun Mar 29 16:17:45 JST 2026: Posted to Slack: ¥45400
Sun Mar 29 16:47:46 JST 2026: Current lowest PSA10 = ¥45400 (prev: 45400)
✅ Sent via Slack. Message ID: 1774770470.097479
Sun Mar 29 16:47:50 JST 2026: Posted to Slack: ¥45400
Sun Mar 29 17:17:50 JST 2026: Current lowest PSA10 = ¥45400 (prev: 45400)
✅ Sent via Slack. Message ID: 1774772274.108529
Sun Mar 29 17:17:54 JST 2026: Posted to Slack: ¥45400
Sun Mar 29 17:47:54 JST 2026: Current lowest PSA10 = ¥45400 (prev: 45400)
✅ Sent via Slack. Message ID: 1774774078.313879
Sun Mar 29 17:47:58 JST 2026: Posted to Slack: ¥45400
Sun Mar 29 18:17:58 JST 2026: Current lowest PSA10 = ¥45400 (prev: 45400)
✅ Sent via Slack. Message ID: 1774775882.744989
Sun Mar 29 18:18:02 JST 2026: Posted to Slack: ¥45400
Sun Mar 29 18:48:03 JST 2026: Current lowest PSA10 = ¥45400 (prev: 45400)
✅ Sent via Slack. Message ID: 1774777686.897279
Sun Mar 29 18:48:06 JST 2026: Posted to Slack: ¥45400
Sun Mar 29 19:18:07 JST 2026: Current lowest PSA10 = ¥45400 (prev: 45400)
✅ Sent via Slack. Message ID: 1774779491.121309
Sun Mar 29 19:18:11 JST 2026: Posted to Slack: ¥45400
Sun Mar 29 19:48:11 JST 2026: Current lowest PSA10 = ¥45400 (prev: 45400)
✅ Sent via Slack. Message ID: 1774781295.226739
Sun Mar 29 19:48:15 JST 2026: Posted to Slack: ¥45400
Sun Mar 29 20:18:15 JST 2026: Current lowest PSA10 = ¥45400 (prev: 45400)
✅ Sent via Slack. Message ID: 1774783099.212129
Sun Mar 29 20:18:19 JST 2026: Posted to Slack: ¥45400
Sun Mar 29 20:48:19 JST 2026: Current lowest PSA10 = ¥45400 (prev: 45400)
✅ Sent via Slack. Message ID: 1774784903.127149
Sun Mar 29 20:48:23 JST 2026: Posted to Slack: ¥45400
Sun Mar 29 21:18:23 JST 2026: Current lowest PSA10 = ¥45400 (prev: 45400)
✅ Sent via Slack. Message ID: 1774786707.135559
Sun Mar 29 21:18:27 JST 2026: Posted to Slack: ¥45400
Sun Mar 29 21:48:27 JST 2026: Current lowest PSA10 = ¥46000 (prev: 45400)
✅ Sent via Slack. Message ID: 1774788511.321869
Sun Mar 29 21:48:31 JST 2026: Posted to Slack: ¥46000
Sun Mar 29 22:18:31 JST 2026: Current lowest PSA10 = ¥46000 (prev: 46000)
✅ Sent via Slack. Message ID: 1774790315.188309
Sun Mar 29 22:18:35 JST 2026: Posted to Slack: ¥46000
Sun Mar 29 22:48:35 JST 2026: Current lowest PSA10 = ¥46000 (prev: 46000)
✅ Sent via Slack. Message ID: 1774792119.342889
Sun Mar 29 22:48:39 JST 2026: Posted to Slack: ¥46000
Sun Mar 29 23:18:39 JST 2026: Current lowest PSA10 = ¥46000 (prev: 46000)
✅ Sent via Slack. Message ID: 1774793923.486009
Sun Mar 29 23:18:43 JST 2026: Posted to Slack: ¥46000
Sun Mar 29 23:48:43 JST 2026: Current lowest PSA10 = ¥46000 (prev: 46000)
✅ Sent via Slack. Message ID: 1774795727.441659
Sun Mar 29 23:48:47 JST 2026: Posted to Slack: ¥46000
Mon Mar 30 00:18:47 JST 2026: Current lowest PSA10 = ¥46000 (prev: 46000)
✅ Sent via Slack. Message ID: 1774797531.576419
Mon Mar 30 00:18:51 JST 2026: Posted to Slack: ¥46000
Mon Mar 30 00:48:52 JST 2026: Current lowest PSA10 = ¥46000 (prev: 46000)
✅ Sent via Slack. Message ID: 1774799335.606299
Mon Mar 30 00:48:55 JST 2026: Posted to Slack: ¥46000
Mon Mar 30 01:18:56 JST 2026: Current lowest PSA10 = ¥45000 (prev: 46000)
✅ Sent via Slack. Message ID: 1774801139.573709
Mon Mar 30 01:18:59 JST 2026: Posted to Slack: ¥45000
Mon Mar 30 01:48:59 JST 2026: Current lowest PSA10 = ¥45000 (prev: 45000)
✅ Sent via Slack. Message ID: 1774802943.738979
Mon Mar 30 01:49:03 JST 2026: Posted to Slack: ¥45000
Mon Mar 30 02:19:04 JST 2026: Current lowest PSA10 = ¥45000 (prev: 45000)
✅ Sent via Slack. Message ID: 1774804747.853189
Mon Mar 30 02:19:07 JST 2026: Posted to Slack: ¥45000
Mon Mar 30 02:49:08 JST 2026: Current lowest PSA10 = ¥45000 (prev: 45000)
✅ Sent via Slack. Message ID: 1774806552.159989
Mon Mar 30 02:49:12 JST 2026: Posted to Slack: ¥45000
Mon Mar 30 03:19:12 JST 2026: Current lowest PSA10 = ¥45000 (prev: 45000)
✅ Sent via Slack. Message ID: 1774808356.334639
Mon Mar 30 03:19:16 JST 2026: Posted to Slack: ¥45000
Mon Mar 30 03:49:16 JST 2026: Current lowest PSA10 = ¥45000 (prev: 45000)
✅ Sent via Slack. Message ID: 1774810160.623189
Mon Mar 30 03:49:20 JST 2026: Posted to Slack: ¥45000
Mon Mar 30 04:19:21 JST 2026: Current lowest PSA10 = ¥45000 (prev: 45000)
✅ Sent via Slack. Message ID: 1774811964.815539
Mon Mar 30 04:19:25 JST 2026: Posted to Slack: ¥45000
Mon Mar 30 04:49:25 JST 2026: Current lowest PSA10 = ¥45000 (prev: 45000)
✅ Sent via Slack. Message ID: 1774813769.143239
Mon Mar 30 04:49:29 JST 2026: Posted to Slack: ¥45000
Mon Mar 30 05:19:29 JST 2026: Current lowest PSA10 = ¥45000 (prev: 45000)
✅ Sent via Slack. Message ID: 1774815573.453659
Mon Mar 30 05:19:33 JST 2026: Posted to Slack: ¥45000
Mon Mar 30 05:49:33 JST 2026: Current lowest PSA10 = ¥45000 (prev: 45000)
✅ Sent via Slack. Message ID: 1774817377.763349
Mon Mar 30 05:49:37 JST 2026: Posted to Slack: ¥45000
Mon Mar 30 06:19:38 JST 2026: Current lowest PSA10 = ¥45000 (prev: 45000)
✅ Sent via Slack. Message ID: 1774819182.029739
Mon Mar 30 06:19:42 JST 2026: Posted to Slack: ¥45000
Mon Mar 30 06:49:42 JST 2026: Current lowest PSA10 = ¥45000 (prev: 45000)
✅ Sent via Slack. Message ID: 1774820986.130679
Mon Mar 30 06:49:46 JST 2026: Posted to Slack: ¥45000
Mon Mar 30 07:19:46 JST 2026: Current lowest PSA10 = ¥45000 (prev: 45000)
✅ Sent via Slack. Message ID: 1774822790.156739
Mon Mar 30 07:19:50 JST 2026: Posted to Slack: ¥45000
Mon Mar 30 07:49:50 JST 2026: Current lowest PSA10 = ¥45000 (prev: 45000)
✅ Sent via Slack. Message ID: 1774824594.178809
Mon Mar 30 07:49:54 JST 2026: Posted to Slack: ¥45000
Mon Mar 30 08:19:54 JST 2026: Current lowest PSA10 = ¥45000 (prev: 45000)
✅ Sent via Slack. Message ID: 1774826398.151289
Mon Mar 30 08:19:58 JST 2026: Posted to Slack: ¥45000
Mon Mar 30 08:49:58 JST 2026: Current lowest PSA10 = ¥45000 (prev: 45000)
✅ Sent via Slack. Message ID: 1774828202.052099
Mon Mar 30 08:50:02 JST 2026: Posted to Slack: ¥45000
Mon Mar 30 09:20:02 JST 2026: Current lowest PSA10 = ¥45000 (prev: 45000)
✅ Sent via Slack. Message ID: 1774830006.050989
Mon Mar 30 09:20:06 JST 2026: Posted to Slack: ¥45000
Mon Mar 30 09:50:06 JST 2026: Current lowest PSA10 = ¥45000 (prev: 45000)
✅ Sent via Slack. Message ID: 1774831810.174779
Mon Mar 30 09:50:10 JST 2026: Posted to Slack: ¥45000
Mon Mar 30 10:20:10 JST 2026: Current lowest PSA10 = ¥45000 (prev: 45000)
✅ Sent via Slack. Message ID: 1774833614.292939
Mon Mar 30 10:20:14 JST 2026: Posted to Slack: ¥45000
Mon Mar 30 10:50:14 JST 2026: Current lowest PSA10 = ¥45000 (prev: 45000)
✅ Sent via Slack. Message ID: 1774835418.535909
Mon Mar 30 10:50:18 JST 2026: Posted to Slack: ¥45000
Mon Mar 30 11:20:19 JST 2026: Current lowest PSA10 = ¥45000 (prev: 45000)
✅ Sent via Slack. Message ID: 1774837222.591739
Mon Mar 30 11:20:22 JST 2026: Posted to Slack: ¥45000
Mon Mar 30 11:50:23 JST 2026: Current lowest PSA10 = ¥45000 (prev: 45000)
✅ Sent via Slack. Message ID: 1774839026.727539
Mon Mar 30 11:50:26 JST 2026: Posted to Slack: ¥45000
Mon Mar 30 12:20:27 JST 2026: Current lowest PSA10 = ¥45000 (prev: 45000)
✅ Sent via Slack. Message ID: 1774840830.947329
Mon Mar 30 12:20:31 JST 2026: Posted to Slack: ¥45000
Mon Mar 30 12:50:31 JST 2026: Current lowest PSA10 = ¥45000 (prev: 45000)
✅ Sent via Slack. Message ID: 1774842635.022919
Mon Mar 30 12:50:35 JST 2026: Posted to Slack: ¥45000
Mon Mar 30 13:20:35 JST 2026: Current lowest PSA10 = ¥45000 (prev: 45000)
✅ Sent via Slack. Message ID: 1774844439.123129
Mon Mar 30 13:20:39 JST 2026: Posted to Slack: ¥45000
Mon Mar 30 13:50:39 JST 2026: Current lowest PSA10 = ¥45000 (prev: 45000)
✅ Sent via Slack. Message ID: 1774846243.067829
Mon Mar 30 13:50:43 JST 2026: Posted to Slack: ¥45000
Mon Mar 30 14:20:43 JST 2026: Current lowest PSA10 = ¥45000 (prev: 45000)
✅ Sent via Slack. Message ID: 1774848047.106929
Mon Mar 30 14:20:47 JST 2026: Posted to Slack: ¥45000
Mon Mar 30 14:50:47 JST 2026: Current lowest PSA10 = ¥45000 (prev: 45000)
✅ Sent via Slack. Message ID: 1774849851.124519
Mon Mar 30 14:50:51 JST 2026: Posted to Slack: ¥45000
Mon Mar 30 15:20:51 JST 2026: Current lowest PSA10 = ¥45000 (prev: 45000)
✅ Sent via Slack. Message ID: 1774851655.162539
Mon Mar 30 15:20:55 JST 2026: Posted to Slack: ¥45000
Mon Mar 30 15:50:55 JST 2026: Current lowest PSA10 = ¥45000 (prev: 45000)
✅ Sent via Slack. Message ID: 1774853459.164409
Mon Mar 30 15:50:59 JST 2026: Posted to Slack: ¥45000
Mon Mar 30 16:20:59 JST 2026: Current lowest PSA10 = ¥45000 (prev: 45000)
✅ Sent via Slack. Message ID: 1774855263.207919
Mon Mar 30 16:21:03 JST 2026: Posted to Slack: ¥45000
Mon Mar 30 16:51:03 JST 2026: Current lowest PSA10 = ¥45000 (prev: 45000)
✅ Sent via Slack. Message ID: 1774857067.177889
Mon Mar 30 16:51:07 JST 2026: Posted to Slack: ¥45000
Mon Mar 30 17:21:07 JST 2026: Current lowest PSA10 = ¥45500 (prev: 45000)
✅ Sent via Slack. Message ID: 1774858871.278349
Mon Mar 30 17:21:11 JST 2026: Posted to Slack: ¥45500
Mon Mar 30 17:51:11 JST 2026: Current lowest PSA10 = ¥45500 (prev: 45500)
✅ Sent via Slack. Message ID: 1774860675.365419
Mon Mar 30 17:51:15 JST 2026: Posted to Slack: ¥45500
Mon Mar 30 18:21:15 JST 2026: Current lowest PSA10 = ¥45500 (prev: 45500)
✅ Sent via Slack. Message ID: 1774862479.261839
Mon Mar 30 18:21:19 JST 2026: Posted to Slack: ¥45500
Mon Mar 30 18:51:19 JST 2026: Current lowest PSA10 = ¥45500 (prev: 45500)
✅ Sent via Slack. Message ID: 1774864283.350949
Mon Mar 30 18:51:23 JST 2026: Posted to Slack: ¥45500
Mon Mar 30 19:21:23 JST 2026: Current lowest PSA10 = ¥45500 (prev: 45500)
✅ Sent via Slack. Message ID: 1774866087.357139
Mon Mar 30 19:21:27 JST 2026: Posted to Slack: ¥45500
Mon Mar 30 19:51:27 JST 2026: Current lowest PSA10 = ¥45500 (prev: 45500)
✅ Sent via Slack. Message ID: 1774867891.297459
Mon Mar 30 19:51:31 JST 2026: Posted to Slack: ¥45500
Mon Mar 30 20:21:31 JST 2026: Current lowest PSA10 = ¥45500 (prev: 45500)
✅ Sent via Slack. Message ID: 1774869695.374069
Mon Mar 30 20:21:35 JST 2026: Posted to Slack: ¥45500
Mon Mar 30 20:51:35 JST 2026: Current lowest PSA10 = ¥45500 (prev: 45500)
✅ Sent via Slack. Message ID: 1774871499.489189
Mon Mar 30 20:51:39 JST 2026: Posted to Slack: ¥45500
Mon Mar 30 21:21:39 JST 2026: Current lowest PSA10 = ¥45500 (prev: 45500)
✅ Sent via Slack. Message ID: 1774873303.462419
Mon Mar 30 21:21:43 JST 2026: Posted to Slack: ¥45500
Mon Mar 30 21:51:43 JST 2026: Current lowest PSA10 = ¥45500 (prev: 45500)
✅ Sent via Slack. Message ID: 1774875107.366199
Mon Mar 30 21:51:47 JST 2026: Posted to Slack: ¥45500
Mon Mar 30 22:21:47 JST 2026: Current lowest PSA10 = ¥45500 (prev: 45500)
✅ Sent via Slack. Message ID: 1774876911.224409
Mon Mar 30 22:21:51 JST 2026: Posted to Slack: ¥45500
Mon Mar 30 22:51:51 JST 2026: Current lowest PSA10 = ¥45500 (prev: 45500)
✅ Sent via Slack. Message ID: 1774878715.274439
Mon Mar 30 22:51:55 JST 2026: Posted to Slack: ¥45500
Mon Mar 30 23:21:55 JST 2026: Current lowest PSA10 = ¥45500 (prev: 45500)
✅ Sent via Slack. Message ID: 1774880519.295399
Mon Mar 30 23:21:59 JST 2026: Posted to Slack: ¥45500
Mon Mar 30 23:51:59 JST 2026: Current lowest PSA10 = ¥45500 (prev: 45500)
✅ Sent via Slack. Message ID: 1774882323.226089
Mon Mar 30 23:52:03 JST 2026: Posted to Slack: ¥45500
Tue Mar 31 00:22:03 JST 2026: Current lowest PSA10 = ¥45500 (prev: 45500)
✅ Sent via Slack. Message ID: 1774884127.303779
Tue Mar 31 00:22:07 JST 2026: Posted to Slack: ¥45500
Tue Mar 31 00:52:07 JST 2026: Current lowest PSA10 = ¥45500 (prev: 45500)
✅ Sent via Slack. Message ID: 1774885931.251519
Tue Mar 31 00:52:11 JST 2026: Posted to Slack: ¥45500
Tue Mar 31 01:22:11 JST 2026: Current lowest PSA10 = ¥45500 (prev: 45500)
✅ Sent via Slack. Message ID: 1774887735.322879
Tue Mar 31 01:22:15 JST 2026: Posted to Slack: ¥45500
Tue Mar 31 01:52:15 JST 2026: Current lowest PSA10 = ¥45500 (prev: 45500)
✅ Sent via Slack. Message ID: 1774889539.560539
Tue Mar 31 01:52:19 JST 2026: Posted to Slack: ¥45500
Tue Mar 31 02:22:20 JST 2026: Current lowest PSA10 = ¥45500 (prev: 45500)
✅ Sent via Slack. Message ID: 1774891343.737529
Tue Mar 31 02:22:23 JST 2026: Posted to Slack: ¥45500
Tue Mar 31 02:52:24 JST 2026: Current lowest PSA10 = ¥45500 (prev: 45500)
✅ Sent via Slack. Message ID: 1774893147.798899
Tue Mar 31 02:52:27 JST 2026: Posted to Slack: ¥45500
Tue Mar 31 03:22:28 JST 2026: Current lowest PSA10 = ¥45500 (prev: 45500)
✅ Sent via Slack. Message ID: 1774894951.943599
Tue Mar 31 03:22:32 JST 2026: Posted to Slack: ¥45500
Tue Mar 31 03:52:32 JST 2026: Current lowest PSA10 = ¥45500 (prev: 45500)
✅ Sent via Slack. Message ID: 1774896756.115599
Tue Mar 31 03:52:36 JST 2026: Posted to Slack: ¥45500
Tue Mar 31 04:22:36 JST 2026: Current lowest PSA10 = ¥45500 (prev: 45500)
✅ Sent via Slack. Message ID: 1774898560.205339
Tue Mar 31 04:22:40 JST 2026: Posted to Slack: ¥45500
Tue Mar 31 04:52:40 JST 2026: Current lowest PSA10 = ¥45500 (prev: 45500)
✅ Sent via Slack. Message ID: 1774900364.332609
Tue Mar 31 04:52:44 JST 2026: Posted to Slack: ¥45500
Tue Mar 31 05:22:44 JST 2026: Current lowest PSA10 = ¥45500 (prev: 45500)
✅ Sent via Slack. Message ID: 1774902168.424999
Tue Mar 31 05:22:48 JST 2026: Posted to Slack: ¥45500
Tue Mar 31 05:52:48 JST 2026: Current lowest PSA10 = ¥45500 (prev: 45500)
✅ Sent via Slack. Message ID: 1774903972.548369
Tue Mar 31 05:52:52 JST 2026: Posted to Slack: ¥45500
Tue Mar 31 06:22:52 JST 2026: Current lowest PSA10 = ¥45500 (prev: 45500)
✅ Sent via Slack. Message ID: 1774905776.532739
Tue Mar 31 06:22:56 JST 2026: Posted to Slack: ¥45500
Tue Mar 31 06:52:56 JST 2026: Current lowest PSA10 = ¥45500 (prev: 45500)
✅ Sent via Slack. Message ID: 1774907580.650119
Tue Mar 31 06:53:00 JST 2026: Posted to Slack: ¥45500
Tue Mar 31 07:23:01 JST 2026: Current lowest PSA10 = ¥45500 (prev: 45500)
✅ Sent via Slack. Message ID: 1774909384.593319
Tue Mar 31 07:23:04 JST 2026: Posted to Slack: ¥45500
Tue Mar 31 07:53:05 JST 2026: Current lowest PSA10 = ¥45500 (prev: 45500)
✅ Sent via Slack. Message ID: 1774911188.663779
Tue Mar 31 07:53:08 JST 2026: Posted to Slack: ¥45500
Tue Mar 31 08:23:09 JST 2026: Current lowest PSA10 = ¥45500 (prev: 45500)
✅ Sent via Slack. Message ID: 1774912992.872419
Tue Mar 31 08:23:12 JST 2026: Posted to Slack: ¥45500
Tue Mar 31 08:53:13 JST 2026: Current lowest PSA10 = ¥45500 (prev: 45500)
✅ Sent via Slack. Message ID: 1774914796.879819
Tue Mar 31 08:53:17 JST 2026: Posted to Slack: ¥45500
Tue Mar 31 09:23:17 JST 2026: Current lowest PSA10 = ¥45500 (prev: 45500)
✅ Sent via Slack. Message ID: 1774916600.900679
Tue Mar 31 09:23:21 JST 2026: Posted to Slack: ¥45500
Tue Mar 31 09:53:21 JST 2026: Current lowest PSA10 = ¥45500 (prev: 45500)
✅ Sent via Slack. Message ID: 1774918405.119359
Tue Mar 31 09:53:25 JST 2026: Posted to Slack: ¥45500
Tue Mar 31 10:23:25 JST 2026: Current lowest PSA10 = ¥45500 (prev: 45500)
✅ Sent via Slack. Message ID: 1774920209.167669
Tue Mar 31 10:23:29 JST 2026: Posted to Slack: ¥45500
Tue Mar 31 10:53:29 JST 2026: Current lowest PSA10 = ¥45500 (prev: 45500)
✅ Sent via Slack. Message ID: 1774922013.279919
Tue Mar 31 10:53:33 JST 2026: Posted to Slack: ¥45500
Tue Mar 31 11:23:33 JST 2026: Current lowest PSA10 = ¥45500 (prev: 45500)
✅ Sent via Slack. Message ID: 1774923817.347499
Tue Mar 31 11:23:37 JST 2026: Posted to Slack: ¥45500
Tue Mar 31 11:53:37 JST 2026: Current lowest PSA10 = ¥45500 (prev: 45500)
✅ Sent via Slack. Message ID: 1774925621.405199
Tue Mar 31 11:53:41 JST 2026: Posted to Slack: ¥45500
Tue Mar 31 12:23:41 JST 2026: Current lowest PSA10 = ¥45000 (prev: 45500)
✅ Sent via Slack. Message ID: 1774927425.409109
Tue Mar 31 12:23:45 JST 2026: Posted to Slack: ¥45000
Tue Mar 31 12:53:45 JST 2026: Current lowest PSA10 = ¥45000 (prev: 45000)
✅ Sent via Slack. Message ID: 1774929229.481569
Tue Mar 31 12:53:49 JST 2026: Posted to Slack: ¥45000
Tue Mar 31 13:23:49 JST 2026: Current lowest PSA10 = ¥45000 (prev: 45000)
✅ Sent via Slack. Message ID: 1774931033.434089
Tue Mar 31 13:23:53 JST 2026: Posted to Slack: ¥45000
Tue Mar 31 13:53:53 JST 2026: Current lowest PSA10 = ¥44888 (prev: 45000)
✅ Sent via Slack. Message ID: 1774932837.365779
Tue Mar 31 13:53:57 JST 2026: Posted to Slack: ¥44888
Tue Mar 31 14:23:57 JST 2026: Current lowest PSA10 = ¥44888 (prev: 44888)
✅ Sent via Slack. Message ID: 1774934641.197139
Tue Mar 31 14:24:01 JST 2026: Posted to Slack: ¥44888
Tue Mar 31 14:54:01 JST 2026: Current lowest PSA10 = ¥44888 (prev: 44888)
✅ Sent via Slack. Message ID: 1774936445.071339
Tue Mar 31 14:54:05 JST 2026: Posted to Slack: ¥44888
Tue Mar 31 15:24:05 JST 2026: Current lowest PSA10 = ¥44888 (prev: 44888)
✅ Sent via Slack. Message ID: 1774938248.910569
Tue Mar 31 15:24:09 JST 2026: Posted to Slack: ¥44888
Tue Mar 31 15:54:09 JST 2026: Current lowest PSA10 = ¥44888 (prev: 44888)
✅ Sent via Slack. Message ID: 1774940052.851499
Tue Mar 31 15:54:13 JST 2026: Posted to Slack: ¥44888
Tue Mar 31 16:24:13 JST 2026: Current lowest PSA10 = ¥44888 (prev: 44888)
✅ Sent via Slack. Message ID: 1774941856.742849
Tue Mar 31 16:24:16 JST 2026: Posted to Slack: ¥44888
Tue Mar 31 16:54:17 JST 2026: Current lowest PSA10 = ¥45000 (prev: 44888)
✅ Sent via Slack. Message ID: 1774943660.865699
Tue Mar 31 16:54:21 JST 2026: Posted to Slack: ¥45000
Tue Mar 31 17:24:21 JST 2026: Current lowest PSA10 = ¥45000 (prev: 45000)
✅ Sent via Slack. Message ID: 1774945464.985179
Tue Mar 31 17:24:25 JST 2026: Posted to Slack: ¥45000
Tue Mar 31 17:54:25 JST 2026: Current lowest PSA10 = ¥43000 (prev: 45000)
✅ Sent via Slack. Message ID: 1774947269.148329
Tue Mar 31 17:54:29 JST 2026: Posted to Slack: ¥43000
Tue Mar 31 18:24:29 JST 2026: Current lowest PSA10 = ¥45000 (prev: 43000)
✅ Sent via Slack. Message ID: 1774949073.059069
Tue Mar 31 18:24:33 JST 2026: Posted to Slack: ¥45000
Tue Mar 31 18:54:33 JST 2026: Current lowest PSA10 = ¥45000 (prev: 45000)
✅ Sent via Slack. Message ID: 1774950877.062479
Tue Mar 31 18:54:37 JST 2026: Posted to Slack: ¥45000
Tue Mar 31 19:24:37 JST 2026: Current lowest PSA10 = ¥45000 (prev: 45000)
✅ Sent via Slack. Message ID: 1774952681.029679
Tue Mar 31 19:24:41 JST 2026: Posted to Slack: ¥45000
Tue Mar 31 19:54:41 JST 2026: Current lowest PSA10 = ¥45000 (prev: 45000)
✅ Sent via Slack. Message ID: 1774954485.043189
Tue Mar 31 19:54:45 JST 2026: Posted to Slack: ¥45000
Tue Mar 31 20:24:45 JST 2026: Current lowest PSA10 = ¥45000 (prev: 45000)
✅ Sent via Slack. Message ID: 1774956289.002019
Tue Mar 31 20:24:49 JST 2026: Posted to Slack: ¥45000
Tue Mar 31 20:54:49 JST 2026: Current lowest PSA10 = ¥45000 (prev: 45000)
✅ Sent via Slack. Message ID: 1774958093.099979
Tue Mar 31 20:54:53 JST 2026: Posted to Slack: ¥45000
Tue Mar 31 21:24:53 JST 2026: Current lowest PSA10 = ¥45800 (prev: 45000)
✅ Sent via Slack. Message ID: 1774959897.216379
Tue Mar 31 21:24:57 JST 2026: Posted to Slack: ¥45800
Tue Mar 31 21:54:57 JST 2026: Current lowest PSA10 = ¥45800 (prev: 45800)
✅ Sent via Slack. Message ID: 1774961701.284799
Tue Mar 31 21:55:01 JST 2026: Posted to Slack: ¥45800
Tue Mar 31 22:25:01 JST 2026: Current lowest PSA10 = ¥45800 (prev: 45800)
✅ Sent via Slack. Message ID: 1774963505.397949
Tue Mar 31 22:25:05 JST 2026: Posted to Slack: ¥45800
Tue Mar 31 22:55:05 JST 2026: Current lowest PSA10 = ¥45800 (prev: 45800)
✅ Sent via Slack. Message ID: 1774965309.458849
Tue Mar 31 22:55:09 JST 2026: Posted to Slack: ¥45800
Tue Mar 31 23:25:10 JST 2026: Current lowest PSA10 = ¥45800 (prev: 45800)
✅ Sent via Slack. Message ID: 1774967113.575099
Tue Mar 31 23:25:13 JST 2026: Posted to Slack: ¥45800
Tue Mar 31 23:55:14 JST 2026: Current lowest PSA10 = ¥45800 (prev: 45800)
✅ Sent via Slack. Message ID: 1774968917.452679
Tue Mar 31 23:55:17 JST 2026: Posted to Slack: ¥45800
Wed Apr  1 00:25:17 JST 2026: Current lowest PSA10 = ¥45800 (prev: 45800)
✅ Sent via Slack. Message ID: 1774970721.402689
Wed Apr  1 00:25:21 JST 2026: Posted to Slack: ¥45800
Wed Apr  1 00:55:21 JST 2026: Current lowest PSA10 = ¥45800 (prev: 45800)
✅ Sent via Slack. Message ID: 1774972526.276289
Wed Apr  1 00:55:26 JST 2026: Posted to Slack: ¥45800
Wed Apr  1 01:25:26 JST 2026: Current lowest PSA10 = ¥45800 (prev: 45800)
✅ Sent via Slack. Message ID: 1774974330.303389
Wed Apr  1 01:25:30 JST 2026: Posted to Slack: ¥45800
Wed Apr  1 01:55:30 JST 2026: Current lowest PSA10 = ¥46000 (prev: 45800)
✅ Sent via Slack. Message ID: 1774976134.557919
Wed Apr  1 01:55:34 JST 2026: Posted to Slack: ¥46000
Wed Apr  1 02:25:35 JST 2026: Current lowest PSA10 = ¥46000 (prev: 46000)
✅ Sent via Slack. Message ID: 1774977938.701509
Wed Apr  1 02:25:38 JST 2026: Posted to Slack: ¥46000
Wed Apr  1 02:55:39 JST 2026: Current lowest PSA10 = ¥46000 (prev: 46000)
✅ Sent via Slack. Message ID: 1774979742.821999
Wed Apr  1 02:55:43 JST 2026: Posted to Slack: ¥46000
Wed Apr  1 03:25:43 JST 2026: Current lowest PSA10 = ¥46000 (prev: 46000)
✅ Sent via Slack. Message ID: 1774981546.946779
Wed Apr  1 03:25:47 JST 2026: Posted to Slack: ¥46000
Wed Apr  1 03:55:47 JST 2026: Current lowest PSA10 = ¥46000 (prev: 46000)
✅ Sent via Slack. Message ID: 1774983351.165599
Wed Apr  1 03:55:51 JST 2026: Posted to Slack: ¥46000
Wed Apr  1 04:25:51 JST 2026: Current lowest PSA10 = ¥46000 (prev: 46000)
✅ Sent via Slack. Message ID: 1774985155.518939
Wed Apr  1 04:25:55 JST 2026: Posted to Slack: ¥46000
Wed Apr  1 04:55:55 JST 2026: Current lowest PSA10 = ¥46000 (prev: 46000)
✅ Sent via Slack. Message ID: 1774986959.698209
Wed Apr  1 04:55:59 JST 2026: Posted to Slack: ¥46000
Wed Apr  1 05:26:00 JST 2026: Current lowest PSA10 = ¥46000 (prev: 46000)
✅ Sent via Slack. Message ID: 1774988763.683189
Wed Apr  1 05:26:03 JST 2026: Posted to Slack: ¥46000
Wed Apr  1 05:56:04 JST 2026: Current lowest PSA10 = ¥46000 (prev: 46000)
✅ Sent via Slack. Message ID: 1774990567.644559
Wed Apr  1 05:56:07 JST 2026: Posted to Slack: ¥46000
Wed Apr  1 06:26:08 JST 2026: Current lowest PSA10 = ¥46000 (prev: 46000)
✅ Sent via Slack. Message ID: 1774992371.709129
Wed Apr  1 06:26:11 JST 2026: Posted to Slack: ¥46000
Wed Apr  1 06:56:12 JST 2026: Current lowest PSA10 = ¥46000 (prev: 46000)
✅ Sent via Slack. Message ID: 1774994175.923399
Wed Apr  1 06:56:16 JST 2026: Posted to Slack: ¥46000
Wed Apr  1 07:26:16 JST 2026: Current lowest PSA10 = ¥46000 (prev: 46000)
✅ Sent via Slack. Message ID: 1774995979.904349
Wed Apr  1 07:26:20 JST 2026: Posted to Slack: ¥46000
Wed Apr  1 07:56:20 JST 2026: Current lowest PSA10 = ¥46000 (prev: 46000)
✅ Sent via Slack. Message ID: 1774997783.906259
Wed Apr  1 07:56:24 JST 2026: Posted to Slack: ¥46000
Wed Apr  1 08:26:24 JST 2026: Current lowest PSA10 = ¥46000 (prev: 46000)
✅ Sent via Slack. Message ID: 1774999587.998579
Wed Apr  1 08:26:28 JST 2026: Posted to Slack: ¥46000
Wed Apr  1 08:56:28 JST 2026: Current lowest PSA10 = ¥45980 (prev: 46000)
✅ Sent via Slack. Message ID: 1775001392.056809
Wed Apr  1 08:56:32 JST 2026: Posted to Slack: ¥45980
Wed Apr  1 09:26:32 JST 2026: Current lowest PSA10 = ¥45980 (prev: 45980)
✅ Sent via Slack. Message ID: 1775003196.041209
Wed Apr  1 09:26:36 JST 2026: Posted to Slack: ¥45980
Wed Apr  1 09:56:36 JST 2026: Current lowest PSA10 = ¥45980 (prev: 45980)
✅ Sent via Slack. Message ID: 1775005000.036379
Wed Apr  1 09:56:40 JST 2026: Posted to Slack: ¥45980
Wed Apr  1 10:26:40 JST 2026: Current lowest PSA10 = ¥45980 (prev: 45980)
✅ Sent via Slack. Message ID: 1775006804.052779
Wed Apr  1 10:26:44 JST 2026: Posted to Slack: ¥45980
Wed Apr  1 10:56:44 JST 2026: Current lowest PSA10 = ¥45980 (prev: 45980)
✅ Sent via Slack. Message ID: 1775008608.140899
Wed Apr  1 10:56:48 JST 2026: Posted to Slack: ¥45980
Wed Apr  1 11:26:48 JST 2026: Current lowest PSA10 = ¥45980 (prev: 45980)
✅ Sent via Slack. Message ID: 1775010412.143359
Wed Apr  1 11:26:52 JST 2026: Posted to Slack: ¥45980
Wed Apr  1 11:56:52 JST 2026: Current lowest PSA10 = ¥45980 (prev: 45980)
✅ Sent via Slack. Message ID: 1775012216.179239
Wed Apr  1 11:56:56 JST 2026: Posted to Slack: ¥45980
Wed Apr  1 12:26:56 JST 2026: Current lowest PSA10 = ¥45980 (prev: 45980)
✅ Sent via Slack. Message ID: 1775014020.185979
Wed Apr  1 12:27:00 JST 2026: Posted to Slack: ¥45980
Wed Apr  1 12:57:00 JST 2026: Current lowest PSA10 = ¥45980 (prev: 45980)
✅ Sent via Slack. Message ID: 1775015824.286149
Wed Apr  1 12:57:04 JST 2026: Posted to Slack: ¥45980
Wed Apr  1 13:27:04 JST 2026: Current lowest PSA10 = ¥45980 (prev: 45980)
✅ Sent via Slack. Message ID: 1775017628.390539
Wed Apr  1 13:27:08 JST 2026: Posted to Slack: ¥45980
Wed Apr  1 13:57:08 JST 2026: Current lowest PSA10 = ¥45980 (prev: 45980)
✅ Sent via Slack. Message ID: 1775019432.410629
Wed Apr  1 13:57:12 JST 2026: Posted to Slack: ¥45980
Wed Apr  1 14:27:12 JST 2026: Current lowest PSA10 = ¥45980 (prev: 45980)
✅ Sent via Slack. Message ID: 1775021236.429269
Wed Apr  1 14:27:16 JST 2026: Posted to Slack: ¥45980
Wed Apr  1 14:57:16 JST 2026: Current lowest PSA10 = ¥45800 (prev: 45980)
✅ Sent via Slack. Message ID: 1775023040.434979
Wed Apr  1 14:57:20 JST 2026: Posted to Slack: ¥45800
Wed Apr  1 15:27:20 JST 2026: Current lowest PSA10 = ¥45800 (prev: 45800)
✅ Sent via Slack. Message ID: 1775024844.425449
Wed Apr  1 15:27:24 JST 2026: Posted to Slack: ¥45800
Wed Apr  1 15:57:24 JST 2026: Current lowest PSA10 = ¥45800 (prev: 45800)
✅ Sent via Slack. Message ID: 1775026648.357969
Wed Apr  1 15:57:28 JST 2026: Posted to Slack: ¥45800
Wed Apr  1 16:27:28 JST 2026: Current lowest PSA10 = ¥45800 (prev: 45800)
✅ Sent via Slack. Message ID: 1775028452.295979
Wed Apr  1 16:27:32 JST 2026: Posted to Slack: ¥45800
Wed Apr  1 16:57:32 JST 2026: Current lowest PSA10 = ¥45800 (prev: 45800)
✅ Sent via Slack. Message ID: 1775030256.294269
Wed Apr  1 16:57:36 JST 2026: Posted to Slack: ¥45800
Wed Apr  1 17:27:36 JST 2026: Current lowest PSA10 = ¥45800 (prev: 45800)
✅ Sent via Slack. Message ID: 1775032060.279749
Wed Apr  1 17:27:40 JST 2026: Posted to Slack: ¥45800
Wed Apr  1 17:57:40 JST 2026: Current lowest PSA10 = ¥45800 (prev: 45800)
✅ Sent via Slack. Message ID: 1775033864.381699
Wed Apr  1 17:57:44 JST 2026: Posted to Slack: ¥45800
Wed Apr  1 18:27:44 JST 2026: Current lowest PSA10 = ¥45800 (prev: 45800)
✅ Sent via Slack. Message ID: 1775035668.443769
Wed Apr  1 18:27:48 JST 2026: Posted to Slack: ¥45800
Wed Apr  1 18:57:48 JST 2026: Current lowest PSA10 = ¥45800 (prev: 45800)
✅ Sent via Slack. Message ID: 1775037472.502969
Wed Apr  1 18:57:52 JST 2026: Posted to Slack: ¥45800
Wed Apr  1 19:27:52 JST 2026: Current lowest PSA10 = ¥45800 (prev: 45800)
✅ Sent via Slack. Message ID: 1775039276.520439
Wed Apr  1 19:27:56 JST 2026: Posted to Slack: ¥45800
Wed Apr  1 19:57:57 JST 2026: Current lowest PSA10 = ¥45800 (prev: 45800)
✅ Sent via Slack. Message ID: 1775041080.497859
Wed Apr  1 19:58:00 JST 2026: Posted to Slack: ¥45800
Wed Apr  1 20:28:01 JST 2026: Current lowest PSA10 = ¥45800 (prev: 45800)
✅ Sent via Slack. Message ID: 1775042885.048079
Wed Apr  1 20:28:05 JST 2026: Posted to Slack: ¥45800
Wed Apr  1 20:58:05 JST 2026: Current lowest PSA10 = ¥45800 (prev: 45800)
✅ Sent via Slack. Message ID: 1775044688.988909
Wed Apr  1 20:58:09 JST 2026: Posted to Slack: ¥45800
Wed Apr  1 21:28:09 JST 2026: Current lowest PSA10 = ¥45800 (prev: 45800)
✅ Sent via Slack. Message ID: 1775046492.923689
Wed Apr  1 21:28:13 JST 2026: Posted to Slack: ¥45800
Wed Apr  1 21:58:13 JST 2026: Current lowest PSA10 = ¥45800 (prev: 45800)
✅ Sent via Slack. Message ID: 1775048296.915579
Wed Apr  1 21:58:17 JST 2026: Posted to Slack: ¥45800
Wed Apr  1 22:28:17 JST 2026: Current lowest PSA10 = ¥45800 (prev: 45800)
✅ Sent via Slack. Message ID: 1775050100.929569
Wed Apr  1 22:28:20 JST 2026: Posted to Slack: ¥45800
Wed Apr  1 22:58:21 JST 2026: Current lowest PSA10 = ¥45980 (prev: 45800)
✅ Sent via Slack. Message ID: 1775051904.963079
Wed Apr  1 22:58:25 JST 2026: Posted to Slack: ¥45980
Wed Apr  1 23:28:25 JST 2026: Current lowest PSA10 = ¥45980 (prev: 45980)
✅ Sent via Slack. Message ID: 1775053709.239339
Wed Apr  1 23:28:29 JST 2026: Posted to Slack: ¥45980
Wed Apr  1 23:58:29 JST 2026: Current lowest PSA10 = ¥45900 (prev: 45980)
✅ Sent via Slack. Message ID: 1775055513.315189
Wed Apr  1 23:58:33 JST 2026: Posted to Slack: ¥45900
Thu Apr  2 00:28:33 JST 2026: Current lowest PSA10 = ¥45900 (prev: 45900)
✅ Sent via Slack. Message ID: 1775057317.260549
Thu Apr  2 00:28:37 JST 2026: Posted to Slack: ¥45900
Thu Apr  2 00:58:37 JST 2026: Current lowest PSA10 = ¥45900 (prev: 45900)
✅ Sent via Slack. Message ID: 1775059121.272429
Thu Apr  2 00:58:41 JST 2026: Posted to Slack: ¥45900
Thu Apr  2 01:28:41 JST 2026: Current lowest PSA10 = ¥45900 (prev: 45900)
✅ Sent via Slack. Message ID: 1775060925.572089
Thu Apr  2 01:28:45 JST 2026: Posted to Slack: ¥45900
Thu Apr  2 01:58:46 JST 2026: Current lowest PSA10 = ¥45900 (prev: 45900)
✅ Sent via Slack. Message ID: 1775062729.705209
Thu Apr  2 01:58:49 JST 2026: Posted to Slack: ¥45900
Thu Apr  2 02:28:50 JST 2026: Current lowest PSA10 = ¥45900 (prev: 45900)
✅ Sent via Slack. Message ID: 1775064533.845939
Thu Apr  2 02:28:54 JST 2026: Posted to Slack: ¥45900
Thu Apr  2 02:58:54 JST 2026: Current lowest PSA10 = ¥45900 (prev: 45900)
✅ Sent via Slack. Message ID: 1775066337.911199
Thu Apr  2 02:58:58 JST 2026: Posted to Slack: ¥45900
Thu Apr  2 03:28:58 JST 2026: Current lowest PSA10 = ¥45900 (prev: 45900)
✅ Sent via Slack. Message ID: 1775068142.003259
Thu Apr  2 03:29:02 JST 2026: Posted to Slack: ¥45900
Thu Apr  2 03:59:02 JST 2026: Current lowest PSA10 = ¥45900 (prev: 45900)
✅ Sent via Slack. Message ID: 1775069946.198869
Thu Apr  2 03:59:06 JST 2026: Posted to Slack: ¥45900
Thu Apr  2 04:29:06 JST 2026: Current lowest PSA10 = ¥45900 (prev: 45900)
✅ Sent via Slack. Message ID: 1775071750.521699
Thu Apr  2 04:29:10 JST 2026: Posted to Slack: ¥45900
Thu Apr  2 04:59:10 JST 2026: Current lowest PSA10 = ¥45900 (prev: 45900)
✅ Sent via Slack. Message ID: 1775073554.801649
Thu Apr  2 04:59:15 JST 2026: Posted to Slack: ¥45900
Thu Apr  2 05:29:15 JST 2026: Current lowest PSA10 = ¥45900 (prev: 45900)
✅ Sent via Slack. Message ID: 1775075358.984259
Thu Apr  2 05:29:19 JST 2026: Posted to Slack: ¥45900
Thu Apr  2 05:59:19 JST 2026: Current lowest PSA10 = ¥45900 (prev: 45900)
✅ Sent via Slack. Message ID: 1775077162.933099
Thu Apr  2 05:59:23 JST 2026: Posted to Slack: ¥45900
Thu Apr  2 06:29:23 JST 2026: Current lowest PSA10 = ¥45900 (prev: 45900)
✅ Sent via Slack. Message ID: 1775078966.882739
Thu Apr  2 06:29:27 JST 2026: Posted to Slack: ¥45900
Thu Apr  2 06:59:27 JST 2026: Current lowest PSA10 = ¥45900 (prev: 45900)
✅ Sent via Slack. Message ID: 1775080770.947439
Thu Apr  2 06:59:31 JST 2026: Posted to Slack: ¥45900
Thu Apr  2 07:29:31 JST 2026: Current lowest PSA10 = ¥45900 (prev: 45900)
✅ Sent via Slack. Message ID: 1775082574.959249
Thu Apr  2 07:29:35 JST 2026: Posted to Slack: ¥45900
Thu Apr  2 07:59:35 JST 2026: Current lowest PSA10 = ¥45900 (prev: 45900)
✅ Sent via Slack. Message ID: 1775084379.011259
Thu Apr  2 07:59:39 JST 2026: Posted to Slack: ¥45900
Thu Apr  2 08:29:39 JST 2026: Current lowest PSA10 = ¥45900 (prev: 45900)
✅ Sent via Slack. Message ID: 1775086183.025989
Thu Apr  2 08:29:43 JST 2026: Posted to Slack: ¥45900
Thu Apr  2 08:59:43 JST 2026: Current lowest PSA10 = ¥45900 (prev: 45900)
✅ Sent via Slack. Message ID: 1775087987.146199
Thu Apr  2 08:59:47 JST 2026: Posted to Slack: ¥45900
Thu Apr  2 09:29:47 JST 2026: Current lowest PSA10 = ¥45900 (prev: 45900)
✅ Sent via Slack. Message ID: 1775089791.057459
Thu Apr  2 09:29:51 JST 2026: Posted to Slack: ¥45900
Thu Apr  2 09:59:51 JST 2026: Current lowest PSA10 = ¥45900 (prev: 45900)
✅ Sent via Slack. Message ID: 1775091595.067759
Thu Apr  2 09:59:55 JST 2026: Posted to Slack: ¥45900
Thu Apr  2 10:29:55 JST 2026: Current lowest PSA10 = ¥45899 (prev: 45900)
✅ Sent via Slack. Message ID: 1775093399.171389
Thu Apr  2 10:29:59 JST 2026: Posted to Slack: ¥45899
Thu Apr  2 10:59:59 JST 2026: Current lowest PSA10 = ¥45899 (prev: 45899)
✅ Sent via Slack. Message ID: 1775095203.960689
Thu Apr  2 11:00:04 JST 2026: Posted to Slack: ¥45899
Thu Apr  2 11:30:04 JST 2026: Current lowest PSA10 = ¥45899 (prev: 45899)
✅ Sent via Slack. Message ID: 1775097008.880359
Thu Apr  2 11:30:08 JST 2026: Posted to Slack: ¥45899
Thu Apr  2 12:00:09 JST 2026: Current lowest PSA10 = ¥45899 (prev: 45899)
✅ Sent via Slack. Message ID: 1775098813.000939
Thu Apr  2 12:00:13 JST 2026: Posted to Slack: ¥45899
Thu Apr  2 12:30:13 JST 2026: Current lowest PSA10 = ¥45899 (prev: 45899)
✅ Sent via Slack. Message ID: 1775100616.891049
Thu Apr  2 12:30:16 JST 2026: Posted to Slack: ¥45899
Thu Apr  2 13:00:17 JST 2026: Current lowest PSA10 = ¥45900 (prev: 45899)
✅ Sent via Slack. Message ID: 1775102421.018309
Thu Apr  2 13:00:21 JST 2026: Posted to Slack: ¥45900
Thu Apr  2 13:30:21 JST 2026: Current lowest PSA10 = ¥45900 (prev: 45900)
✅ Sent via Slack. Message ID: 1775104225.085469
Thu Apr  2 13:30:25 JST 2026: Posted to Slack: ¥45900
Thu Apr  2 14:00:25 JST 2026: Current lowest PSA10 = ¥45900 (prev: 45900)
✅ Sent via Slack. Message ID: 1775106029.135749
Thu Apr  2 14:00:29 JST 2026: Posted to Slack: ¥45900
Thu Apr  2 14:30:29 JST 2026: Current lowest PSA10 = ¥45900 (prev: 45900)
✅ Sent via Slack. Message ID: 1775107833.213839
Thu Apr  2 14:30:33 JST 2026: Posted to Slack: ¥45900
Thu Apr  2 15:00:33 JST 2026: Current lowest PSA10 = ¥45900 (prev: 45900)
✅ Sent via Slack. Message ID: 1775109637.356069
Thu Apr  2 15:00:37 JST 2026: Posted to Slack: ¥45900
Thu Apr  2 15:30:37 JST 2026: Current lowest PSA10 = ¥45900 (prev: 45900)
✅ Sent via Slack. Message ID: 1775111441.309389
Thu Apr  2 15:30:41 JST 2026: Posted to Slack: ¥45900
Thu Apr  2 16:00:41 JST 2026: Current lowest PSA10 = ¥45000 (prev: 45900)
✅ Sent via Slack. Message ID: 1775113245.400449
Thu Apr  2 16:00:45 JST 2026: Posted to Slack: ¥45000
Thu Apr  2 16:30:45 JST 2026: Current lowest PSA10 = ¥45000 (prev: 45000)
✅ Sent via Slack. Message ID: 1775115049.706609
Thu Apr  2 16:30:49 JST 2026: Posted to Slack: ¥45000
Thu Apr  2 17:00:50 JST 2026: Current lowest PSA10 = ¥45000 (prev: 45000)
✅ Sent via Slack. Message ID: 1775116853.744469
Thu Apr  2 17:00:54 JST 2026: Posted to Slack: ¥45000
Thu Apr  2 17:30:54 JST 2026: Current lowest PSA10 = ¥45900 (prev: 45000)
✅ Sent via Slack. Message ID: 1775118658.220269
Thu Apr  2 17:30:58 JST 2026: Posted to Slack: ¥45900
Thu Apr  2 18:00:58 JST 2026: Current lowest PSA10 = ¥45500 (prev: 45900)
✅ Sent via Slack. Message ID: 1775120462.325289
Thu Apr  2 18:01:02 JST 2026: Posted to Slack: ¥45500
Thu Apr  2 18:31:02 JST 2026: Current lowest PSA10 = ¥45500 (prev: 45500)
✅ Sent via Slack. Message ID: 1775122266.371119
Thu Apr  2 18:31:06 JST 2026: Posted to Slack: ¥45500
Thu Apr  2 19:01:06 JST 2026: Current lowest PSA10 = ¥45500 (prev: 45500)
✅ Sent via Slack. Message ID: 1775124070.433359
Thu Apr  2 19:01:10 JST 2026: Posted to Slack: ¥45500
Thu Apr  2 19:31:10 JST 2026: Current lowest PSA10 = ¥45500 (prev: 45500)
✅ Sent via Slack. Message ID: 1775125874.539849
Thu Apr  2 19:31:14 JST 2026: Posted to Slack: ¥45500
Thu Apr  2 20:01:15 JST 2026: Current lowest PSA10 = ¥45500 (prev: 45500)
✅ Sent via Slack. Message ID: 1775127678.606349
Thu Apr  2 20:01:18 JST 2026: Posted to Slack: ¥45500
Thu Apr  2 20:31:18 JST 2026: Current lowest PSA10 = ¥45500 (prev: 45500)
✅ Sent via Slack. Message ID: 1775129482.685259
Thu Apr  2 20:31:22 JST 2026: Posted to Slack: ¥45500
Thu Apr  2 21:01:22 JST 2026: Current lowest PSA10 = ¥45300 (prev: 45500)
✅ Sent via Slack. Message ID: 1775131286.758099
Thu Apr  2 21:01:26 JST 2026: Posted to Slack: ¥45300
Thu Apr  2 21:31:27 JST 2026: Current lowest PSA10 = ¥45300 (prev: 45300)
✅ Sent via Slack. Message ID: 1775133090.668889
Thu Apr  2 21:31:30 JST 2026: Posted to Slack: ¥45300
Thu Apr  2 22:01:31 JST 2026: Current lowest PSA10 = ¥45500 (prev: 45300)
✅ Sent via Slack. Message ID: 1775134894.658469
Thu Apr  2 22:01:34 JST 2026: Posted to Slack: ¥45500
Thu Apr  2 22:31:35 JST 2026: Current lowest PSA10 = ¥45500 (prev: 45500)
✅ Sent via Slack. Message ID: 1775136698.633249
Thu Apr  2 22:31:38 JST 2026: Posted to Slack: ¥45500
Thu Apr  2 23:01:39 JST 2026: Current lowest PSA10 = ¥45500 (prev: 45500)
✅ Sent via Slack. Message ID: 1775138502.972449
Thu Apr  2 23:01:43 JST 2026: Posted to Slack: ¥45500
Thu Apr  2 23:31:43 JST 2026: Current lowest PSA10 = ¥45500 (prev: 45500)
✅ Sent via Slack. Message ID: 1775140306.942919
Thu Apr  2 23:31:47 JST 2026: Posted to Slack: ¥45500
Fri Apr  3 00:01:47 JST 2026: Current lowest PSA10 = ¥45500 (prev: 45500)
✅ Sent via Slack. Message ID: 1775142111.013429
Fri Apr  3 00:01:51 JST 2026: Posted to Slack: ¥45500
Fri Apr  3 00:31:51 JST 2026: Current lowest PSA10 = ¥45900 (prev: 45500)
✅ Sent via Slack. Message ID: 1775143915.194909
Fri Apr  3 00:31:55 JST 2026: Posted to Slack: ¥45900
Fri Apr  3 01:01:55 JST 2026: Current lowest PSA10 = ¥45900 (prev: 45900)
✅ Sent via Slack. Message ID: 1775145719.307389
Fri Apr  3 01:01:59 JST 2026: Posted to Slack: ¥45900
Fri Apr  3 01:31:59 JST 2026: Current lowest PSA10 = ¥45900 (prev: 45900)
✅ Sent via Slack. Message ID: 1775147523.400109
Fri Apr  3 01:32:03 JST 2026: Posted to Slack: ¥45900
Fri Apr  3 02:02:03 JST 2026: Current lowest PSA10 = ¥45900 (prev: 45900)
✅ Sent via Slack. Message ID: 1775149327.529979
Fri Apr  3 02:02:07 JST 2026: Posted to Slack: ¥45900
Fri Apr  3 02:32:07 JST 2026: Current lowest PSA10 = ¥45900 (prev: 45900)
✅ Sent via Slack. Message ID: 1775151131.629929
Fri Apr  3 02:32:11 JST 2026: Posted to Slack: ¥45900
Fri Apr  3 03:02:11 JST 2026: Current lowest PSA10 = ¥45900 (prev: 45900)
✅ Sent via Slack. Message ID: 1775152935.831149
Fri Apr  3 03:02:15 JST 2026: Posted to Slack: ¥45900
Fri Apr  3 03:32:16 JST 2026: Current lowest PSA10 = ¥45900 (prev: 45900)
✅ Sent via Slack. Message ID: 1775154739.920499
Fri Apr  3 03:32:20 JST 2026: Posted to Slack: ¥45900
Fri Apr  3 04:02:20 JST 2026: Current lowest PSA10 = ¥45900 (prev: 45900)
✅ Sent via Slack. Message ID: 1775156544.044669
Fri Apr  3 04:02:24 JST 2026: Posted to Slack: ¥45900
Fri Apr  3 04:32:24 JST 2026: Current lowest PSA10 = ¥45900 (prev: 45900)
✅ Sent via Slack. Message ID: 1775158348.101889
Fri Apr  3 04:32:28 JST 2026: Posted to Slack: ¥45900
Fri Apr  3 05:02:28 JST 2026: Current lowest PSA10 = ¥45900 (prev: 45900)
✅ Sent via Slack. Message ID: 1775160152.127479
Fri Apr  3 05:02:32 JST 2026: Posted to Slack: ¥45900
Fri Apr  3 05:32:32 JST 2026: Current lowest PSA10 = ¥45900 (prev: 45900)
✅ Sent via Slack. Message ID: 1775161956.194159
Fri Apr  3 05:32:36 JST 2026: Posted to Slack: ¥45900
Fri Apr  3 06:02:36 JST 2026: Current lowest PSA10 = ¥45900 (prev: 45900)
✅ Sent via Slack. Message ID: 1775163760.221119
Fri Apr  3 06:02:40 JST 2026: Posted to Slack: ¥45900
Fri Apr  3 06:32:40 JST 2026: Current lowest PSA10 = ¥45900 (prev: 45900)
✅ Sent via Slack. Message ID: 1775165564.362169
Fri Apr  3 06:32:44 JST 2026: Posted to Slack: ¥45900
Fri Apr  3 07:02:44 JST 2026: Current lowest PSA10 = ¥45900 (prev: 45900)
✅ Sent via Slack. Message ID: 1775167368.607529
Fri Apr  3 07:02:48 JST 2026: Posted to Slack: ¥45900
Fri Apr  3 07:32:49 JST 2026: Current lowest PSA10 = ¥45500 (prev: 45900)
✅ Sent via Slack. Message ID: 1775169172.599319
Fri Apr  3 07:32:52 JST 2026: Posted to Slack: ¥45500
Fri Apr  3 08:02:53 JST 2026: Current lowest PSA10 = ¥45500 (prev: 45500)
✅ Sent via Slack. Message ID: 1775170976.733939
Fri Apr  3 08:02:56 JST 2026: Posted to Slack: ¥45500
Fri Apr  3 08:32:57 JST 2026: Current lowest PSA10 = ¥45500 (prev: 45500)
✅ Sent via Slack. Message ID: 1775172780.687269
Fri Apr  3 08:33:00 JST 2026: Posted to Slack: ¥45500
Fri Apr  3 09:03:01 JST 2026: Current lowest PSA10 = ¥45500 (prev: 45500)
✅ Sent via Slack. Message ID: 1775174584.680869
Fri Apr  3 09:03:04 JST 2026: Posted to Slack: ¥45500
Fri Apr  3 09:33:05 JST 2026: Current lowest PSA10 = ¥45400 (prev: 45500)
✅ Sent via Slack. Message ID: 1775176388.769929
Fri Apr  3 09:33:08 JST 2026: Posted to Slack: ¥45400
Fri Apr  3 10:03:09 JST 2026: Current lowest PSA10 = ¥45400 (prev: 45400)
✅ Sent via Slack. Message ID: 1775178192.727239
Fri Apr  3 10:03:12 JST 2026: Posted to Slack: ¥45400
Fri Apr  3 10:33:13 JST 2026: Current lowest PSA10 = ¥45900 (prev: 45400)
✅ Sent via Slack. Message ID: 1775179996.791469
Fri Apr  3 10:33:16 JST 2026: Posted to Slack: ¥45900
Fri Apr  3 11:03:17 JST 2026: Current lowest PSA10 = ¥45900 (prev: 45900)
✅ Sent via Slack. Message ID: 1775181800.818789
Fri Apr  3 11:03:21 JST 2026: Posted to Slack: ¥45900
Fri Apr  3 11:33:21 JST 2026: Current lowest PSA10 = ¥45900 (prev: 45900)
✅ Sent via Slack. Message ID: 1775183604.785239
Fri Apr  3 11:33:25 JST 2026: Posted to Slack: ¥45900
Fri Apr  3 12:03:29 JST 2026: Current lowest PSA10 = ¥45900 (prev: 45900)
✅ Sent via Slack. Message ID: 1775185433.725749
Fri Apr  3 12:03:53 JST 2026: Posted to Slack: ¥45900
Fri Apr  3 12:33:54 JST 2026: Current lowest PSA10 = ¥45900 (prev: 45900)
✅ Sent via Slack. Message ID: 1775187237.768939
Fri Apr  3 12:33:57 JST 2026: Posted to Slack: ¥45900
Fri Apr  3 13:03:58 JST 2026: Current lowest PSA10 = ¥45900 (prev: 45900)
✅ Sent via Slack. Message ID: 1775189041.866429
Fri Apr  3 13:04:02 JST 2026: Posted to Slack: ¥45900
Fri Apr  3 13:34:00 JST 2026: Current lowest PSA10 = ¥45900 (prev: 45900)
✅ Sent via Slack. Message ID: 1775190873.291539
Fri Apr  3 13:34:29 JST 2026: Posted to Slack: ¥45900
Fri Apr  3 14:04:33 JST 2026: Current lowest PSA10 = ¥45900 (prev: 45900)
✅ Sent via Slack. Message ID: 1775192677.236429
Fri Apr  3 14:04:37 JST 2026: Posted to Slack: ¥45900
Fri Apr  3 14:34:37 JST 2026: Current lowest PSA10 = ¥45900 (prev: 45900)
✅ Sent via Slack. Message ID: 1775194481.155749
Fri Apr  3 14:34:41 JST 2026: Posted to Slack: ¥45900
Fri Apr  3 15:04:46 JST 2026: Current lowest PSA10 = ¥45500 (prev: 45900)
✅ Sent via Slack. Message ID: 1775196313.948559
Fri Apr  3 15:05:13 JST 2026: Posted to Slack: ¥45500
Fri Apr  3 15:35:14 JST 2026: Current lowest PSA10 = ¥45500 (prev: 45500)
✅ Sent via Slack. Message ID: 1775198117.954479
Fri Apr  3 15:35:18 JST 2026: Posted to Slack: ¥45500
Fri Apr  3 16:05:18 JST 2026: Current lowest PSA10 = ¥45490 (prev: 45500)
✅ Sent via Slack. Message ID: 1775199922.084319
Fri Apr  3 16:05:22 JST 2026: Posted to Slack: ¥45490
Fri Apr  3 16:35:22 JST 2026: Current lowest PSA10 = ¥45490 (prev: 45490)
✅ Sent via Slack. Message ID: 1775201726.114429
Fri Apr  3 16:35:26 JST 2026: Posted to Slack: ¥45490
Fri Apr  3 17:05:26 JST 2026: Current lowest PSA10 = ¥45490 (prev: 45490)
✅ Sent via Slack. Message ID: 1775203530.085089
Fri Apr  3 17:05:30 JST 2026: Posted to Slack: ¥45490
Fri Apr  3 17:35:30 JST 2026: Current lowest PSA10 = ¥45490 (prev: 45490)
✅ Sent via Slack. Message ID: 1775205334.181369
Fri Apr  3 17:35:34 JST 2026: Posted to Slack: ¥45490
Fri Apr  3 18:05:34 JST 2026: Current lowest PSA10 = ¥45490 (prev: 45490)
✅ Sent via Slack. Message ID: 1775207138.190209
Fri Apr  3 18:05:38 JST 2026: Posted to Slack: ¥45490
Fri Apr  3 18:35:38 JST 2026: Current lowest PSA10 = ¥45490 (prev: 45490)
✅ Sent via Slack. Message ID: 1775208942.384749
Fri Apr  3 18:35:42 JST 2026: Posted to Slack: ¥45490
Fri Apr  3 19:05:42 JST 2026: Current lowest PSA10 = ¥45500 (prev: 45490)
✅ Sent via Slack. Message ID: 1775210746.371079
Fri Apr  3 19:05:46 JST 2026: Posted to Slack: ¥45500
Fri Apr  3 19:35:46 JST 2026: Current lowest PSA10 = ¥45500 (prev: 45500)
✅ Sent via Slack. Message ID: 1775212550.339949
Fri Apr  3 19:35:50 JST 2026: Posted to Slack: ¥45500
Fri Apr  3 20:05:50 JST 2026: Current lowest PSA10 = ¥45500 (prev: 45500)
✅ Sent via Slack. Message ID: 1775214354.376849
Fri Apr  3 20:05:54 JST 2026: Posted to Slack: ¥45500
Fri Apr  3 20:35:57 JST 2026: Current lowest PSA10 = ¥45500 (prev: 45500)
✅ Sent via Slack. Message ID: 1775216170.619039
Fri Apr  3 20:36:10 JST 2026: Posted to Slack: ¥45500
Fri Apr  3 21:06:11 JST 2026: Current lowest PSA10 = ¥45400 (prev: 45500)
✅ Sent via Slack. Message ID: 1775217974.741039
Fri Apr  3 21:06:14 JST 2026: Posted to Slack: ¥45400
Fri Apr  3 21:36:15 JST 2026: Current lowest PSA10 = ¥45400 (prev: 45400)
✅ Sent via Slack. Message ID: 1775219778.646749
Fri Apr  3 21:36:18 JST 2026: Posted to Slack: ¥45400
Fri Apr  3 22:06:21 JST 2026: Current lowest PSA10 = ¥46000 (prev: 45400)
✅ Sent via Slack. Message ID: 1775221610.664349
Fri Apr  3 22:06:50 JST 2026: Posted to Slack: ¥46000
Fri Apr  3 22:36:51 JST 2026: Current lowest PSA10 = ¥46000 (prev: 46000)
✅ Sent via Slack. Message ID: 1775223414.578199
Fri Apr  3 22:36:54 JST 2026: Posted to Slack: ¥46000
Fri Apr  3 23:06:55 JST 2026: Current lowest PSA10 = ¥46000 (prev: 46000)
✅ Sent via Slack. Message ID: 1775225218.830079
Fri Apr  3 23:06:59 JST 2026: Posted to Slack: ¥46000
Fri Apr  3 23:37:02 JST 2026: Current lowest PSA10 = ¥46000 (prev: 46000)
✅ Sent via Slack. Message ID: 1775227050.255339
Fri Apr  3 23:37:30 JST 2026: Posted to Slack: ¥46000
Sat Apr  4 00:07:30 JST 2026: Current lowest PSA10 = ¥46000 (prev: 46000)
✅ Sent via Slack. Message ID: 1775228854.140309
Sat Apr  4 00:07:34 JST 2026: Posted to Slack: ¥46000
Sat Apr  4 00:37:34 JST 2026: Current lowest PSA10 = ¥46000 (prev: 46000)
✅ Sent via Slack. Message ID: 1775230658.016429
Sat Apr  4 00:37:38 JST 2026: Posted to Slack: ¥46000
Sat Apr  4 01:07:38 JST 2026: Current lowest PSA10 = ¥46000 (prev: 46000)
✅ Sent via Slack. Message ID: 1775232461.773769
Sat Apr  4 01:07:41 JST 2026: Posted to Slack: ¥46000
Sat Apr  4 01:37:42 JST 2026: Current lowest PSA10 = ¥46000 (prev: 46000)
✅ Sent via Slack. Message ID: 1775234265.463769
Sat Apr  4 01:37:45 JST 2026: Posted to Slack: ¥46000
Sat Apr  4 02:07:45 JST 2026: Current lowest PSA10 = ¥46000 (prev: 46000)
✅ Sent via Slack. Message ID: 1775236069.411489
Sat Apr  4 02:07:49 JST 2026: Posted to Slack: ¥46000
Sat Apr  4 02:37:49 JST 2026: Current lowest PSA10 = ¥46000 (prev: 46000)
✅ Sent via Slack. Message ID: 1775237872.164729
Sat Apr  4 02:37:52 JST 2026: Posted to Slack: ¥46000
Sat Apr  4 03:07:52 JST 2026: Current lowest PSA10 = ¥46000 (prev: 46000)
✅ Sent via Slack. Message ID: 1775239676.140659
Sat Apr  4 03:07:56 JST 2026: Posted to Slack: ¥46000
Sat Apr  4 03:37:56 JST 2026: Current lowest PSA10 = ¥46000 (prev: 46000)
✅ Sent via Slack. Message ID: 1775241480.151049
Sat Apr  4 03:38:00 JST 2026: Posted to Slack: ¥46000
Sat Apr  4 04:08:00 JST 2026: Current lowest PSA10 = ¥46000 (prev: 46000)
✅ Sent via Slack. Message ID: 1775243283.982069
Sat Apr  4 04:08:04 JST 2026: Posted to Slack: ¥46000
Sat Apr  4 04:38:04 JST 2026: Current lowest PSA10 = ¥46000 (prev: 46000)
✅ Sent via Slack. Message ID: 1775245087.830309
Sat Apr  4 04:38:08 JST 2026: Posted to Slack: ¥46000
Sat Apr  4 05:08:11 JST 2026: Current lowest PSA10 = ¥46000 (prev: 46000)
✅ Sent via Slack. Message ID: 1775246907.643889
Sat Apr  4 05:08:27 JST 2026: Posted to Slack: ¥46000
Sat Apr  4 05:38:28 JST 2026: Current lowest PSA10 = ¥46000 (prev: 46000)
✅ Sent via Slack. Message ID: 1775248711.378659
Sat Apr  4 05:38:31 JST 2026: Posted to Slack: ¥46000
Sat Apr  4 06:08:31 JST 2026: Current lowest PSA10 = ¥46000 (prev: 46000)
✅ Sent via Slack. Message ID: 1775250515.302679
Sat Apr  4 06:08:35 JST 2026: Posted to Slack: ¥46000
Sat Apr  4 06:38:36 JST 2026: Current lowest PSA10 = ¥46000 (prev: 46000)
✅ Sent via Slack. Message ID: 1775252348.215999
Sat Apr  4 06:39:08 JST 2026: Posted to Slack: ¥46000
Sat Apr  4 07:09:08 JST 2026: Current lowest PSA10 = ¥46000 (prev: 46000)
✅ Sent via Slack. Message ID: 1775254152.103599
Sat Apr  4 07:09:12 JST 2026: Posted to Slack: ¥46000
Sat Apr  4 07:39:12 JST 2026: Current lowest PSA10 = ¥46000 (prev: 46000)
✅ Sent via Slack. Message ID: 1775255955.919869
Sat Apr  4 07:39:16 JST 2026: Posted to Slack: ¥46000
Sat Apr  4 08:09:17 JST 2026: Current lowest PSA10 = ¥46000 (prev: 46000)
✅ Sent via Slack. Message ID: 1775257787.683769
Sat Apr  4 08:09:47 JST 2026: Posted to Slack: ¥46000
Sat Apr  4 08:39:48 JST 2026: Current lowest PSA10 = ¥46000 (prev: 46000)
✅ Sent via Slack. Message ID: 1775259591.399739
Sat Apr  4 08:39:51 JST 2026: Posted to Slack: ¥46000
Sat Apr  4 09:09:51 JST 2026: Current lowest PSA10 = ¥46000 (prev: 46000)
✅ Sent via Slack. Message ID: 1775261395.154629
Sat Apr  4 09:09:55 JST 2026: Posted to Slack: ¥46000
Sat Apr  4 09:39:56 JST 2026: Current lowest PSA10 = ¥46000 (prev: 46000)
✅ Sent via Slack. Message ID: 1775263227.447659
Sat Apr  4 09:40:27 JST 2026: Posted to Slack: ¥46000
Sat Apr  4 10:10:27 JST 2026: Current lowest PSA10 = ¥46000 (prev: 46000)
✅ Sent via Slack. Message ID: 1775265031.217559
Sat Apr  4 10:10:31 JST 2026: Posted to Slack: ¥46000
